scenario,test_index,max_score,q_joint
Stationary,0,2.0748221356702357,2.398490893165892
Stationary,1,1.3510327826446762,2.398490893165892
Stationary,2,1.3204794635327035,2.398490893165892
Stationary,3,1.4033467516741405,2.398490893165892
Stationary,4,1.4295770192116206,2.398490893165892
Stationary,5,1.2798675140278026,2.398490893165892
Stationary,6,1.9647380705053736,2.398490893165892
Stationary,7,2.2660683754920217,2.398490893165892
Stationary,8,1.3627267213724892,2.398490893165892
Stationary,9,1.7621951603708643,2.398490893165892
Stationary,10,0.8430187656846799,2.398490893165892
Stationary,11,1.3252052901571139,2.398490893165892
Stationary,12,2.19816027379839,2.398490893165892
Stationary,13,1.6625570857958583,2.398490893165892
Stationary,14,1.5588997138833032,2.398490893165892
Stationary,15,1.7665251896692546,2.398490893165892
Stationary,16,1.2993253665883269,2.398490893165892
Stationary,17,1.1920832434958093,2.398490893165892
Stationary,18,1.9116023020307524,2.398490893165892
Stationary,19,1.6793883201168502,2.398490893165892
Stationary,20,2.097602271222563,2.398490893165892
Stationary,21,1.9417481133373797,2.398490893165892
Stationary,22,2.2919441382197494,2.398490893165892
Stationary,23,1.7442323881202328,2.398490893165892
Stationary,24,2.289751922381538,2.398490893165892
Stationary,25,2.234623203134905,2.398490893165892
Stationary,26,1.1176912779717985,2.398490893165892
Stationary,27,1.096780446324622,2.398490893165892
Stationary,28,1.6418220390249938,2.398490893165892
Stationary,29,1.4742799238779478,2.398490893165892
Stationary,30,1.2632101601031214,2.398490893165892
Stationary,31,2.043612084769787,2.398490893165892
Stationary,32,1.3036721602776569,2.398490893165892
Stationary,33,1.7363257893985615,2.398490893165892
Stationary,34,1.1751205312238722,2.398490893165892
Stationary,35,1.1033131357193566,2.398490893165892
Stationary,36,1.3293475735448201,2.398490893165892
Stationary,37,1.4354438286958133,2.398490893165892
Stationary,38,2.031157960342382,2.398490893165892
Stationary,39,2.8234042098343735,2.398490893165892
Stationary,40,1.1612189380902886,2.398490893165892
Stationary,41,1.9196944298543768,2.398490893165892
Stationary,42,0.9056856258634771,2.398490893165892
Stationary,43,1.5766609823774558,2.398490893165892
Stationary,44,1.2797319880134317,2.398490893165892
Stationary,45,2.3673025249222976,2.398490893165892
Stationary,46,2.3101343184900998,2.398490893165892
Stationary,47,2.077095084493946,2.398490893165892
Stationary,48,1.0463950599993148,2.398490893165892
Stationary,49,1.4448897337110918,2.398490893165892
Stationary,50,1.0032428124137267,2.398490893165892
Stationary,51,1.287615534394725,2.398490893165892
Stationary,52,1.6915453996256529,2.398490893165892
Stationary,53,1.639743797675379,2.398490893165892
Stationary,54,2.3746103902497375,2.398490893165892
Stationary,55,1.8308107631155053,2.398490893165892
Stationary,56,1.9714034093760775,2.398490893165892
Stationary,57,2.3771681579393444,2.398490893165892
Stationary,58,0.9491022807272492,2.398490893165892
Stationary,59,1.5429490669394497,2.398490893165892
Stationary,60,0.8318020158860816,2.398490893165892
Stationary,61,1.4348656887758928,2.398490893165892
Stationary,62,1.8082491831345568,2.398490893165892
Stationary,63,2.1085805651552167,2.398490893165892
Stationary,64,1.0408806431533717,2.398490893165892
Stationary,65,1.1375215331944695,2.398490893165892
Stationary,66,1.3884025561505824,2.398490893165892
Stationary,67,1.6966893916816037,2.398490893165892
Stationary,68,1.7172449197799116,2.398490893165892
Stationary,69,2.231231367390364,2.398490893165892
Stationary,70,1.6034507359490247,2.398490893165892
Stationary,71,0.8722695998138262,2.398490893165892
Stationary,72,0.8606288044782745,2.398490893165892
Stationary,73,1.875465142773155,2.398490893165892
Stationary,74,2.4971594298014512,2.398490893165892
Stationary,75,1.970381587563738,2.398490893165892
Stationary,76,1.2216595665967172,2.398490893165892
Stationary,77,1.397178603306438,2.398490893165892
Stationary,78,1.4403983001181375,2.398490893165892
Stationary,79,1.84191592868649,2.398490893165892
Stationary,80,1.0841434825043308,2.398490893165892
Stationary,81,1.74043601387749,2.398490893165892
Stationary,82,1.833765977996424,2.398490893165892
Stationary,83,1.1168976150935475,2.398490893165892
Stationary,84,1.2294628405473182,2.398490893165892
Stationary,85,1.8210395451143946,2.398490893165892
Stationary,86,1.0459854219598432,2.398490893165892
Stationary,87,1.739197588552964,2.398490893165892
Stationary,88,2.435114342643798,2.398490893165892
Stationary,89,0.7295421551847326,2.398490893165892
Stationary,90,1.2983177169730915,2.398490893165892
Stationary,91,1.3529852841446972,2.398490893165892
Stationary,92,1.7475176287075322,2.398490893165892
Stationary,93,1.0794577293429977,2.398490893165892
Stationary,94,1.855859195464921,2.398490893165892
Stationary,95,1.901619071643803,2.398490893165892
Stationary,96,2.270008652203207,2.398490893165892
Stationary,97,2.331058445448547,2.398490893165892
Stationary,98,2.031119845637704,2.398490893165892
Stationary,99,1.3582139968905476,2.398490893165892
Stationary,100,1.4412382984859045,2.398490893165892
Stationary,101,2.675045099651018,2.398490893165892
Stationary,102,1.9092097009441893,2.398490893165892
Stationary,103,2.1978667366232285,2.398490893165892
Stationary,104,1.041450825596992,2.398490893165892
Stationary,105,2.072563201913399,2.398490893165892
Stationary,106,0.9350062811400048,2.398490893165892
Stationary,107,2.958281985690849,2.398490893165892
Stationary,108,1.5058581643488143,2.398490893165892
Stationary,109,1.428706289282935,2.398490893165892
Stationary,110,1.7441616085941976,2.398490893165892
Stationary,111,2.0860865233291106,2.398490893165892
Stationary,112,1.0384670845658195,2.398490893165892
Stationary,113,1.4954337088543297,2.398490893165892
Stationary,114,1.2189775397931595,2.398490893165892
Stationary,115,2.143381074128292,2.398490893165892
Stationary,116,0.7432347141023723,2.398490893165892
Stationary,117,1.8709398630474865,2.398490893165892
Stationary,118,1.2097636140314116,2.398490893165892
Stationary,119,1.6012081782640086,2.398490893165892
Stationary,120,2.4394063244754705,2.398490893165892
Stationary,121,1.612070550423208,2.398490893165892
Stationary,122,1.6694039991231395,2.398490893165892
Stationary,123,0.8686474212037846,2.398490893165892
Stationary,124,1.683582874653311,2.398490893165892
Stationary,125,2.3449808886461154,2.398490893165892
Stationary,126,0.9197144752939559,2.398490893165892
Stationary,127,1.7306996565297064,2.398490893165892
Stationary,128,2.177745451935451,2.398490893165892
Stationary,129,1.3316959826262058,2.398490893165892
Stationary,130,2.044104992753743,2.398490893165892
Stationary,131,2.2306901481952663,2.398490893165892
Stationary,132,1.2862023374147362,2.398490893165892
Stationary,133,1.6454714476628345,2.398490893165892
Stationary,134,1.9635374924089135,2.398490893165892
Stationary,135,1.7012295347743591,2.398490893165892
Stationary,136,1.220169887208371,2.398490893165892
Stationary,137,1.7564469361388737,2.398490893165892
Stationary,138,1.2609058865631755,2.398490893165892
Stationary,139,2.055178838671687,2.398490893165892
Stationary,140,1.2935998500975834,2.398490893165892
Stationary,141,1.2027083634788305,2.398490893165892
Stationary,142,1.285511466360326,2.398490893165892
Stationary,143,1.2738789212773112,2.398490893165892
Stationary,144,2.7930227444217883,2.398490893165892
Stationary,145,1.2978659380540003,2.398490893165892
Stationary,146,1.6689481007343998,2.398490893165892
Stationary,147,2.2643745059836813,2.398490893165892
Stationary,148,1.2842450434611459,2.398490893165892
Stationary,149,1.1262070778464845,2.398490893165892
Stationary,150,0.4810269646152295,2.398490893165892
Stationary,151,1.6692463276371696,2.398490893165892
Stationary,152,1.1915514499131905,2.398490893165892
Stationary,153,1.8987853388183473,2.398490893165892
Stationary,154,1.6022237039613012,2.398490893165892
Stationary,155,2.235252795592059,2.398490893165892
Stationary,156,0.7728972605726822,2.398490893165892
Stationary,157,1.342612796456069,2.398490893165892
Stationary,158,1.5843595906035222,2.398490893165892
Stationary,159,2.399443072761417,2.398490893165892
Stationary,160,1.1366355506693697,2.398490893165892
Stationary,161,1.7798636577011038,2.398490893165892
Stationary,162,2.497793670780987,2.398490893165892
Stationary,163,1.0880749700638288,2.398490893165892
Stationary,164,1.9926457326378748,2.398490893165892
Stationary,165,1.5865575476511948,2.398490893165892
Stationary,166,1.4552236817991346,2.398490893165892
Stationary,167,1.2516491799611316,2.398490893165892
Stationary,168,2.158619845360199,2.398490893165892
Stationary,169,1.693572907250862,2.398490893165892
Stationary,170,1.3048834791295423,2.398490893165892
Stationary,171,0.5816175080324654,2.398490893165892
Stationary,172,2.425941539752507,2.398490893165892
Stationary,173,1.5134093156712458,2.398490893165892
Stationary,174,2.1278904775143284,2.398490893165892
Stationary,175,1.5668425318331607,2.398490893165892
Stationary,176,1.6220119465392815,2.398490893165892
Stationary,177,2.2454249225290566,2.398490893165892
Stationary,178,1.548360333557806,2.398490893165892
Stationary,179,2.1072612988226234,2.398490893165892
Stationary,180,1.3074514115745801,2.398490893165892
Stationary,181,1.6385668103286053,2.398490893165892
Stationary,182,0.8304049012765871,2.398490893165892
Stationary,183,0.9009907898841826,2.398490893165892
Stationary,184,2.038860065195965,2.398490893165892
Stationary,185,1.543254106824822,2.398490893165892
Stationary,186,1.7240770548686182,2.398490893165892
Stationary,187,1.4231033452127164,2.398490893165892
Stationary,188,2.2784909831023064,2.398490893165892
Stationary,189,3.145204325794785,2.398490893165892
Stationary,190,2.603925497617522,2.398490893165892
Stationary,191,1.899818936299331,2.398490893165892
Stationary,192,1.7079432174852334,2.398490893165892
Stationary,193,2.6821361554705474,2.398490893165892
Stationary,194,1.591477256328526,2.398490893165892
Stationary,195,2.470625468998645,2.398490893165892
Stationary,196,1.3776866090727107,2.398490893165892
Stationary,197,0.8795663174618381,2.398490893165892
Stationary,198,2.1089249887320802,2.398490893165892
Stationary,199,1.8282220654635766,2.398490893165892
Stationary,200,1.2247323957301628,2.398490893165892
Stationary,201,1.731262623166171,2.398490893165892
Stationary,202,1.2919948938211514,2.398490893165892
Stationary,203,2.4100625497804313,2.398490893165892
Stationary,204,0.7371119280958587,2.398490893165892
Stationary,205,1.4344702121709574,2.398490893165892
Stationary,206,1.9047160916766233,2.398490893165892
Stationary,207,0.6683184622001189,2.398490893165892
Stationary,208,2.4021140323972734,2.398490893165892
Stationary,209,1.8442826204016098,2.398490893165892
Stationary,210,2.4730239892809003,2.398490893165892
Stationary,211,1.7451929276505576,2.398490893165892
Stationary,212,0.7470642866057187,2.398490893165892
Stationary,213,1.072528332967019,2.398490893165892
Stationary,214,1.2855338568890193,2.398490893165892
Stationary,215,1.9643956226611463,2.398490893165892
Stationary,216,0.8102408748060308,2.398490893165892
Stationary,217,0.730003265707559,2.398490893165892
Stationary,218,1.940991813151571,2.398490893165892
Stationary,219,2.9831862465222097,2.398490893165892
Stationary,220,1.5030867710677296,2.398490893165892
Stationary,221,1.863185262384055,2.398490893165892
Stationary,222,1.9189570879736888,2.398490893165892
Stationary,223,2.101477813304984,2.398490893165892
Stationary,224,1.1523457917391373,2.398490893165892
Stationary,225,0.9577775959809198,2.398490893165892
Stationary,226,1.2246680758866406,2.398490893165892
Stationary,227,0.702438313639657,2.398490893165892
Stationary,228,1.8340242839084628,2.398490893165892
Stationary,229,2.2501626190741173,2.398490893165892
Stationary,230,2.509626189345624,2.398490893165892
Stationary,231,1.0643882060352055,2.398490893165892
Stationary,232,2.3736784739420593,2.398490893165892
Stationary,233,1.7236607540965971,2.398490893165892
Stationary,234,2.5928288220388263,2.398490893165892
Stationary,235,1.4933609520253137,2.398490893165892
Stationary,236,1.6815327220036305,2.398490893165892
Stationary,237,1.3869174164702496,2.398490893165892
Stationary,238,1.648520939560577,2.398490893165892
Stationary,239,0.9417979037463161,2.398490893165892
Stationary,240,1.027231723004184,2.398490893165892
Stationary,241,0.8372531080252773,2.398490893165892
Stationary,242,2.3231992441621134,2.398490893165892
Stationary,243,1.790911688539737,2.398490893165892
Stationary,244,1.6306437262125462,2.398490893165892
Stationary,245,2.4300214113266123,2.398490893165892
Stationary,246,2.4503206462003693,2.398490893165892
Stationary,247,1.5707716672638676,2.398490893165892
Stationary,248,2.549387429565615,2.398490893165892
Stationary,249,1.5561507120203213,2.398490893165892
Stationary,250,1.5310310835049898,2.398490893165892
Stationary,251,3.1281082252313954,2.398490893165892
Stationary,252,1.8363040697054491,2.398490893165892
Stationary,253,1.7832656157719073,2.398490893165892
Stationary,254,2.56993575655185,2.398490893165892
Stationary,255,1.1730707783988796,2.398490893165892
Stationary,256,1.5160242745722754,2.398490893165892
Stationary,257,1.2485290382174743,2.398490893165892
Stationary,258,1.7860038813026942,2.398490893165892
Stationary,259,2.276490510672754,2.398490893165892
Stationary,260,1.3965500224187468,2.398490893165892
Stationary,261,2.3457973909387007,2.398490893165892
Stationary,262,1.6649901250049919,2.398490893165892
Stationary,263,1.8081330012095453,2.398490893165892
Stationary,264,1.6709576204711032,2.398490893165892
Stationary,265,0.948389626114082,2.398490893165892
Stationary,266,2.404046268779788,2.398490893165892
Stationary,267,1.2393671518114513,2.398490893165892
Stationary,268,2.147088268867443,2.398490893165892
Stationary,269,1.494820737254028,2.398490893165892
Stationary,270,1.940486275827105,2.398490893165892
Stationary,271,2.040312463056505,2.398490893165892
Stationary,272,1.687786457262618,2.398490893165892
Stationary,273,1.7474121977461012,2.398490893165892
Stationary,274,1.5513563322289181,2.398490893165892
Stationary,275,1.3793276937430452,2.398490893165892
Stationary,276,1.6838954661866863,2.398490893165892
Stationary,277,0.7921240755656684,2.398490893165892
Stationary,278,2.2138002703271447,2.398490893165892
Stationary,279,1.6752300074263549,2.398490893165892
Stationary,280,0.9959597503019239,2.398490893165892
Stationary,281,1.2046393075738584,2.398490893165892
Stationary,282,1.842382441477806,2.398490893165892
Stationary,283,1.0418969769399846,2.398490893165892
Stationary,284,1.545833972478379,2.398490893165892
Stationary,285,1.5504559958578767,2.398490893165892
Stationary,286,1.5258926192758901,2.398490893165892
Stationary,287,1.9705817305176416,2.398490893165892
Stationary,288,1.942318208171311,2.398490893165892
Stationary,289,1.6662890773513923,2.398490893165892
Stationary,290,0.6662638066320004,2.398490893165892
Stationary,291,1.2028442573833278,2.398490893165892
Stationary,292,3.4235250004841524,2.398490893165892
Stationary,293,2.4005123158693173,2.398490893165892
Stationary,294,1.920288619622054,2.398490893165892
Stationary,295,1.3573727899190322,2.398490893165892
Stationary,296,2.3325768154854103,2.398490893165892
Stationary,297,2.4263906744962096,2.398490893165892
Stationary,298,1.71339271376073,2.398490893165892
Stationary,299,2.188164145956307,2.398490893165892
Stationary,300,1.9341040050976381,2.398490893165892
Stationary,301,1.504709630576041,2.398490893165892
Stationary,302,1.2461592706539324,2.398490893165892
Stationary,303,1.3653292786982072,2.398490893165892
Stationary,304,1.6680575624211138,2.398490893165892
Stationary,305,1.7743757166150564,2.398490893165892
Stationary,306,1.779023627227946,2.398490893165892
Stationary,307,1.432399629915256,2.398490893165892
Stationary,308,1.7468875602856182,2.398490893165892
Stationary,309,2.6530447286515213,2.398490893165892
Stationary,310,1.1988725708067636,2.398490893165892
Stationary,311,0.661398960175301,2.398490893165892
Stationary,312,2.768415272153277,2.398490893165892
Stationary,313,1.3517601560767463,2.398490893165892
Stationary,314,1.562178245812077,2.398490893165892
Stationary,315,2.687006431104494,2.398490893165892
Stationary,316,1.4658184524354276,2.398490893165892
Stationary,317,1.4547688142682071,2.398490893165892
Stationary,318,1.3548760547414198,2.398490893165892
Stationary,319,2.8270446635702102,2.398490893165892
Stationary,320,1.6520493255931923,2.398490893165892
Stationary,321,1.1450203165427277,2.398490893165892
Stationary,322,1.6517339696671696,2.398490893165892
Stationary,323,1.8011423217347593,2.398490893165892
Stationary,324,1.5139637283712737,2.398490893165892
Stationary,325,1.3465950538414369,2.398490893165892
Stationary,326,2.045477708953118,2.398490893165892
Stationary,327,1.6965313390091752,2.398490893165892
Stationary,328,2.622405773484713,2.398490893165892
Stationary,329,1.6383256751683017,2.398490893165892
Stationary,330,1.7972889201435442,2.398490893165892
Stationary,331,1.5155391527650002,2.398490893165892
Stationary,332,0.9514887989179621,2.398490893165892
Stationary,333,2.6705485271202773,2.398490893165892
Stationary,334,1.5113223856988467,2.398490893165892
Stationary,335,2.2711673873594016,2.398490893165892
Stationary,336,1.512096253659663,2.398490893165892
Stationary,337,0.6702755755508473,2.398490893165892
Stationary,338,1.887366050346515,2.398490893165892
Stationary,339,1.5137813328139578,2.398490893165892
Stationary,340,1.4695215723027668,2.398490893165892
Stationary,341,1.7142732433037373,2.398490893165892
Stationary,342,1.996794550680966,2.398490893165892
Stationary,343,2.4884777462374066,2.398490893165892
Stationary,344,1.5405296960250887,2.398490893165892
Stationary,345,2.3373571490630343,2.398490893165892
Stationary,346,3.6539009331936203,2.398490893165892
Stationary,347,1.3115148749374435,2.398490893165892
Stationary,348,1.9741779484419562,2.398490893165892
Stationary,349,3.0690437037797884,2.398490893165892
Stationary,350,1.7934928708502724,2.398490893165892
Stationary,351,1.2840834347584165,2.398490893165892
Stationary,352,2.6842239016563165,2.398490893165892
Stationary,353,1.9326973878391815,2.398490893165892
Stationary,354,2.1084738902198827,2.398490893165892
Stationary,355,1.438451768417957,2.398490893165892
Stationary,356,1.659320159516458,2.398490893165892
Stationary,357,2.0082330434557543,2.398490893165892
Stationary,358,1.8037004183596737,2.398490893165892
Stationary,359,1.4485417717944455,2.398490893165892
Stationary,360,0.7687792615266492,2.398490893165892
Stationary,361,2.375310498113533,2.398490893165892
Stationary,362,1.6005199529284453,2.398490893165892
Stationary,363,1.2768955192854776,2.398490893165892
Stationary,364,1.4138818630240142,2.398490893165892
Stationary,365,1.2996105515935874,2.398490893165892
Stationary,366,1.27077792970737,2.398490893165892
Stationary,367,0.9922855261474591,2.398490893165892
Stationary,368,1.9149214045831808,2.398490893165892
Stationary,369,1.8895904461085764,2.398490893165892
Stationary,370,1.2701296271071216,2.398490893165892
Stationary,371,1.067724565828827,2.398490893165892
Stationary,372,0.8955111676054196,2.398490893165892
Stationary,373,2.0118598472752915,2.398490893165892
Stationary,374,2.456200089656841,2.398490893165892
Stationary,375,1.8076522618197133,2.398490893165892
Stationary,376,1.4224939443442586,2.398490893165892
Stationary,377,1.0928376229168482,2.398490893165892
Stationary,378,1.5536572641928872,2.398490893165892
Stationary,379,3.154828185758587,2.398490893165892
Stationary,380,1.7734386775785405,2.398490893165892
Stationary,381,2.181545378212571,2.398490893165892
Stationary,382,2.7278320195070314,2.398490893165892
Stationary,383,1.460461428704344,2.398490893165892
Stationary,384,1.3322606526500795,2.398490893165892
Stationary,385,1.2887870082022352,2.398490893165892
Stationary,386,2.408177241042224,2.398490893165892
Stationary,387,2.5951552661543937,2.398490893165892
Stationary,388,2.113669745046096,2.398490893165892
Stationary,389,1.198541055167192,2.398490893165892
Stationary,390,2.7554620108089494,2.398490893165892
Stationary,391,1.778766451824714,2.398490893165892
Stationary,392,1.2609860121161995,2.398490893165892
Stationary,393,1.958060569578538,2.398490893165892
Stationary,394,1.9278240449333326,2.398490893165892
Stationary,395,1.2509127059431007,2.398490893165892
Stationary,396,1.8156719245024873,2.398490893165892
Stationary,397,1.6684785183708912,2.398490893165892
Stationary,398,1.8139954939827125,2.398490893165892
Stationary,399,1.2489628269950197,2.398490893165892
Stationary,400,1.3363701391237837,2.398490893165892
Stationary,401,1.1770421902464856,2.398490893165892
Stationary,402,2.7481436626776783,2.398490893165892
Stationary,403,2.3645543729340415,2.398490893165892
Stationary,404,1.1719011227685927,2.398490893165892
Stationary,405,1.7756242160925317,2.398490893165892
Stationary,406,1.9245021708507226,2.398490893165892
Stationary,407,1.7389911132153126,2.398490893165892
Stationary,408,1.711098867695805,2.398490893165892
Stationary,409,1.8096331536741275,2.398490893165892
Stationary,410,0.7856069238222435,2.398490893165892
Stationary,411,1.5595503070179138,2.398490893165892
Stationary,412,1.8838533674887996,2.398490893165892
Stationary,413,2.511632044708473,2.398490893165892
Stationary,414,2.2801062756167263,2.398490893165892
Stationary,415,1.7005732846535306,2.398490893165892
Stationary,416,0.9779396606263188,2.398490893165892
Stationary,417,1.409155218906035,2.398490893165892
Stationary,418,1.350841637993962,2.398490893165892
Stationary,419,1.1519500398203237,2.398490893165892
Stationary,420,1.4480023587083672,2.398490893165892
Stationary,421,0.9272211549710283,2.398490893165892
Stationary,422,0.9697471261117613,2.398490893165892
Stationary,423,1.9062689262039128,2.398490893165892
Stationary,424,1.3164588539250845,2.398490893165892
Stationary,425,1.5826950535774353,2.398490893165892
Stationary,426,1.3756019360498202,2.398490893165892
Stationary,427,1.7008698572846748,2.398490893165892
Stationary,428,0.770638581091461,2.398490893165892
Stationary,429,1.0997569781998922,2.398490893165892
Stationary,430,2.636719827439431,2.398490893165892
Stationary,431,1.556699951014223,2.398490893165892
Stationary,432,1.4765379027875698,2.398490893165892
Stationary,433,0.9438759908051344,2.398490893165892
Stationary,434,2.055701072527785,2.398490893165892
Stationary,435,1.6411645824100067,2.398490893165892
Stationary,436,2.391432208058382,2.398490893165892
Stationary,437,1.1658654973435185,2.398490893165892
Stationary,438,1.0988943486728224,2.398490893165892
Stationary,439,1.4038760144037625,2.398490893165892
Stationary,440,1.6677039772463191,2.398490893165892
Stationary,441,2.403001452680089,2.398490893165892
Stationary,442,1.2938606900166958,2.398490893165892
Stationary,443,2.823521075038287,2.398490893165892
Stationary,444,1.1532055218732973,2.398490893165892
Stationary,445,1.1209829093208965,2.398490893165892
Stationary,446,2.7611948341903307,2.398490893165892
Stationary,447,1.6221474675817449,2.398490893165892
Stationary,448,1.3277050054747959,2.398490893165892
Stationary,449,1.2997234878551356,2.398490893165892
Stationary,450,1.2293694727752043,2.398490893165892
Stationary,451,1.182688086645077,2.398490893165892
Stationary,452,0.9496934428634487,2.398490893165892
Stationary,453,1.6430973124685255,2.398490893165892
Stationary,454,1.686177679166581,2.398490893165892
Stationary,455,1.836855760723121,2.398490893165892
Stationary,456,1.337899526975083,2.398490893165892
Stationary,457,1.3106533803467022,2.398490893165892
Stationary,458,1.2398795212832658,2.398490893165892
Stationary,459,1.7687947412006015,2.398490893165892
Stationary,460,2.5738979231347123,2.398490893165892
Stationary,461,2.1191892648974413,2.398490893165892
Stationary,462,1.1607920139538832,2.398490893165892
Stationary,463,1.4696850870447473,2.398490893165892
Stationary,464,2.1132617138569425,2.398490893165892
Stationary,465,2.069850333322199,2.398490893165892
Stationary,466,1.0811168680363203,2.398490893165892
Stationary,467,0.925937007258268,2.398490893165892
Stationary,468,2.1695415519089094,2.398490893165892
Stationary,469,1.3607348273012898,2.398490893165892
Stationary,470,0.7540589616194248,2.398490893165892
Stationary,471,2.4765124537201193,2.398490893165892
Stationary,472,1.892853613548323,2.398490893165892
Stationary,473,1.2115409609602474,2.398490893165892
Stationary,474,1.0408343369180355,2.398490893165892
Stationary,475,2.162128964231987,2.398490893165892
Stationary,476,1.426923381516737,2.398490893165892
Stationary,477,0.560127843105905,2.398490893165892
Stationary,478,1.1834779078811375,2.398490893165892
Stationary,479,1.1372735715839477,2.398490893165892
Stationary,480,1.2868618249775614,2.398490893165892
Stationary,481,2.5388030273934805,2.398490893165892
Stationary,482,1.9903238592194572,2.398490893165892
Stationary,483,1.1191545225991488,2.398490893165892
Stationary,484,1.5816405878882245,2.398490893165892
Stationary,485,2.09351960192508,2.398490893165892
Stationary,486,1.1286621303850715,2.398490893165892
Stationary,487,1.3561223050385518,2.398490893165892
Stationary,488,2.0239672057430482,2.398490893165892
Stationary,489,0.7630537681346783,2.398490893165892
Stationary,490,2.9223822839227567,2.398490893165892
Stationary,491,1.5957310693191462,2.398490893165892
Stationary,492,1.6182698288103448,2.398490893165892
Stationary,493,1.5642102352505924,2.398490893165892
Stationary,494,1.1444072093954107,2.398490893165892
Stationary,495,2.9282307285233005,2.398490893165892
Stationary,496,1.2921070091541424,2.398490893165892
Stationary,497,1.478156666939302,2.398490893165892
Stationary,498,1.781304914325011,2.398490893165892
Stationary,499,0.6564609874199385,2.398490893165892
Stationary,500,1.3016285866800452,2.398490893165892
Stationary,501,1.5612202761305605,2.398490893165892
Stationary,502,1.590737032278987,2.398490893165892
Stationary,503,1.3034422902978158,2.398490893165892
Stationary,504,2.5345863778707933,2.398490893165892
Stationary,505,1.6845669421045795,2.398490893165892
Stationary,506,1.8735607686163525,2.398490893165892
Stationary,507,2.2789937204757407,2.398490893165892
Stationary,508,1.239159216264432,2.398490893165892
Stationary,509,1.0712098412648225,2.398490893165892
Stationary,510,2.6061220845373168,2.398490893165892
Stationary,511,1.4941512112787343,2.398490893165892
Stationary,512,1.5101412145673203,2.398490893165892
Stationary,513,1.8193540990971198,2.398490893165892
Stationary,514,1.0989383648064435,2.398490893165892
Stationary,515,1.1464185777702303,2.398490893165892
Stationary,516,1.165216525615583,2.398490893165892
Stationary,517,2.399898592797741,2.398490893165892
Stationary,518,1.2897532472448097,2.398490893165892
Stationary,519,1.8330390952470854,2.398490893165892
Stationary,520,1.7506899569374823,2.398490893165892
Stationary,521,1.7299699467449068,2.398490893165892
Stationary,522,1.182623272591581,2.398490893165892
Stationary,523,2.1807141631251032,2.398490893165892
Stationary,524,1.240863163264895,2.398490893165892
Stationary,525,2.244156470248464,2.398490893165892
Stationary,526,2.3441020819547176,2.398490893165892
Stationary,527,1.7724216036991345,2.398490893165892
Stationary,528,1.6227676253595396,2.398490893165892
Stationary,529,2.0659427981012355,2.398490893165892
Stationary,530,1.6607652071220462,2.398490893165892
Stationary,531,1.8614206059596263,2.398490893165892
Stationary,532,1.8808043839193511,2.398490893165892
Stationary,533,1.686271107907577,2.398490893165892
Stationary,534,1.8852940222861962,2.398490893165892
Stationary,535,2.2061610575988464,2.398490893165892
Stationary,536,1.79232293303183,2.398490893165892
Stationary,537,1.3476915284766715,2.398490893165892
Stationary,538,2.033850843200038,2.398490893165892
Stationary,539,1.789104278586518,2.398490893165892
Stationary,540,1.3834831820477755,2.398490893165892
Stationary,541,1.7394136178824533,2.398490893165892
Stationary,542,1.5835883287351133,2.398490893165892
Stationary,543,2.6248055718978174,2.398490893165892
Stationary,544,1.1324572877777839,2.398490893165892
Stationary,545,1.1517875733597394,2.398490893165892
Stationary,546,1.903410865455244,2.398490893165892
Stationary,547,1.8680208769257205,2.398490893165892
Stationary,548,1.0517153405528237,2.398490893165892
Stationary,549,1.9083140392749738,2.398490893165892
Stationary,550,0.9967270289316568,2.398490893165892
Stationary,551,1.5581087454267633,2.398490893165892
Stationary,552,0.9684324144485403,2.398490893165892
Stationary,553,1.1396685034221463,2.398490893165892
Stationary,554,1.7641918272790797,2.398490893165892
Stationary,555,1.5204994003885413,2.398490893165892
Stationary,556,1.6469664367246444,2.398490893165892
Stationary,557,1.972905557835242,2.398490893165892
Stationary,558,0.8951198954132186,2.398490893165892
Stationary,559,1.6762396361928729,2.398490893165892
Stationary,560,1.7395519702741151,2.398490893165892
Stationary,561,1.3561016829917598,2.398490893165892
Stationary,562,1.6459669571457745,2.398490893165892
Stationary,563,1.762776298175984,2.398490893165892
Stationary,564,2.018140848466708,2.398490893165892
Stationary,565,1.7488994017042598,2.398490893165892
Stationary,566,1.3627804768480423,2.398490893165892
Stationary,567,1.645548978669783,2.398490893165892
Stationary,568,1.7597771552268238,2.398490893165892
Stationary,569,1.2942550228839298,2.398490893165892
Stationary,570,1.7121212608337337,2.398490893165892
Stationary,571,1.9952678820670797,2.398490893165892
Stationary,572,1.1883115787432519,2.398490893165892
Stationary,573,1.3272418779256325,2.398490893165892
Stationary,574,2.323997416230061,2.398490893165892
Stationary,575,1.4054003622680726,2.398490893165892
Stationary,576,1.5831834542333605,2.398490893165892
Stationary,577,2.0205501962268055,2.398490893165892
Stationary,578,2.210936059215997,2.398490893165892
Stationary,579,2.7991810258979894,2.398490893165892
Stationary,580,1.6762509774189944,2.398490893165892
Stationary,581,1.7703108249612578,2.398490893165892
Stationary,582,1.5246545151932143,2.398490893165892
Stationary,583,0.9202228999133147,2.398490893165892
Stationary,584,1.021041960455244,2.398490893165892
Stationary,585,1.7359548438194303,2.398490893165892
Stationary,586,1.270518997931429,2.398490893165892
Stationary,587,0.9319012188551509,2.398490893165892
Stationary,588,1.6906070529884671,2.398490893165892
Stationary,589,2.143511974878078,2.398490893165892
Stationary,590,2.0374488622523352,2.398490893165892
Stationary,591,2.483801842168437,2.398490893165892
Stationary,592,2.555164710078368,2.398490893165892
Stationary,593,1.4872906572030935,2.398490893165892
Stationary,594,1.170810394270043,2.398490893165892
Stationary,595,1.5869084244399303,2.398490893165892
Stationary,596,1.730548006381362,2.398490893165892
Stationary,597,2.1736923937612214,2.398490893165892
Stationary,598,0.9981850893050321,2.398490893165892
Stationary,599,3.051059103551914,2.398490893165892
Stationary,600,1.058379428832537,2.398490893165892
Stationary,601,1.804934141478975,2.398490893165892
Stationary,602,1.3207890939018725,2.398490893165892
Stationary,603,1.9775665370743694,2.398490893165892
Stationary,604,2.4788125277066957,2.398490893165892
Stationary,605,1.8511719702727676,2.398490893165892
Stationary,606,2.4778596083697946,2.398490893165892
Stationary,607,2.2640692415195156,2.398490893165892
Stationary,608,2.7963075371120194,2.398490893165892
Stationary,609,3.274052706275854,2.398490893165892
Stationary,610,1.414269846442102,2.398490893165892
Stationary,611,1.1393307668926231,2.398490893165892
Stationary,612,2.064441265567777,2.398490893165892
Stationary,613,0.885763484357982,2.398490893165892
Stationary,614,2.063070349641587,2.398490893165892
Stationary,615,1.8929861060688904,2.398490893165892
Stationary,616,2.1352669606392856,2.398490893165892
Stationary,617,1.2497163561210647,2.398490893165892
Stationary,618,1.3011493211433205,2.398490893165892
Stationary,619,1.4021299124718436,2.398490893165892
Stationary,620,0.8862760138578624,2.398490893165892
Stationary,621,1.2588518894035727,2.398490893165892
Stationary,622,1.616386310357099,2.398490893165892
Stationary,623,1.3943864877496683,2.398490893165892
Stationary,624,2.1058242991887046,2.398490893165892
Stationary,625,1.677549917772373,2.398490893165892
Stationary,626,0.9791762264550239,2.398490893165892
Stationary,627,1.2214590789277147,2.398490893165892
Stationary,628,1.4720787828738402,2.398490893165892
Stationary,629,2.17296529636303,2.398490893165892
Stationary,630,2.1231820997390587,2.398490893165892
Stationary,631,1.189480168088268,2.398490893165892
Stationary,632,1.6289156718962798,2.398490893165892
Stationary,633,2.3214737596665524,2.398490893165892
Stationary,634,1.3202925007024018,2.398490893165892
Stationary,635,1.4595469696608065,2.398490893165892
Stationary,636,1.853707325799104,2.398490893165892
Stationary,637,1.5592247923867442,2.398490893165892
Stationary,638,0.9997853890112554,2.398490893165892
Stationary,639,2.2636804387122953,2.398490893165892
Stationary,640,1.4048114848079767,2.398490893165892
Stationary,641,1.5027910346662756,2.398490893165892
Stationary,642,2.3739388244043624,2.398490893165892
Stationary,643,2.12960077016492,2.398490893165892
Stationary,644,1.264015426789399,2.398490893165892
Stationary,645,1.4533978612529663,2.398490893165892
Stationary,646,2.0593200898723407,2.398490893165892
Stationary,647,0.9706423572656827,2.398490893165892
Stationary,648,1.5951592387144375,2.398490893165892
Stationary,649,2.7049694079889943,2.398490893165892
Stationary,650,0.7232429934438819,2.398490893165892
Stationary,651,1.3875168641420743,2.398490893165892
Stationary,652,1.3633274348244633,2.398490893165892
Stationary,653,1.1754731036537842,2.398490893165892
Stationary,654,1.2326543090657,2.398490893165892
Stationary,655,2.204091066458394,2.398490893165892
Stationary,656,1.1405814998859571,2.398490893165892
Stationary,657,1.8851137323070934,2.398490893165892
Stationary,658,0.9782034849235501,2.398490893165892
Stationary,659,1.3629069493503743,2.398490893165892
Stationary,660,2.6088540108770637,2.398490893165892
Stationary,661,1.519769208529882,2.398490893165892
Stationary,662,1.2108505081043337,2.398490893165892
Stationary,663,1.2955414304552668,2.398490893165892
Stationary,664,1.3333367269368628,2.398490893165892
Stationary,665,2.399986654482747,2.398490893165892
Stationary,666,1.0784875990122327,2.398490893165892
Stationary,667,2.639619967997104,2.398490893165892
Stationary,668,2.107376997052096,2.398490893165892
Stationary,669,1.4082154301428524,2.398490893165892
Stationary,670,1.6202448284656772,2.398490893165892
Stationary,671,1.4024537939821884,2.398490893165892
Stationary,672,2.0297173999252975,2.398490893165892
Stationary,673,2.1576132162381407,2.398490893165892
Stationary,674,1.6331748424308412,2.398490893165892
Stationary,675,1.9340910135291793,2.398490893165892
Stationary,676,1.0587291332434856,2.398490893165892
Stationary,677,1.8129973439814073,2.398490893165892
Stationary,678,1.4852426135044052,2.398490893165892
Stationary,679,1.5411695346287697,2.398490893165892
Stationary,680,1.7174982566476988,2.398490893165892
Stationary,681,2.3372198733223892,2.398490893165892
Stationary,682,1.8624404958163876,2.398490893165892
Stationary,683,2.258887585532927,2.398490893165892
Stationary,684,1.1228531418093146,2.398490893165892
Stationary,685,3.1782919882958627,2.398490893165892
Stationary,686,1.615594360037951,2.398490893165892
Stationary,687,0.9935965093284029,2.398490893165892
Stationary,688,1.7009477394895451,2.398490893165892
Stationary,689,1.481895190796653,2.398490893165892
Stationary,690,1.0788021612695131,2.398490893165892
Stationary,691,2.2997686853762307,2.398490893165892
Stationary,692,1.9327071862494383,2.398490893165892
Stationary,693,1.451209103110524,2.398490893165892
Stationary,694,1.6545753425659664,2.398490893165892
Stationary,695,3.8515843478153386,2.398490893165892
Stationary,696,1.7310044850523048,2.398490893165892
Stationary,697,2.655411515402385,2.398490893165892
Stationary,698,1.5673522187253586,2.398490893165892
Stationary,699,2.4751407339294618,2.398490893165892
Stationary,700,0.7617130968335539,2.398490893165892
Stationary,701,1.8446546631278764,2.398490893165892
Stationary,702,2.286630695877985,2.398490893165892
Stationary,703,1.5902095779948409,2.398490893165892
Stationary,704,1.891743820518675,2.398490893165892
Stationary,705,1.6709338660152813,2.398490893165892
Stationary,706,1.832538320698951,2.398490893165892
Stationary,707,1.755937192337333,2.398490893165892
Stationary,708,1.2805062153377058,2.398490893165892
Stationary,709,1.5433940352183229,2.398490893165892
Stationary,710,1.8693631431508848,2.398490893165892
Stationary,711,1.1306584279126206,2.398490893165892
Stationary,712,1.2365404559654303,2.398490893165892
Stationary,713,1.2644763767017277,2.398490893165892
Stationary,714,0.9840124588134858,2.398490893165892
Stationary,715,1.4016503688885138,2.398490893165892
Stationary,716,1.657936203882715,2.398490893165892
Stationary,717,1.3047886259952546,2.398490893165892
Stationary,718,1.8767788599465507,2.398490893165892
Stationary,719,1.6200757649926592,2.398490893165892
Stationary,720,1.8575621009125396,2.398490893165892
Stationary,721,2.2963040419691843,2.398490893165892
Stationary,722,1.5737727509673511,2.398490893165892
Stationary,723,1.3328306218965538,2.398490893165892
Stationary,724,0.9157007942962033,2.398490893165892
Stationary,725,1.8590079924742369,2.398490893165892
Stationary,726,2.1597724717659665,2.398490893165892
Stationary,727,1.883810364688691,2.398490893165892
Stationary,728,1.380207984685368,2.398490893165892
Stationary,729,1.5751332909846427,2.398490893165892
Stationary,730,2.733279642234945,2.398490893165892
Stationary,731,2.106223095889886,2.398490893165892
Stationary,732,1.0227577064662818,2.398490893165892
Stationary,733,1.383774293739557,2.398490893165892
Stationary,734,1.1167173429770605,2.398490893165892
Stationary,735,0.7928588972496521,2.398490893165892
Stationary,736,1.2197709250646689,2.398490893165892
Stationary,737,1.87389094155168,2.398490893165892
Stationary,738,1.9337873950283093,2.398490893165892
Stationary,739,1.7500627637874635,2.398490893165892
Stationary,740,1.8559417608950513,2.398490893165892
Stationary,741,1.3863400462959128,2.398490893165892
Stationary,742,1.4161500969899934,2.398490893165892
Stationary,743,2.5858769616549355,2.398490893165892
Stationary,744,1.0589418151405359,2.398490893165892
Stationary,745,1.1896456972441545,2.398490893165892
Stationary,746,1.801780719971407,2.398490893165892
Stationary,747,1.3751155782332825,2.398490893165892
Stationary,748,2.040249577742794,2.398490893165892
Stationary,749,0.8886862990149186,2.398490893165892
Stationary,750,1.9707794728928578,2.398490893165892
Stationary,751,1.2589119825318433,2.398490893165892
Stationary,752,1.5504340124399336,2.398490893165892
Stationary,753,1.9279192290342317,2.398490893165892
Stationary,754,1.2168588080288643,2.398490893165892
Stationary,755,1.750179172248768,2.398490893165892
Stationary,756,1.7021029134412435,2.398490893165892
Stationary,757,1.485806002969768,2.398490893165892
Stationary,758,1.2764338792727101,2.398490893165892
Stationary,759,2.2151562117075656,2.398490893165892
Stationary,760,1.0866045303035887,2.398490893165892
Stationary,761,1.2708244669900663,2.398490893165892
Stationary,762,1.85273111006681,2.398490893165892
Stationary,763,1.0393799058147541,2.398490893165892
Stationary,764,2.159297835907146,2.398490893165892
Stationary,765,1.8275452745028635,2.398490893165892
Stationary,766,1.970994479365296,2.398490893165892
Stationary,767,1.100625081072124,2.398490893165892
Stationary,768,0.25448615553426834,2.398490893165892
Stationary,769,1.804968086284049,2.398490893165892
Stationary,770,1.7748886445140977,2.398490893165892
Stationary,771,1.874397795854689,2.398490893165892
Stationary,772,2.112927416805079,2.398490893165892
Stationary,773,1.8260364406792586,2.398490893165892
Stationary,774,1.1174987799673535,2.398490893165892
Stationary,775,2.6758767501278133,2.398490893165892
Stationary,776,1.158627769282811,2.398490893165892
Stationary,777,0.7338897323015862,2.398490893165892
Stationary,778,2.186972388400942,2.398490893165892
Stationary,779,0.9710072741533778,2.398490893165892
Stationary,780,1.2798560973586657,2.398490893165892
Stationary,781,1.580327009207404,2.398490893165892
Stationary,782,1.6596440802319687,2.398490893165892
Stationary,783,2.560737119759677,2.398490893165892
Stationary,784,1.879904947012561,2.398490893165892
Stationary,785,0.8831044794901316,2.398490893165892
Stationary,786,2.838943259951494,2.398490893165892
Stationary,787,1.7522580384107806,2.398490893165892
Stationary,788,2.318179720811797,2.398490893165892
Stationary,789,2.068331014190625,2.398490893165892
Stationary,790,1.5678531556481556,2.398490893165892
Stationary,791,0.8605066804841299,2.398490893165892
Stationary,792,1.6700362184241735,2.398490893165892
Stationary,793,1.6453882763101864,2.398490893165892
Stationary,794,2.2257594672904637,2.398490893165892
Stationary,795,1.597587221942243,2.398490893165892
Stationary,796,1.0208231231852347,2.398490893165892
Stationary,797,1.1696257142878068,2.398490893165892
Stationary,798,2.023173149636288,2.398490893165892
Stationary,799,1.3531011656235874,2.398490893165892
Stationary,800,1.1718505552348704,2.398490893165892
Stationary,801,1.5456857026948587,2.398490893165892
Stationary,802,0.7693871487040906,2.398490893165892
Stationary,803,1.1846584387578722,2.398490893165892
Stationary,804,2.177825525037273,2.398490893165892
Stationary,805,0.8943502205992496,2.398490893165892
Stationary,806,1.83004039744738,2.398490893165892
Stationary,807,1.7752071511214682,2.398490893165892
Stationary,808,1.5077513752520224,2.398490893165892
Stationary,809,0.9530689739592382,2.398490893165892
Stationary,810,1.4489463923752084,2.398490893165892
Stationary,811,1.4411470615940007,2.398490893165892
Stationary,812,1.7148515408642842,2.398490893165892
Stationary,813,2.216972941510097,2.398490893165892
Stationary,814,1.6642123156699766,2.398490893165892
Stationary,815,2.1250702015663885,2.398490893165892
Stationary,816,3.2982792265443504,2.398490893165892
Stationary,817,1.7175236260445494,2.398490893165892
Stationary,818,1.379537252937274,2.398490893165892
Stationary,819,1.3429630893259152,2.398490893165892
Stationary,820,1.1033138342087656,2.398490893165892
Stationary,821,1.9976635447236883,2.398490893165892
Stationary,822,1.6516855256720202,2.398490893165892
Stationary,823,1.1924764000511956,2.398490893165892
Stationary,824,2.0164660473242426,2.398490893165892
Stationary,825,2.009787448723256,2.398490893165892
Stationary,826,1.546130920347151,2.398490893165892
Stationary,827,1.29185260366211,2.398490893165892
Stationary,828,0.7976577354386982,2.398490893165892
Stationary,829,1.6153624703509877,2.398490893165892
Stationary,830,2.5504949117765072,2.398490893165892
Stationary,831,1.8549100928093858,2.398490893165892
Stationary,832,2.733362944277,2.398490893165892
Stationary,833,1.316282798052054,2.398490893165892
Stationary,834,1.7469065448568928,2.398490893165892
Stationary,835,1.4312687373640511,2.398490893165892
Stationary,836,1.0684958992217377,2.398490893165892
Stationary,837,1.6846827414436094,2.398490893165892
Stationary,838,1.1188481603870468,2.398490893165892
Stationary,839,1.4562239658261327,2.398490893165892
Stationary,840,1.5201905963793676,2.398490893165892
Stationary,841,1.7259792225066615,2.398490893165892
Stationary,842,2.7122879474139148,2.398490893165892
Stationary,843,1.5160900642314286,2.398490893165892
Stationary,844,1.7461775521590528,2.398490893165892
Stationary,845,1.5492387811618067,2.398490893165892
Stationary,846,1.4131984513613842,2.398490893165892
Stationary,847,1.5158715549958153,2.398490893165892
Stationary,848,1.6944734541032602,2.398490893165892
Stationary,849,1.131869852287951,2.398490893165892
Stationary,850,1.1213061812730223,2.398490893165892
Stationary,851,2.1924705572581638,2.398490893165892
Stationary,852,1.4500315730052578,2.398490893165892
Stationary,853,1.2034528073159096,2.398490893165892
Stationary,854,1.9743345715405642,2.398490893165892
Stationary,855,1.3859534848568387,2.398490893165892
Stationary,856,2.2397801074891075,2.398490893165892
Stationary,857,1.4432895611993528,2.398490893165892
Stationary,858,1.729260147071202,2.398490893165892
Stationary,859,1.0577976786776038,2.398490893165892
Stationary,860,1.3418805890054755,2.398490893165892
Stationary,861,1.2383990876917716,2.398490893165892
Stationary,862,1.0277613745748415,2.398490893165892
Stationary,863,1.5090761390735767,2.398490893165892
Stationary,864,3.3319313143234304,2.398490893165892
Stationary,865,1.6505016056017197,2.398490893165892
Stationary,866,1.7388277326069264,2.398490893165892
Stationary,867,1.2305327368667454,2.398490893165892
Stationary,868,1.4910213569453716,2.398490893165892
Stationary,869,1.7895358935649106,2.398490893165892
Stationary,870,1.9108012356842716,2.398490893165892
Stationary,871,2.105859771010026,2.398490893165892
Stationary,872,3.008531082438195,2.398490893165892
Stationary,873,2.9787513259318645,2.398490893165892
Stationary,874,1.2666463703170368,2.398490893165892
Stationary,875,1.629741607815457,2.398490893165892
Stationary,876,1.4016586648281408,2.398490893165892
Stationary,877,1.0503178223215062,2.398490893165892
Stationary,878,1.4717006845222427,2.398490893165892
Stationary,879,0.9463694248971095,2.398490893165892
Stationary,880,2.193957425077502,2.398490893165892
Stationary,881,0.9620259466299738,2.398490893165892
Stationary,882,1.3708931635393422,2.398490893165892
Stationary,883,2.6821274407411613,2.398490893165892
Stationary,884,2.6672809394224624,2.398490893165892
Stationary,885,2.3615356185033876,2.398490893165892
Stationary,886,1.552835337124535,2.398490893165892
Stationary,887,1.8389283954846514,2.398490893165892
Stationary,888,1.6660935796711356,2.398490893165892
Stationary,889,1.7276110454005023,2.398490893165892
Stationary,890,1.6867528256707653,2.398490893165892
Stationary,891,2.63510799559085,2.398490893165892
Stationary,892,1.8741781681652405,2.398490893165892
Stationary,893,1.2936711891331567,2.398490893165892
Stationary,894,1.614465023661932,2.398490893165892
Stationary,895,2.692979914670181,2.398490893165892
Stationary,896,1.6029689454008078,2.398490893165892
Stationary,897,0.8462524398071374,2.398490893165892
Stationary,898,1.25126862821653,2.398490893165892
Stationary,899,2.045066299841005,2.398490893165892
Stationary,900,2.371155306767407,2.398490893165892
Stationary,901,1.3850550131973383,2.398490893165892
Stationary,902,0.9487142867817918,2.398490893165892
Stationary,903,1.1606012581006226,2.398490893165892
Stationary,904,1.5177868711079257,2.398490893165892
Stationary,905,1.2516059031702533,2.398490893165892
Stationary,906,1.8060820025112687,2.398490893165892
Stationary,907,1.6357516200249245,2.398490893165892
Stationary,908,0.8007042819977863,2.398490893165892
Stationary,909,2.2853685122533527,2.398490893165892
Stationary,910,0.519476968905563,2.398490893165892
Stationary,911,2.004835664141211,2.398490893165892
Stationary,912,2.138278846355796,2.398490893165892
Stationary,913,1.7883269918949645,2.398490893165892
Stationary,914,2.164438080578473,2.398490893165892
Stationary,915,2.2416252989132133,2.398490893165892
Stationary,916,2.0579763371970357,2.398490893165892
Stationary,917,1.789611497236453,2.398490893165892
Stationary,918,2.5378297900700746,2.398490893165892
Stationary,919,1.2044007109007056,2.398490893165892
Stationary,920,1.863320229818242,2.398490893165892
Stationary,921,1.9977505825764228,2.398490893165892
Stationary,922,1.5119727994555734,2.398490893165892
Stationary,923,1.6181996088725124,2.398490893165892
Stationary,924,1.2458319342422846,2.398490893165892
Stationary,925,1.6643983067171149,2.398490893165892
Stationary,926,2.9335151452838124,2.398490893165892
Stationary,927,2.2111383793538155,2.398490893165892
Stationary,928,1.5546585447763879,2.398490893165892
Stationary,929,1.5867611471644363,2.398490893165892
Stationary,930,1.504645809632713,2.398490893165892
Stationary,931,1.4634583891586022,2.398490893165892
Stationary,932,2.3256864640514094,2.398490893165892
Stationary,933,1.574534427005235,2.398490893165892
Stationary,934,0.9913870542076257,2.398490893165892
Stationary,935,1.5604551287845814,2.398490893165892
Stationary,936,1.6461322110567764,2.398490893165892
Stationary,937,1.9288894311972138,2.398490893165892
Stationary,938,3.375290780301924,2.398490893165892
Stationary,939,1.9403347313678594,2.398490893165892
Stationary,940,2.167396081571671,2.398490893165892
Stationary,941,1.0535196767950994,2.398490893165892
Stationary,942,1.38406927534457,2.398490893165892
Stationary,943,1.9878881759096763,2.398490893165892
Stationary,944,2.01025672251588,2.398490893165892
Stationary,945,1.7370572862776883,2.398490893165892
Stationary,946,1.0091251624883657,2.398490893165892
Stationary,947,2.4268821170190655,2.398490893165892
Stationary,948,1.3051807595449123,2.398490893165892
Stationary,949,1.992722201158184,2.398490893165892
Stationary,950,2.0057387007974685,2.398490893165892
Stationary,951,1.1645954690086533,2.398490893165892
Stationary,952,2.3227958851693677,2.398490893165892
Stationary,953,2.036802586272703,2.398490893165892
Stationary,954,1.9154501553569747,2.398490893165892
Stationary,955,2.082481052655164,2.398490893165892
Stationary,956,2.2120154097542835,2.398490893165892
Stationary,957,2.049405852092208,2.398490893165892
Stationary,958,1.3316744891074135,2.398490893165892
Stationary,959,1.2214798818992343,2.398490893165892
Stationary,960,1.0516642852023472,2.398490893165892
Stationary,961,1.5991477318709235,2.398490893165892
Stationary,962,2.166492627688692,2.398490893165892
Stationary,963,1.0983532602383264,2.398490893165892
Stationary,964,1.8132989997309488,2.398490893165892
Stationary,965,0.9788896973871208,2.398490893165892
Stationary,966,1.970396390065989,2.398490893165892
Stationary,967,1.1293591424624834,2.398490893165892
Stationary,968,1.8331568652020203,2.398490893165892
Stationary,969,1.1035536536258126,2.398490893165892
Stationary,970,1.8424806404972072,2.398490893165892
Stationary,971,1.5704580566057411,2.398490893165892
Stationary,972,1.8491037805996609,2.398490893165892
Stationary,973,1.1794339740370974,2.398490893165892
Stationary,974,1.308643511024525,2.398490893165892
Stationary,975,1.8027489257715066,2.398490893165892
Stationary,976,2.4069765888427583,2.398490893165892
Stationary,977,1.8325591100990946,2.398490893165892
Stationary,978,2.3546826386609854,2.398490893165892
Stationary,979,0.9844335269273815,2.398490893165892
Stationary,980,3.0675506152014433,2.398490893165892
Stationary,981,2.3959221752363344,2.398490893165892
Stationary,982,1.7038667929587827,2.398490893165892
Stationary,983,1.6097358119585874,2.398490893165892
Stationary,984,0.8258112536058109,2.398490893165892
Stationary,985,2.2890348886198857,2.398490893165892
Stationary,986,1.1784647603701985,2.398490893165892
Stationary,987,0.9664655656207773,2.398490893165892
Stationary,988,1.4407652343453605,2.398490893165892
Stationary,989,1.7600773618347934,2.398490893165892
Stationary,990,0.6916017180809625,2.398490893165892
Stationary,991,2.0306758404206993,2.398490893165892
Stationary,992,2.954288170514458,2.398490893165892
Stationary,993,1.7603017493247832,2.398490893165892
Stationary,994,2.241909589346438,2.398490893165892
Stationary,995,0.8751163782878186,2.398490893165892
Stationary,996,1.2310365813382276,2.398490893165892
Stationary,997,1.48425491650516,2.398490893165892
Stationary,998,1.2709779486273094,2.398490893165892
Stationary,999,0.9728865043850811,2.398490893165892
Shifted,0,3.4346798442064235,2.398490893165892
Shifted,1,2.911859008760417,2.398490893165892
Shifted,2,2.136863034358867,2.398490893165892
Shifted,3,2.572573931697703,2.398490893165892
Shifted,4,2.173238634580917,2.398490893165892
Shifted,5,2.9037615252500446,2.398490893165892
Shifted,6,3.879385669766815,2.398490893165892
Shifted,7,3.6789230758856384,2.398490893165892
Shifted,8,2.9329080984704805,2.398490893165892
Shifted,9,2.931951288667556,2.398490893165892
Shifted,10,1.997433778232424,2.398490893165892
Shifted,11,2.9853695222828045,2.398490893165892
Shifted,12,4.436688492837102,2.398490893165892
Shifted,13,3.292602754432545,2.398490893165892
Shifted,14,2.516366049853934,2.398490893165892
Shifted,15,3.7797453414046585,2.398490893165892
Shifted,16,2.2866213162999927,2.398490893165892
Shifted,17,1.983141644048927,2.398490893165892
Shifted,18,3.0408841436553544,2.398490893165892
Shifted,19,2.6407394762077487,2.398490893165892
Shifted,20,3.8621881997977052,2.398490893165892
Shifted,21,4.095146604007282,2.398490893165892
Shifted,22,3.8854994487955485,2.398490893165892
Shifted,23,2.7967611557592766,2.398490893165892
Shifted,24,3.821553460286769,2.398490893165892
Shifted,25,4.6223217656428295,2.398490893165892
Shifted,26,1.8078064079811849,2.398490893165892
Shifted,27,2.274204803384319,2.398490893165892
Shifted,28,3.2981368131021314,2.398490893165892
Shifted,29,3.053703862980306,2.398490893165892
Shifted,30,2.158053330785567,2.398490893165892
Shifted,31,4.2785017525856155,2.398490893165892
Shifted,32,2.6466098884997824,2.398490893165892
Shifted,33,3.468243563774554,2.398490893165892
Shifted,34,2.5152169562029703,2.398490893165892
Shifted,35,2.261330075407352,2.398490893165892
Shifted,36,2.8728256323806765,2.398490893165892
Shifted,37,2.948116015918524,2.398490893165892
Shifted,38,3.0560843286162873,2.398490893165892
Shifted,39,5.682127577701872,2.398490893165892
Shifted,40,2.433051231419662,2.398490893165892
Shifted,41,3.855449973737878,2.398490893165892
Shifted,42,1.3902341265542588,2.398490893165892
Shifted,43,2.3579897682794204,2.398490893165892
Shifted,44,2.2986508252360394,2.398490893165892
Shifted,45,3.7811445448601364,2.398490893165892
Shifted,46,3.75824177328218,2.398490893165892
Shifted,47,3.4987711520891027,2.398490893165892
Shifted,48,1.6435111079987668,2.398490893165892
Shifted,49,2.8408015206799657,2.398490893165892
Shifted,50,1.56922362242538,2.398490893165892
Shifted,51,2.028911580534659,2.398490893165892
Shifted,52,2.644781719326175,2.398490893165892
Shifted,53,3.329034531756034,2.398490893165892
Shifted,54,4.514298702449528,2.398490893165892
Shifted,55,3.59545937360791,2.398490893165892
Shifted,56,2.94852613687694,2.398490893165892
Shifted,57,4.578902684290821,2.398490893165892
Shifted,58,2.1883841053090483,2.398490893165892
Shifted,59,3.017308320491009,2.398490893165892
Shifted,60,1.6913896842828502,2.398490893165892
Shifted,61,2.2399010969394637,2.398490893165892
Shifted,62,3.654848529642203,2.398490893165892
Shifted,63,4.138302160136533,2.398490893165892
Shifted,64,1.5735851576760695,2.398490893165892
Shifted,65,1.7046816168929015,2.398490893165892
Shifted,66,2.0191246010710486,2.398490893165892
Shifted,67,3.3540409050268867,2.398490893165892
Shifted,68,3.3910408556038405,2.398490893165892
Shifted,69,4.316216461302656,2.398490893165892
Shifted,70,3.3662113247082437,2.398490893165892
Shifted,71,1.9518059605360443,2.398490893165892
Shifted,72,2.0291318480608935,2.398490893165892
Shifted,73,3.8558372569916797,2.398490893165892
Shifted,74,4.254886973642613,2.398490893165892
Shifted,75,3.2038297147575854,2.398490893165892
Shifted,76,2.598987219874091,2.398490893165892
Shifted,77,2.1149214859515886,2.398490893165892
Shifted,78,2.9927169402126474,2.398490893165892
Shifted,79,3.715448671635681,2.398490893165892
Shifted,80,1.5514582685077953,2.398490893165892
Shifted,81,3.6127848249794825,2.398490893165892
Shifted,82,3.6436359032507064,2.398490893165892
Shifted,83,1.7704157071683857,2.398490893165892
Shifted,84,2.6930331129851734,2.398490893165892
Shifted,85,3.8754515138864423,2.398490893165892
Shifted,86,1.795920148630177,2.398490893165892
Shifted,87,2.5305556593953358,2.398490893165892
Shifted,88,4.0403486739016925,2.398490893165892
Shifted,89,1.7931758793325185,2.398490893165892
Shifted,90,2.576971890551565,2.398490893165892
Shifted,91,2.735373511460455,2.398490893165892
Shifted,92,3.385531731673558,2.398490893165892
Shifted,93,2.5430239128173957,2.398490893165892
Shifted,94,2.860546551836858,2.398490893165892
Shifted,95,3.1829143289588457,2.398490893165892
Shifted,96,4.386015573965773,2.398490893165892
Shifted,97,3.895905201807385,2.398490893165892
Shifted,98,3.176015722147869,2.398490893165892
Shifted,99,2.144785194402986,2.398490893165892
Shifted,100,2.834228937274628,2.398490893165892
Shifted,101,4.335081179371832,2.398490893165892
Shifted,102,4.009052639568031,2.398490893165892
Shifted,103,4.436160125921811,2.398490893165892
Shifted,104,2.2746114860745856,2.398490893165892
Shifted,105,4.284194566179959,2.398490893165892
Shifted,106,1.2030113060520087,2.398490893165892
Shifted,107,5.624907574243528,2.398490893165892
Shifted,108,2.4105446958278653,2.398490893165892
Shifted,109,3.171671320709283,2.398490893165892
Shifted,110,2.9446726985813743,2.398490893165892
Shifted,111,3.2749557419924002,2.398490893165892
Shifted,112,2.169240752218475,2.398490893165892
Shifted,113,2.0917806759377933,2.398490893165892
Shifted,114,2.5633334346685115,2.398490893165892
Shifted,115,4.258085933430926,2.398490893165892
Shifted,116,1.81782248538427,2.398490893165892
Shifted,117,3.0248346106283326,2.398490893165892
Shifted,118,1.577574505256541,2.398490893165892
Shifted,119,3.482174720875215,2.398490893165892
Shifted,120,4.733788526912989,2.398490893165892
Shifted,121,3.341162302413523,2.398490893165892
Shifted,122,3.3477843412787944,2.398490893165892
Shifted,123,2.0435653581668123,2.398490893165892
Shifted,124,2.4304491743759606,2.398490893165892
Shifted,125,4.620965599563008,2.398490893165892
Shifted,126,1.4154860555291209,2.398490893165892
Shifted,127,3.3552593817534717,2.398490893165892
Shifted,128,3.6799418134838118,2.398490893165892
Shifted,129,2.6970527687271706,2.398490893165892
Shifted,130,3.3793889869567377,2.398490893165892
Shifted,131,4.358099409608622,2.398490893165892
Shifted,132,2.6199638633434064,2.398490893165892
Shifted,133,3.201848605793102,2.398490893165892
Shifted,134,2.934367486336045,2.398490893165892
Shifted,135,3.302213162593847,2.398490893165892
Shifted,136,2.4363057969750677,2.398490893165892
Shifted,137,3.5044616279071157,2.398490893165892
Shifted,138,2.612487738670859,2.398490893165892
Shifted,139,4.299321909609037,2.398490893165892
Shifted,140,2.3401599729119633,2.398490893165892
Shifted,141,2.4048750542618946,2.398490893165892
Shifted,142,2.613920639448587,2.398490893165892
Shifted,143,2.1416610846906576,2.398490893165892
Shifted,144,5.267440939959219,2.398490893165892
Shifted,145,1.8561586884972014,2.398490893165892
Shifted,146,2.7641065813219194,2.398490893165892
Shifted,147,3.835874110770626,2.398490893165892
Shifted,148,2.6544982210872052,2.398490893165892
Shifted,149,1.4271727401236725,2.398490893165892
Shifted,150,1.165848536307413,2.398490893165892
Shifted,151,3.604643389746906,2.398490893165892
Shifted,152,2.4447926098437427,2.398490893165892
Shifted,153,3.657813609873025,2.398490893165892
Shifted,154,3.3640026671303422,2.398490893165892
Shifted,155,3.7834550320657057,2.398490893165892
Shifted,156,1.7948994762006307,2.398490893165892
Shifted,157,2.8967030336209243,2.398490893165892
Shifted,158,3.194704405943483,2.398490893165892
Shifted,159,4.018997530970551,2.398490893165892
Shifted,160,1.8059439912048658,2.398490893165892
Shifted,161,2.8037545838619877,2.398490893165892
Shifted,162,4.016028607405777,2.398490893165892
Shifted,163,2.2585349461148923,2.398490893165892
Shifted,164,4.066762318748174,2.398490893165892
Shifted,165,2.25580358577215,2.398490893165892
Shifted,166,2.6207081955108866,2.398490893165892
Shifted,167,1.9101113810728938,2.398490893165892
Shifted,168,4.1855157216483585,2.398490893165892
Shifted,169,2.6484312330515523,2.398490893165892
Shifted,170,2.0059331195760333,2.398490893165892
Shifted,171,1.2869115144584378,2.398490893165892
Shifted,172,4.023837628697369,2.398490893165892
Shifted,173,3.3241367682082426,2.398490893165892
Shifted,174,4.173060002382934,2.398490893165892
Shifted,175,3.0603165572996893,2.398490893165892
Shifted,176,3.2196215037707074,2.398490893165892
Shifted,177,4.341764860552303,2.398490893165892
Shifted,178,2.4870486004040506,2.398490893165892
Shifted,179,3.493070337880722,2.398490893165892
Shifted,180,2.653412540834244,2.398490893165892
Shifted,181,2.8010476166563265,2.398490893165892
Shifted,182,1.8947288222978569,2.398490893165892
Shifted,183,1.8617834217915286,2.398490893165892
Shifted,184,3.189948117352739,2.398490893165892
Shifted,185,2.4778573922846796,2.398490893165892
Shifted,186,3.4461958416206557,2.398490893165892
Shifted,187,2.1615860213828895,2.398490893165892
Shifted,188,3.5012837695841514,2.398490893165892
Shifted,189,6.141367786430614,2.398490893165892
Shifted,190,4.207065895711541,2.398490893165892
Shifted,191,3.0196740853387953,2.398490893165892
Shifted,192,3.1618928259014987,2.398490893165892
Shifted,193,4.347845079846985,2.398490893165892
Shifted,194,3.20751620424849,2.398490893165892
Shifted,195,4.92712584419756,2.398490893165892
Shifted,196,1.8798358963308794,2.398490893165892
Shifted,197,1.583039123873156,2.398490893165892
Shifted,198,3.59469866616457,2.398490893165892
Shifted,199,3.7707997178344375,2.398490893165892
Shifted,200,2.504518312314293,2.398490893165892
Shifted,201,3.5962727216991075,2.398490893165892
Shifted,202,2.925590808878072,2.398490893165892
Shifted,203,4.938112589604776,2.398490893165892
Shifted,204,1.0555580210843454,2.398490893165892
Shifted,205,3.182046381907724,2.398490893165892
Shifted,206,3.085631822160779,2.398490893165892
Shifted,207,1.5851541550387165,2.398490893165892
Shifted,208,4.023805258315092,2.398490893165892
Shifted,209,2.719708716722898,2.398490893165892
Shifted,210,4.794300323562764,2.398490893165892
Shifted,211,3.441347269771004,2.398490893165892
Shifted,212,1.6875728587474363,2.398490893165892
Shifted,213,1.3305509993406341,2.398490893165892
Shifted,214,1.971103799543092,2.398490893165892
Shifted,215,3.835912120790063,2.398490893165892
Shifted,216,1.698433574650855,2.398490893165892
Shifted,217,1.6182628394137244,2.398490893165892
Shifted,218,3.836642406529971,2.398490893165892
Shifted,219,4.9697352437399775,2.398490893165892
Shifted,220,2.1055561879219136,2.398490893165892
Shifted,221,3.8337334722912986,2.398490893165892
Shifted,222,2.9741227583526397,2.398490893165892
Shifted,223,4.262660063948971,2.398490893165892
Shifted,224,1.7110582439450432,2.398490893165892
Shifted,225,1.27448638838576,2.398490893165892
Shifted,226,2.5044025365959532,2.398490893165892
Shifted,227,1.1345338592834668,2.398490893165892
Shifted,228,3.2344199616658518,2.398490893165892
Shifted,229,3.6502927143334105,2.398490893165892
Shifted,230,4.817327140822123,2.398490893165892
Shifted,231,2.15589877086337,2.398490893165892
Shifted,232,3.972621253095707,2.398490893165892
Shifted,233,3.445446500231018,2.398490893165892
Shifted,234,4.483449690225827,2.398490893165892
Shifted,235,3.1680497136455643,2.398490893165892
Shifted,236,3.369616042463677,2.398490893165892
Shifted,237,2.1736211512732115,2.398490893165892
Shifted,238,2.8139715815447675,2.398490893165892
Shifted,239,1.9952362267433688,2.398490893165892
Shifted,240,1.9892702168663279,2.398490893165892
Shifted,241,1.3317665996142547,2.398490893165892
Shifted,242,4.421758639491805,2.398490893165892
Shifted,243,3.7036410393715267,2.398490893165892
Shifted,244,3.4151587071825826,2.398490893165892
Shifted,245,4.031181397530759,2.398490893165892
Shifted,246,5.010577163160663,2.398490893165892
Shifted,247,2.484531858217819,2.398490893165892
Shifted,248,5.068897373218107,2.398490893165892
Shifted,249,2.2010712816365783,2.398490893165892
Shifted,250,3.1558559503089816,2.398490893165892
Shifted,251,5.973451948273654,2.398490893165892
Shifted,252,2.9053473254698083,2.398490893165892
Shifted,253,2.969878108389433,2.398490893165892
Shifted,254,5.105884361793331,2.398490893165892
Shifted,255,2.3515274011179836,2.398490893165892
Shifted,256,2.492772889370142,2.398490893165892
Shifted,257,1.8473522687914543,2.398490893165892
Shifted,258,3.5148069863448503,2.398490893165892
Shifted,259,3.7976829192109576,2.398490893165892
Shifted,260,2.1709328974966016,2.398490893165892
Shifted,261,4.702435303689661,2.398490893165892
Shifted,262,3.296982225008986,2.398490893165892
Shifted,263,2.954639402177181,2.398490893165892
Shifted,264,3.3505808597051288,2.398490893165892
Shifted,265,1.3433677193466511,2.398490893165892
Shifted,266,4.627283283803619,2.398490893165892
Shifted,267,2.5737180161177546,2.398490893165892
Shifted,268,3.464758883961397,2.398490893165892
Shifted,269,2.930677327057251,2.398490893165892
Shifted,270,4.092875296488789,2.398490893165892
Shifted,271,3.9125624335017095,2.398490893165892
Shifted,272,2.69515848021557,2.398490893165892
Shifted,273,2.952016955326258,2.398490893165892
Shifted,274,3.2724413980120524,2.398490893165892
Shifted,275,2.782789848737482,2.398490893165892
Shifted,276,2.6881546962788927,2.398490893165892
Shifted,277,1.3573157195187364,2.398490893165892
Shifted,278,3.58484048658886,2.398490893165892
Shifted,279,2.90883034354361,2.398490893165892
Shifted,280,1.4498704076863203,2.398490893165892
Shifted,281,1.768350753632946,2.398490893165892
Shifted,282,3.0762883946600508,2.398490893165892
Shifted,283,1.750342003799618,2.398490893165892
Shifted,284,3.3197536140908332,2.398490893165892
Shifted,285,3.0308207925441786,2.398490893165892
Shifted,286,3.046606714696602,2.398490893165892
Shifted,287,3.847047114931755,2.398490893165892
Shifted,288,3.153315631851217,2.398490893165892
Shifted,289,3.599320339232506,2.398490893165892
Shifted,290,1.4392748519376009,2.398490893165892
Shifted,291,2.197991725936488,2.398490893165892
Shifted,292,5.762345000871474,2.398490893165892
Shifted,293,4.800922168564772,2.398490893165892
Shifted,294,3.79937665817684,2.398490893165892
Shifted,295,2.043271021854258,2.398490893165892
Shifted,296,4.5414954107308825,2.398490893165892
Shifted,297,3.9675032140931767,2.398490893165892
Shifted,298,2.604106884769315,2.398490893165892
Shifted,299,3.59583831986421,2.398490893165892
Shifted,300,3.2413872091757483,2.398490893165892
Shifted,301,3.2776437471822275,2.398490893165892
Shifted,302,2.843086687177079,2.398490893165892
Shifted,303,1.8575927016567733,2.398490893165892
Shifted,304,3.2425036123580053,2.398490893165892
Shifted,305,2.953876289907101,2.398490893165892
Shifted,306,3.480965694526182,2.398490893165892
Shifted,307,2.338319333847461,2.398490893165892
Shifted,308,3.4872547513712555,2.398490893165892
Shifted,309,5.255480511572738,2.398490893165892
Shifted,310,2.6379706274521744,2.398490893165892
Shifted,311,1.4305181283155417,2.398490893165892
Shifted,312,5.383147489875899,2.398490893165892
Shifted,313,2.6731682809381434,2.398490893165892
Shifted,314,3.2119208424617383,2.398490893165892
Shifted,315,5.31661157598809,2.398490893165892
Shifted,316,2.339537481266294,2.398490893165892
Shifted,317,2.378583865682773,2.398490893165892
Shifted,318,2.678776898534556,2.398490893165892
Shifted,319,4.745823251569235,2.398490893165892
Shifted,320,3.4536887860677457,2.398490893165892
Shifted,321,1.7610365697769101,2.398490893165892
Shifted,322,2.981636471037425,2.398490893165892
Shifted,323,3.6420561791225667,2.398490893165892
Shifted,324,3.025134711068293,2.398490893165892
Shifted,325,2.766728239771729,2.398490893165892
Shifted,326,3.9218598761156125,2.398490893165892
Shifted,327,2.5737564102165154,2.398490893165892
Shifted,328,4.37747324941534,2.398490893165892
Shifted,329,3.248986215302943,2.398490893165892
Shifted,330,3.0146547530974743,2.398490893165892
Shifted,331,3.207970474977,2.398490893165892
Shifted,332,1.3646720845652902,2.398490893165892
Shifted,333,4.464130205959356,2.398490893165892
Shifted,334,2.960380294257924,2.398490893165892
Shifted,335,3.6881012972469227,2.398490893165892
Shifted,336,2.3789161137302512,2.398490893165892
Shifted,337,0.9064960359915251,2.398490893165892
Shifted,338,3.997258890623728,2.398490893165892
Shifted,339,2.3819492562079816,2.398490893165892
Shifted,340,2.8851388301449807,2.398490893165892
Shifted,341,3.3856918379467276,2.398490893165892
Shifted,342,3.2513730483685954,2.398490893165892
Shifted,343,4.179259943227331,2.398490893165892
Shifted,344,3.10479961656578,2.398490893165892
Shifted,345,3.9672428683134617,2.398490893165892
Shifted,346,7.177021679748517,2.398490893165892
Shifted,347,2.017869632030256,2.398490893165892
Shifted,348,3.953520307195521,2.398490893165892
Shifted,349,5.181421523946476,2.398490893165892
Shifted,350,3.52828716753049,2.398490893165892
Shifted,351,2.0713501825651495,2.398490893165892
Shifted,352,4.23160302298137,2.398490893165892
Shifted,353,2.8788552981105275,2.398490893165892
Shifted,354,3.395253002395789,2.398490893165892
Shifted,355,2.2463560402951797,2.398490893165892
Shifted,356,2.506776287129625,2.398490893165892
Shifted,357,3.2148194782203574,2.398490893165892
Shifted,358,3.8466607530474124,2.398490893165892
Shifted,359,2.8473751892300028,2.398490893165892
Shifted,360,1.6513936352786698,2.398490893165892
Shifted,361,4.8755588966043595,2.398490893165892
Shifted,362,3.0897073557335273,2.398490893165892
Shifted,363,2.53841193471386,2.398490893165892
Shifted,364,2.8878444963003687,2.398490893165892
Shifted,365,2.482088681621185,2.398490893165892
Shifted,366,2.8874002734732658,2.398490893165892
Shifted,367,1.827659391789396,2.398490893165892
Shifted,368,3.046858528249725,2.398490893165892
Shifted,369,4.001262802995438,2.398490893165892
Shifted,370,2.886233328792819,2.398490893165892
Shifted,371,2.221904218491888,2.398490893165892
Shifted,372,1.295479364006633,2.398490893165892
Shifted,373,3.381347725095525,2.398490893165892
Shifted,374,4.8211601613823145,2.398490893165892
Shifted,375,3.733774071275484,2.398490893165892
Shifted,376,2.8604890998196657,2.398490893165892
Shifted,377,2.5671077212503266,2.398490893165892
Shifted,378,3.396583075547197,2.398490893165892
Shifted,379,6.078690734365457,2.398490893165892
Shifted,380,2.960297389620164,2.398490893165892
Shifted,381,4.2267816807826275,2.398490893165892
Shifted,382,5.510097635112657,2.398490893165892
Shifted,383,3.22883057166782,2.398490893165892
Shifted,384,2.9980691747701433,2.398490893165892
Shifted,385,1.9347864105716774,2.398490893165892
Shifted,386,4.814719033876004,2.398490893165892
Shifted,387,4.371279479077908,2.398490893165892
Shifted,388,3.9566650291257437,2.398490893165892
Shifted,389,2.5002310421580884,2.398490893165892
Shifted,390,4.659831619456109,2.398490893165892
Shifted,391,3.5446367561416277,2.398490893165892
Shifted,392,2.6126319646663023,2.398490893165892
Shifted,393,4.124509025241369,2.398490893165892
Shifted,394,3.1700832808799984,2.398490893165892
Shifted,395,2.785843056842554,2.398490893165892
Shifted,396,3.028209464104477,2.398490893165892
Shifted,397,3.4032613330676043,2.398490893165892
Shifted,398,2.6651918891688835,2.398490893165892
Shifted,399,2.728133088591036,2.398490893165892
Shifted,400,2.748323393279953,2.398490893165892
Shifted,401,2.518675942443675,2.398490893165892
Shifted,402,5.289515735676964,2.398490893165892
Shifted,403,3.776197871281276,2.398490893165892
Shifted,404,1.509422020983467,2.398490893165892
Shifted,405,2.956123588966557,2.398490893165892
Shifted,406,3.8641039075313013,2.398490893165892
Shifted,407,2.830184003787562,2.398490893165892
Shifted,408,2.7799779618524485,2.398490893165892
Shifted,409,3.49733967661343,2.398490893165892
Shifted,410,1.1526051655496288,2.398490893165892
Shifted,411,3.207190552632244,2.398490893165892
Shifted,412,3.048078918622697,2.398490893165892
Shifted,413,5.000937680475251,2.398490893165892
Shifted,414,3.804191296110107,2.398490893165892
Shifted,415,2.661031912376355,2.398490893165892
Shifted,416,2.0002913891273737,2.398490893165892
Shifted,417,2.936479394030863,2.398490893165892
Shifted,418,2.731514948389132,2.398490893165892
Shifted,419,1.798617277493527,2.398490893165892
Shifted,420,2.562281349886543,2.398490893165892
Shifted,421,1.9689980789478505,2.398490893165892
Shifted,422,2.22554482700117,2.398490893165892
Shifted,423,3.1912840671670426,2.398490893165892
Shifted,424,2.669625937065152,2.398490893165892
Shifted,425,3.191708239296527,2.398490893165892
Shifted,426,2.7760834848896763,2.398490893165892
Shifted,427,3.2348340697099216,2.398490893165892
Shifted,428,1.7300065888217728,2.398490893165892
Shifted,429,2.189718315510066,2.398490893165892
Shifted,430,4.506095689390976,2.398490893165892
Shifted,431,3.144917054682744,2.398490893165892
Shifted,432,2.057768225017626,2.398490893165892
Shifted,433,2.1789767834492415,2.398490893165892
Shifted,434,4.043119073407157,2.398490893165892
Shifted,435,3.434096248338012,2.398490893165892
Shifted,436,4.604577974505088,2.398490893165892
Shifted,437,2.5785578952183332,2.398490893165892
Shifted,438,1.67800982761108,2.398490893165892
Shifted,439,2.8269768259267725,2.398490893165892
Shifted,440,2.761867159043374,2.398490893165892
Shifted,441,4.625402614824161,2.398490893165892
Shifted,442,2.671806384887195,2.398490893165892
Shifted,443,5.562337935068918,2.398490893165892
Shifted,444,2.2450369098698815,2.398490893165892
Shifted,445,2.497769236777614,2.398490893165892
Shifted,446,5.570150701542596,2.398490893165892
Shifted,447,2.9519715563411024,2.398490893165892
Shifted,448,2.6898690098546325,2.398490893165892
Shifted,449,2.102495997066096,2.398490893165892
Shifted,450,2.1784146674386675,2.398490893165892
Shifted,451,2.5288385559611393,2.398490893165892
Shifted,452,2.0523053400113502,2.398490893165892
Shifted,453,3.3575751624433465,2.398490893165892
Shifted,454,3.335119822499846,2.398490893165892
Shifted,455,3.2957267361262907,2.398490893165892
Shifted,456,2.6482191485551496,2.398490893165892
Shifted,457,2.7628499788474503,2.398490893165892
Shifted,458,2.4717831383098785,2.398490893165892
Shifted,459,3.528928300683154,2.398490893165892
Shifted,460,5.233016261642481,2.398490893165892
Shifted,461,3.334540676815394,2.398490893165892
Shifted,462,2.68942562511699,2.398490893165892
Shifted,463,2.9882902995376877,2.398490893165892
Shifted,464,3.2038710849424956,2.398490893165892
Shifted,465,4.325730599979958,2.398490893165892
Shifted,466,2.1860103624653764,2.398490893165892
Shifted,467,1.3656001274427492,2.398490893165892
Shifted,468,4.305174793436037,2.398490893165892
Shifted,469,1.9693226891423221,2.398490893165892
Shifted,470,1.9573061309149646,2.398490893165892
Shifted,471,3.9777224166962144,2.398490893165892
Shifted,472,3.064279361529838,2.398490893165892
Shifted,473,1.7007737297284458,2.398490893165892
Shifted,474,2.216358949309607,2.398490893165892
Shifted,475,4.23468927847472,2.398490893165892
Shifted,476,2.2684620867301266,2.398490893165892
Shifted,477,1.3204951459539649,2.398490893165892
Shifted,478,2.6102602341860472,2.398490893165892
Shifted,479,2.389949571708249,2.398490893165892
Shifted,480,2.178818612995964,2.398490893165892
Shifted,481,5.169845449308265,2.398490893165892
Shifted,482,3.1025829465950236,2.398490893165892
Shifted,483,2.3573352835356105,2.398490893165892
Shifted,484,3.189810201055946,2.398490893165892
Shifted,485,4.0083352834651444,2.398490893165892
Shifted,486,2.4315918346931285,2.398490893165892
Shifted,487,2.041509525640814,2.398490893165892
Shifted,488,3.043140970337488,2.398490893165892
Shifted,489,1.1334967826424207,2.398490893165892
Shifted,490,5.560288111060962,2.398490893165892
Shifted,491,2.5294587819173207,2.398490893165892
Shifted,492,3.392885691858621,2.398490893165892
Shifted,493,3.2155784234510665,2.398490893165892
Shifted,494,2.3599329769117388,2.398490893165892
Shifted,495,5.670815311341942,2.398490893165892
Shifted,496,2.7257926164774564,2.398490893165892
Shifted,497,2.3178248576336014,2.398490893165892
Shifted,498,2.90634884578502,2.398490893165892
Shifted,499,1.6616297773558897,2.398490893165892
Shifted,500,2.4994634424653177,2.398490893165892
Shifted,501,3.410196497035009,2.398490893165892
Shifted,502,3.3433266581021757,2.398490893165892
Shifted,503,2.689053265393211,2.398490893165892
Shifted,504,3.962255480167429,2.398490893165892
Shifted,505,3.0192003566860732,2.398490893165892
Shifted,506,3.852409383509434,2.398490893165892
Shifted,507,4.702188696856334,2.398490893165892
Shifted,508,2.530486589275978,2.398490893165892
Shifted,509,1.448177714276681,2.398490893165892
Shifted,510,5.171019752167171,2.398490893165892
Shifted,511,2.496644319276985,2.398490893165892
Shifted,512,3.3182541862211767,2.398490893165892
Shifted,513,2.8748373783748162,2.398490893165892
Shifted,514,2.279657729317444,2.398490893165892
Shifted,515,2.6635534399864143,2.398490893165892
Shifted,516,1.9625940273355291,2.398490893165892
Shifted,517,4.208163128488748,2.398490893165892
Shifted,518,2.9215558450406576,2.398490893165892
Shifted,519,3.899470371444755,2.398490893165892
Shifted,520,2.8512419224874685,2.398490893165892
Shifted,521,2.77108876128369,2.398490893165892
Shifted,522,2.665368586745087,2.398490893165892
Shifted,523,4.325285493625186,2.398490893165892
Shifted,524,2.8335536938768113,2.398490893165892
Shifted,525,4.519481646447235,2.398490893165892
Shifted,526,4.5622408903756355,2.398490893165892
Shifted,527,3.533216029515584,2.398490893165892
Shifted,528,3.160981725647171,2.398490893165892
Shifted,529,3.118697036582224,2.398490893165892
Shifted,530,3.469377372819683,2.398490893165892
Shifted,531,3.5733649069582865,2.398490893165892
Shifted,532,2.905447891054833,2.398490893165892
Shifted,533,3.335287994233638,2.398490893165892
Shifted,534,3.693529240115154,2.398490893165892
Shifted,535,3.949337716538914,2.398490893165892
Shifted,536,3.8261812794572942,2.398490893165892
Shifted,537,2.905844751258009,2.398490893165892
Shifted,538,3.1809315177600683,2.398490893165892
Shifted,539,3.042536474946633,2.398490893165892
Shifted,540,3.0902697276859956,2.398490893165892
Shifted,541,3.4309445121884155,2.398490893165892
Shifted,542,3.250458991723204,2.398490893165892
Shifted,543,4.964650029416072,2.398490893165892
Shifted,544,2.278423118000011,2.398490893165892
Shifted,545,2.4109137597286123,2.398490893165892
Shifted,546,3.906139557819439,2.398490893165892
Shifted,547,2.9624375784662966,2.398490893165892
Shifted,548,2.2352571279166455,2.398490893165892
Shifted,549,3.734965270694952,2.398490893165892
Shifted,550,2.1369657949341256,2.398490893165892
Shifted,551,3.204595741768174,2.398490893165892
Shifted,552,2.0860354888645154,2.398490893165892
Shifted,553,1.7085461633027208,2.398490893165892
Shifted,554,3.415545289102344,2.398490893165892
Shifted,555,3.2168989206993746,2.398490893165892
Shifted,556,2.364539586104361,2.398490893165892
Shifted,557,3.7912300041034364,2.398490893165892
Shifted,558,2.091215811743793,2.398490893165892
Shifted,559,2.417231345147171,2.398490893165892
Shifted,560,2.9886630698510372,2.398490893165892
Shifted,561,2.8409830293851672,2.398490893165892
Shifted,562,2.3627405228623948,2.398490893165892
Shifted,563,2.7729973367167724,2.398490893165892
Shifted,564,3.8726535272400744,2.398490893165892
Shifted,565,3.3880189230676683,2.398490893165892
Shifted,566,2.190813158828911,2.398490893165892
Shifted,567,3.441988161605609,2.398490893165892
Shifted,568,3.407598879408283,2.398490893165892
Shifted,569,2.714925150347217,2.398490893165892
Shifted,570,2.6018182695007206,2.398490893165892
Shifted,571,3.8914821877207433,2.398490893165892
Shifted,572,2.537728827282468,2.398490893165892
Shifted,573,2.7025165566938747,2.398490893165892
Shifted,574,3.9431953492141094,2.398490893165892
Shifted,575,2.929720652082531,2.398490893165892
Shifted,576,2.9132426871041286,2.398490893165892
Shifted,577,3.936990353208251,2.398490893165892
Shifted,578,4.579684906588795,2.398490893165892
Shifted,579,4.695668703759238,2.398490893165892
Shifted,580,3.5533941378395744,2.398490893165892
Shifted,581,3.426559484930265,2.398490893165892
Shifted,582,3.3443781273477855,2.398490893165892
Shifted,583,1.6613881264743966,2.398490893165892
Shifted,584,2.137875528819439,2.398490893165892
Shifted,585,3.2526000948295204,2.398490893165892
Shifted,586,2.5869341962765726,2.398490893165892
Shifted,587,1.977422193939271,2.398490893165892
Shifted,588,3.1883175002463267,2.398490893165892
Shifted,589,3.61832155478054,2.398490893165892
Shifted,590,4.010265094911347,2.398490893165892
Shifted,591,4.770843315903187,2.398490893165892
Shifted,592,4.256439335283919,2.398490893165892
Shifted,593,2.377123182965568,2.398490893165892
Shifted,594,2.407458709686077,2.398490893165892
Shifted,595,3.0964351639918744,2.398490893165892
Shifted,596,2.714986411486452,2.398490893165892
Shifted,597,4.152646308770199,2.398490893165892
Shifted,598,1.4342965734891373,2.398490893165892
Shifted,599,5.731906386393445,2.398490893165892
Shifted,600,2.5050829718985668,2.398490893165892
Shifted,601,2.9488814546621547,2.398490893165892
Shifted,602,2.7774203690233703,2.398490893165892
Shifted,603,4.039619766733865,2.398490893165892
Shifted,604,4.941862549872053,2.398490893165892
Shifted,605,3.5721095464909824,2.398490893165892
Shifted,606,4.117290152208488,2.398490893165892
Shifted,607,3.732467491877985,2.398490893165892
Shifted,608,5.433353566801635,2.398490893165892
Shifted,609,6.193294871296538,2.398490893165892
Shifted,610,2.945685723595784,2.398490893165892
Shifted,611,1.7507953804067216,2.398490893165892
Shifted,612,4.058851420879142,2.398490893165892
Shifted,613,2.068659694105821,2.398490893165892
Shifted,614,4.1135266293548565,2.398490893165892
Shifted,615,3.1673749909240025,2.398490893165892
Shifted,616,4.4434805291507145,2.398490893165892
Shifted,617,2.549489441017916,2.398490893165892
Shifted,618,2.364367606551917,2.398490893165892
Shifted,619,2.0301310272972986,2.398490893165892
Shifted,620,2.075296824944152,2.398490893165892
Shifted,621,2.505933400926431,2.398490893165892
Shifted,622,3.207389098178803,2.398490893165892
Shifted,623,2.9098956779494025,2.398490893165892
Shifted,624,3.490483738539668,2.398490893165892
Shifted,625,3.619589851990272,2.398490893165892
Shifted,626,1.4196600647619009,2.398490893165892
Shifted,627,2.6786263420698866,2.398490893165892
Shifted,628,2.949741809172912,2.398490893165892
Shifted,629,3.671337533453454,2.398490893165892
Shifted,630,4.2217277795303065,2.398490893165892
Shifted,631,2.4839214454160254,2.398490893165892
Shifted,632,2.4520482094133045,2.398490893165892
Shifted,633,3.698652767399795,2.398490893165892
Shifted,634,2.3943062774531785,2.398490893165892
Shifted,635,3.107184545389452,2.398490893165892
Shifted,636,3.9366731864383873,2.398490893165892
Shifted,637,2.3266046262961395,2.398490893165892
Shifted,638,1.5596137002202597,2.398490893165892
Shifted,639,4.554624789682131,2.398490893165892
Shifted,640,2.768660672654358,2.398490893165892
Shifted,641,3.005023862399296,2.398490893165892
Shifted,642,3.8730898839278525,2.398490893165892
Shifted,643,4.233281386296857,2.398490893165892
Shifted,644,1.8752277682209186,2.398490893165892
Shifted,645,2.892056752440808,2.398490893165892
Shifted,646,4.186776161770213,2.398490893165892
Shifted,647,1.987156243078229,2.398490893165892
Shifted,648,3.111286629685988,2.398490893165892
Shifted,649,4.526087791523047,2.398490893165892
Shifted,650,1.6148536237800049,2.398490893165892
Shifted,651,2.2575303554557338,2.398490893165892
Shifted,652,2.0539893826840334,2.398490893165892
Shifted,653,2.355851586576812,2.398490893165892
Shifted,654,2.6187777563182597,2.398490893165892
Shifted,655,3.6245067767679657,2.398490893165892
Shifted,656,2.3959038426518657,2.398490893165892
Shifted,657,3.6332047181527685,2.398490893165892
Shifted,658,1.9187465131845185,2.398490893165892
Shifted,659,1.973232508830674,2.398490893165892
Shifted,660,4.395937219578714,2.398490893165892
Shifted,661,2.9755845753537873,2.398490893165892
Shifted,662,1.8795309145878014,2.398490893165892
Shifted,663,2.73197457481948,2.398490893165892
Shifted,664,2.5717908450791453,2.398490893165892
Shifted,665,4.919975978068945,2.398490893165892
Shifted,666,1.7156138614176697,2.398490893165892
Shifted,667,5.09417308525193,2.398490893165892
Shifted,668,3.193278594693774,2.398490893165892
Shifted,669,2.877644917114277,2.398490893165892
Shifted,670,2.997748675444723,2.398490893165892
Shifted,671,2.824416829167939,2.398490893165892
Shifted,672,3.1734913198655357,2.398490893165892
Shifted,673,3.54084664637151,2.398490893165892
Shifted,674,2.699714716375514,2.398490893165892
Shifted,675,3.1813638243525224,2.398490893165892
Shifted,676,2.505712439838274,2.398490893165892
Shifted,677,3.743395219166533,2.398490893165892
Shifted,678,2.5598222294800834,2.398490893165892
Shifted,679,3.014105162331785,2.398490893165892
Shifted,680,2.7486397191087155,2.398490893165892
Shifted,681,4.686995771980301,2.398490893165892
Shifted,682,3.3138295760741157,2.398490893165892
Shifted,683,4.365997653959269,2.398490893165892
Shifted,684,1.4211356552567664,2.398490893165892
Shifted,685,6.020925578932553,2.398490893165892
Shifted,686,3.148069848068312,2.398490893165892
Shifted,687,2.028473716791125,2.398490893165892
Shifted,688,2.718848788224038,2.398490893165892
Shifted,689,3.2674113434339755,2.398490893165892
Shifted,690,2.181843890285123,2.398490893165892
Shifted,691,3.5395836336772164,2.398490893165892
Shifted,692,3.778872935248989,2.398490893165892
Shifted,693,2.372176385598943,2.398490893165892
Shifted,694,2.678235616618739,2.398490893165892
Shifted,695,6.452851826067609,2.398490893165892
Shifted,696,3.3558080730941486,2.398490893165892
Shifted,697,5.259740727724293,2.398490893165892
Shifted,698,2.5812339937056454,2.398490893165892
Shifted,699,4.844038504636143,2.398490893165892
Shifted,700,1.7710835743003972,2.398490893165892
Shifted,701,3.720378393630178,2.398490893165892
Shifted,702,3.6359352525803734,2.398490893165892
Shifted,703,2.2623772403907143,2.398490893165892
Shifted,704,3.8529959728144854,2.398490893165892
Shifted,705,3.4076809588275063,2.398490893165892
Shifted,706,3.8985689772581114,2.398490893165892
Shifted,707,2.8178298033500573,2.398490893165892
Shifted,708,2.7049111876078706,2.398490893165892
Shifted,709,2.298109263392981,2.398490893165892
Shifted,710,3.064853657671593,2.398490893165892
Shifted,711,1.6923280273855748,2.398490893165892
Shifted,712,1.8829156778806324,2.398490893165892
Shifted,713,2.6760574780631097,2.398490893165892
Shifted,714,1.2534333425420237,2.398490893165892
Shifted,715,2.9229706639993247,2.398490893165892
Shifted,716,2.384285166988887,2.398490893165892
Shifted,717,2.5453346173468914,2.398490893165892
Shifted,718,3.618201947903791,2.398490893165892
Shifted,719,3.1447801373122486,2.398490893165892
Shifted,720,2.9436117816425718,2.398490893165892
Shifted,721,4.7333472755445305,2.398490893165892
Shifted,722,3.4327909517412323,2.398490893165892
Shifted,723,2.799095119413797,2.398490893165892
Shifted,724,2.1282614297331657,2.398490893165892
Shifted,725,3.677299781785871,2.398490893165892
Shifted,726,4.28759044917874,2.398490893165892
Shifted,727,3.0908586564396434,2.398490893165892
Shifted,728,2.7243743724336626,2.398490893165892
Shifted,729,3.235239923772357,2.398490893165892
Shifted,730,5.319903356022901,2.398490893165892
Shifted,731,3.4483444297446524,2.398490893165892
Shifted,732,2.394484959981089,2.398490893165892
Shifted,733,2.190793728731203,2.398490893165892
Shifted,734,2.250091217358708,2.398490893165892
Shifted,735,1.6988951863695265,2.398490893165892
Shifted,736,2.5341277092348675,2.398490893165892
Shifted,737,3.973003694793023,2.398490893165892
Shifted,738,4.080817311050956,2.398490893165892
Shifted,739,2.9523317467467396,2.398490893165892
Shifted,740,3.8206951696110925,2.398490893165892
Shifted,741,2.838269226189786,2.398490893165892
Shifted,742,2.517865638373858,2.398490893165892
Shifted,743,4.054578530978885,2.398490893165892
Shifted,744,2.506095267252965,2.398490893165892
Shifted,745,2.5413622550394783,2.398490893165892
Shifted,746,2.843205295948533,2.398490893165892
Shifted,747,2.7752080408199085,2.398490893165892
Shifted,748,3.4324492399370286,2.398490893165892
Shifted,749,1.8396353382268538,2.398490893165892
Shifted,750,4.147403051207143,2.398490893165892
Shifted,751,2.6088987114144606,2.398490893165892
Shifted,752,3.085625385045092,2.398490893165892
Shifted,753,2.9902546122616167,2.398490893165892
Shifted,754,2.533202997309099,2.398490893165892
Shifted,755,3.750322510047782,2.398490893165892
Shifted,756,2.5837852441942375,2.398490893165892
Shifted,757,2.510408169185358,2.398490893165892
Shifted,758,2.6975809826908783,2.398490893165892
Shifted,759,3.6444240382164748,2.398490893165892
Shifted,760,2.35588815454646,2.398490893165892
Shifted,761,2.5274840405821197,2.398490893165892
Shifted,762,2.9349159981202586,2.398490893165892
Shifted,763,1.971292145564897,2.398490893165892
Shifted,764,4.229593247490007,2.398490893165892
Shifted,765,2.8895814941051543,2.398490893165892
Shifted,766,3.1477900628575335,2.398490893165892
Shifted,767,1.5011251459298236,2.398490893165892
Shifted,768,1.058075079961683,2.398490893165892
Shifted,769,3.7289425553112876,2.398490893165892
Shifted,770,3.6747995601253756,2.398490893165892
Shifted,771,3.290348667990842,2.398490893165892
Shifted,772,4.279744003435004,2.398490893165892
Shifted,773,3.6297227360798088,2.398490893165892
Shifted,774,2.4114978039412365,2.398490893165892
Shifted,775,5.116578150230064,2.398490893165892
Shifted,776,1.8591913320354367,2.398490893165892
Shifted,777,1.5853950238609213,2.398490893165892
Shifted,778,3.593693156264553,2.398490893165892
Shifted,779,2.14781309347608,2.398490893165892
Shifted,780,2.646598118102741,2.398490893165892
Shifted,781,2.6045886165733267,2.398490893165892
Shifted,782,2.7995223719193763,2.398490893165892
Shifted,783,4.452660016916287,2.398490893165892
Shifted,784,2.783828904622611,2.398490893165892
Shifted,785,1.8993561286428442,2.398490893165892
Shifted,786,5.590097867912689,2.398490893165892
Shifted,787,3.5540644691394054,2.398490893165892
Shifted,788,3.8727234974612346,2.398490893165892
Shifted,789,4.322995825543124,2.398490893165892
Shifted,790,2.2221356801666805,2.398490893165892
Shifted,791,1.7889120248714334,2.398490893165892
Shifted,792,3.406065193163513,2.398490893165892
Shifted,793,3.3345003465034115,2.398490893165892
Shifted,794,3.706367041122835,2.398490893165892
Shifted,795,2.822276938656444,2.398490893165892
Shifted,796,1.8235127649429763,2.398490893165892
Shifted,797,2.0957866878497358,2.398490893165892
Shifted,798,3.9845688122024616,2.398490893165892
Shifted,799,2.915582098122458,2.398490893165892
Shifted,800,2.4521881422799092,2.398490893165892
Shifted,801,2.2863783938536697,2.398490893165892
Shifted,802,1.6848968676673632,2.398490893165892
Shifted,803,2.73238518976417,2.398490893165892
Shifted,804,4.320085945067091,2.398490893165892
Shifted,805,1.909830397078649,2.398490893165892
Shifted,806,2.694072715405285,2.398490893165892
Shifted,807,2.795372872018643,2.398490893165892
Shifted,808,2.31395247545364,2.398490893165892
Shifted,809,1.2355241531266288,2.398490893165892
Shifted,810,2.3681035062753755,2.398490893165892
Shifted,811,2.9940647108692016,2.398490893165892
Shifted,812,2.7867327735557113,2.398490893165892
Shifted,813,4.590551294718176,2.398490893165892
Shifted,814,2.4030571925628696,2.398490893165892
Shifted,815,4.425126362819498,2.398490893165892
Shifted,816,6.416902607779831,2.398490893165892
Shifted,817,3.434399669737332,2.398490893165892
Shifted,818,2.083167055287094,2.398490893165892
Shifted,819,2.7173335607866473,2.398490893165892
Shifted,820,1.5059649015757781,2.398490893165892
Shifted,821,3.8357943805026395,2.398490893165892
Shifted,822,2.573033946209637,2.398490893165892
Shifted,823,1.666457520092152,2.398490893165892
Shifted,824,3.286781742326494,2.398490893165892
Shifted,825,4.217617407701861,2.398490893165892
Shifted,826,2.796075505487691,2.398490893165892
Shifted,827,2.7253346865917987,2.398490893165892
Shifted,828,0.8687413033033209,2.398490893165892
Shifted,829,3.250509589488921,2.398490893165892
Shifted,830,4.350890841197713,2.398490893165892
Shifted,831,3.0388381670568947,2.398490893165892
Shifted,832,5.4000532996986,2.398490893165892
Shifted,833,2.9693090364936974,2.398490893165892
Shifted,834,3.7444317807424063,2.398490893165892
Shifted,835,2.176283727255292,2.398490893165892
Shifted,836,1.6832926185991282,2.398490893165892
Shifted,837,3.512428934598497,2.398490893165892
Shifted,838,1.6710695458395421,2.398490893165892
Shifted,839,3.2212031384870388,2.398490893165892
Shifted,840,3.2163430734828613,2.398490893165892
Shifted,841,3.449619743369133,2.398490893165892
Shifted,842,5.482118305345046,2.398490893165892
Shifted,843,2.328962115616571,2.398490893165892
Shifted,844,2.9031195938862946,2.398490893165892
Shifted,845,3.1886298060912526,2.398490893165892
Shifted,846,2.57023544206599,2.398490893165892
Shifted,847,2.128568798992467,2.398490893165892
Shifted,848,3.2900522173858686,2.398490893165892
Shifted,849,2.2985896460278528,2.398490893165892
Shifted,850,2.361208269148583,2.398490893165892
Shifted,851,4.1864470030646945,2.398490893165892
Shifted,852,2.3100568314094643,2.398490893165892
Shifted,853,1.8233579103114952,2.398490893165892
Shifted,854,3.253802228773016,2.398490893165892
Shifted,855,3.094716272742309,2.398490893165892
Shifted,856,4.271604193480393,2.398490893165892
Shifted,857,2.837921210158835,2.398490893165892
Shifted,858,3.1887178797341322,2.398490893165892
Shifted,859,2.253278619560393,2.398490893165892
Shifted,860,2.8953850602098563,2.398490893165892
Shifted,861,1.9891183578451892,2.398490893165892
Shifted,862,1.8144214633711608,2.398490893165892
Shifted,863,2.4163370503324386,2.398490893165892
Shifted,864,5.697476365782174,2.398490893165892
Shifted,865,3.450902890083095,2.398490893165892
Shifted,866,3.5298899186924677,2.398490893165892
Shifted,867,2.8149589263601413,2.398490893165892
Shifted,868,3.2838384425016685,2.398490893165892
Shifted,869,3.4138359289807285,2.398490893165892
Shifted,870,2.8394422242316883,2.398490893165892
Shifted,871,4.13340473067519,2.398490893165892
Shifted,872,4.815355948388751,2.398490893165892
Shifted,873,5.018895243820213,2.398490893165892
Shifted,874,1.9799634665706667,2.398490893165892
Shifted,875,3.4135348940678223,2.398490893165892
Shifted,876,2.9229855966906535,2.398490893165892
Shifted,877,2.130572080178711,2.398490893165892
Shifted,878,2.889061232140037,2.398490893165892
Shifted,879,1.6767058676926059,2.398490893165892
Shifted,880,4.429123365139503,2.398490893165892
Shifted,881,1.971646703933953,2.398490893165892
Shifted,882,2.2113434556479543,2.398490893165892
Shifted,883,5.2278293933340905,2.398490893165892
Shifted,884,4.45824854810329,2.398490893165892
Shifted,885,3.9079069704489546,2.398490893165892
Shifted,886,2.3951036068241636,2.398490893165892
Shifted,887,3.7100711118723724,2.398490893165892
Shifted,888,2.5989684434080442,2.398490893165892
Shifted,889,3.2628803865927103,2.398490893165892
Shifted,890,2.796155086207377,2.398490893165892
Shifted,891,5.223194392063531,2.398490893165892
Shifted,892,3.716377845554576,2.398490893165892
Shifted,893,1.9286081404396829,2.398490893165892
Shifted,894,3.5060370425914784,2.398490893165892
Shifted,895,5.147363846406326,2.398490893165892
Shifted,896,3.1853441017214537,2.398490893165892
Shifted,897,1.7150833559786103,2.398490893165892
Shifted,898,2.6522835307897545,2.398490893165892
Shifted,899,3.338262196856666,2.398490893165892
Shifted,900,4.568079552181333,2.398490893165892
Shifted,901,2.973099023755209,2.398490893165892
Shifted,902,1.9476857162072252,2.398490893165892
Shifted,903,2.689082264581121,2.398490893165892
Shifted,904,2.3622300219933243,2.398490893165892
Shifted,905,2.8528906257064564,2.398490893165892
Shifted,906,3.850947604520283,2.398490893165892
Shifted,907,3.424352916044864,2.398490893165892
Shifted,908,1.068898873045807,2.398490893165892
Shifted,909,4.513663322056035,2.398490893165892
Shifted,910,1.3972972644553414,2.398490893165892
Shifted,911,4.20870419545418,2.398490893165892
Shifted,912,3.5489019234404324,2.398490893165892
Shifted,913,2.7891984874321967,2.398490893165892
Shifted,914,4.238845687898394,2.398490893165892
Shifted,915,4.3777826809009275,2.398490893165892
Shifted,916,3.1043574069546636,2.398490893165892
Shifted,917,3.7013006950256155,2.398490893165892
Shifted,918,4.968093622126135,2.398490893165892
Shifted,919,2.40792127962127,2.398490893165892
Shifted,920,2.953976413672836,2.398490893165892
Shifted,921,3.938808191494704,2.398490893165892
Shifted,922,3.1215510390200327,2.398490893165892
Shifted,923,3.3127592959705217,2.398490893165892
Shifted,924,2.542497481636112,2.398490893165892
Shifted,925,3.33877409494795,2.398490893165892
Shifted,926,5.760327261510863,2.398490893165892
Shifted,927,4.460049082836869,2.398490893165892
Shifted,928,3.141242523454641,2.398490893165892
Shifted,929,2.5561700648959857,2.398490893165892
Shifted,930,3.1883624573388833,2.398490893165892
Shifted,931,2.154225100485485,2.398490893165892
Shifted,932,3.639073149686929,2.398490893165892
Shifted,933,3.134161968609423,2.398490893165892
Shifted,934,1.4844966975737262,2.398490893165892
Shifted,935,2.328819231812246,2.398490893165892
Shifted,936,3.0755489883972964,2.398490893165892
Shifted,937,3.9520009761549844,2.398490893165892
Shifted,938,5.595523404543463,2.398490893165892
Shifted,939,3.252602516462147,2.398490893165892
Shifted,940,4.501312946829007,2.398490893165892
Shifted,941,1.5764946734960006,2.398490893165892
Shifted,942,2.791324695620226,2.398490893165892
Shifted,943,3.8781987166374177,2.398490893165892
Shifted,944,4.218462100528584,2.398490893165892
Shifted,945,3.526703115299839,2.398490893165892
Shifted,946,1.336425292479058,2.398490893165892
Shifted,947,3.768387810634317,2.398490893165892
Shifted,948,2.3823292509542666,2.398490893165892
Shifted,949,3.4956003025653053,2.398490893165892
Shifted,950,3.9103296614354437,2.398490893165892
Shifted,951,2.5762718442155754,2.398490893165892
Shifted,952,4.661032593304862,2.398490893165892
Shifted,953,3.3662446552908656,2.398490893165892
Shifted,954,3.7478102796425548,2.398490893165892
Shifted,955,3.7113101273074176,2.398490893165892
Shifted,956,4.281627737557711,2.398490893165892
Shifted,957,4.088930533765975,2.398490893165892
Shifted,958,2.8770140803933444,2.398490893165892
Shifted,959,2.6786637874186217,2.398490893165892
Shifted,960,1.4929957133642249,2.398490893165892
Shifted,961,3.358465917367662,2.398490893165892
Shifted,962,4.199686729839646,2.398490893165892
Shifted,963,2.1592928063821155,2.398490893165892
Shifted,964,2.663938199515708,2.398490893165892
Shifted,965,1.4191443124396752,2.398490893165892
Shifted,966,2.9467135021187807,2.398490893165892
Shifted,967,2.3328464564324696,2.398490893165892
Shifted,968,3.4209435728753657,2.398490893165892
Shifted,969,1.586396576526463,2.398490893165892
Shifted,970,2.7864678088343426,2.398490893165892
Shifted,971,2.6074103458288342,2.398490893165892
Shifted,972,3.8565720569454536,2.398490893165892
Shifted,973,1.6865850615821145,2.398490893165892
Shifted,974,2.5955583198441454,2.398490893165892
Shifted,975,3.5878052092458548,2.398490893165892
Shifted,976,4.675415002774107,2.398490893165892
Shifted,977,3.1720039301757916,2.398490893165892
Shifted,978,3.998428749589774,2.398490893165892
Shifted,979,2.251980348469287,2.398490893165892
Shifted,980,4.921591107362598,2.398490893165892
Shifted,981,3.8326599154254026,2.398490893165892
Shifted,982,3.6669602273258093,2.398490893165892
Shifted,983,2.4175244615254576,2.398490893165892
Shifted,984,1.8859130262428507,2.398490893165892
Shifted,985,3.5202627995157942,2.398490893165892
Shifted,986,2.7009471347873957,2.398490893165892
Shifted,987,1.622678642854658,2.398490893165892
Shifted,988,2.993377421821649,2.398490893165892
Shifted,989,2.825282108445485,2.398490893165892
Shifted,990,1.4336590747036626,2.398490893165892
Shifted,991,4.135216512757258,2.398490893165892
Shifted,992,4.717718706926025,2.398490893165892
Shifted,993,3.468543148784611,2.398490893165892
Shifted,994,3.692580117966445,2.398490893165892
Shifted,995,1.875209480918074,2.398490893165892
Shifted,996,2.69586584640881,2.398490893165892
Shifted,997,3.023211954268582,2.398490893165892
Shifted,998,1.687760307529157,2.398490893165892
Shifted,999,1.7457976312841328,2.398490893165892
