rep,contamination,method,mean_l2_error,utility,oracle_regret,true_vol,test_cvar,weight_asset1
0,0.0,Sample,0.07563889030488778,-0.0043236331823825955,0.004212532998799694,0.5650393864001718,1.1693804594306192,0.20048537748574893
0,0.0,MOM mean,0.15896505093836014,-0.019533106436584458,0.019422006253001556,0.663108082638935,1.4017787361076905,2.6444368613279257e-18
0,0.0,Winsorized,0.06318233584821006,-0.025617389050467357,0.025506288866884455,0.716081748307478,1.4357680331470117,5.3515541607526695e-18
0,0.0,Oracle,0.0,-0.00011110018358290175,0.0,0.5641175653563572,1.167734182233944,0.19936134368767053
0,0.03,Sample,0.371944455438075,-0.002787043970193692,0.0026759437866107905,0.5564983637141705,1.1517175678944955,0.22596978986065108
0,0.03,MOM mean,0.28427966559326273,-0.00802521160913415,0.007914111425551248,0.5873751910983677,1.1921818475484707,0.1517148671039966
0,0.03,Winsorized,0.06744045216614754,-0.021834774056721143,0.02172367387313824,0.692532253868293,1.3907578712391415,0.06084671041776812
0,0.03,Oracle,0.0,-0.00011110018358290175,0.0,0.5641175653563572,1.167734182233944,0.19936134368767053
1,0.0,Sample,0.09643438260884583,-0.02582993390200189,0.025718833718418987,0.7199462748150617,1.5738860550393259,2.1589811034328048e-18
1,0.0,MOM mean,0.07086340346690344,-0.015413008371262374,0.015301908187679472,0.6849947004919476,1.4735131389090177,4.580076552393453e-17
1,0.0,Winsorized,0.06145454802420975,-0.03421369838621799,0.03410259820263509,0.7627974922436069,1.6511479726392086,5.6926437407001356e-18
1,0.0,Oracle,0.0,-0.00011110018358290175,0.0,0.5641175653563572,1.192705726655499,0.19936134368767053
1,0.03,Sample,0.31997117019136756,-0.018541962673880433,0.01843086249029753,0.658003898954977,1.4391561850119463,0.2179598591125973
1,0.03,MOM mean,0.12204591354911745,-0.011931232957520965,0.011820132773938063,0.6525526118934418,1.3972798207651955,0.08953364427375811
1,0.03,Winsorized,0.06930482865676114,-0.029422647162283405,0.029311546978700503,0.7312409601101088,1.5897944039062042,0.10215893543194107
1,0.03,Oracle,0.0,-0.00011110018358290175,0.0,0.5641175653563572,1.192705726655499,0.19936134368767053
2,0.0,Sample,0.27645192965227927,-0.015975177211064603,0.0158640770274817,0.661111075470949,1.574633524904105,0.12420743150458464
2,0.0,MOM mean,0.19797343985753127,-0.03733478598760766,0.037223685804024756,0.760341194801399,1.7641621916786059,2.120970499924768e-18
2,0.0,Winsorized,0.13135481392076503,-0.021032184741287374,0.020921084557704472,0.7016536966933418,1.654762235228753,0.0
2,0.0,Oracle,0.0,-0.00011110018358290175,0.0,0.5641175653563572,1.2911595976790036,0.19936134368767053
2,0.03,Sample,0.46234444433366384,-0.015144293017329252,0.01503319283374635,0.6429735935500319,1.5407501186838646,0.24253281905230928
2,0.03,MOM mean,0.34825483303230115,-0.009340435749342,0.009229335565759098,0.6088662310161381,1.4560170473353167,0.15403576946177727
2,0.03,Winsorized,0.14843220300693913,-0.0171815615579569,0.017070461374374,0.661728859104849,1.5896832087771218,0.18869859725949997
2,0.03,Oracle,0.0,-0.00011110018358290175,0.0,0.5641175653563572,1.2911595976790036,0.19936134368767053
3,0.0,Sample,0.20138106506411424,-0.02721197230569089,0.02710087212210799,0.6297912020992502,1.2912242107412553,0.6
3,0.0,MOM mean,0.21360375292586425,-0.03403971763542031,0.03392861745183741,0.6776019607400072,1.4126330988639277,0.5545657366891826
3,0.0,Winsorized,0.14137531175203708,-0.021877360408887353,0.02176626022530445,0.6155445302650917,1.2519808137557966,0.45591201677555754
3,0.0,Oracle,0.0,-0.00011110018358290175,0.0,0.5641175653563572,1.153262639916521,0.19936134368767053
3,0.03,Sample,0.41203085993351823,-0.016514851224922383,0.01640375104133948,0.6291111337619139,1.297302375170902,0.3316730851590995
3,0.03,MOM mean,0.2315860771719996,-0.02410875250595068,0.02399765232236778,0.6628843367032341,1.3923753563393437,0.1489894480463082
3,0.03,Winsorized,0.15174708091023614,-0.02496403713845051,0.024852936954867608,0.603735254307621,1.2238684909915785,0.5999999999999999
3,0.03,Oracle,0.0,-0.00011110018358290175,0.0,0.5641175653563572,1.153262639916521,0.19936134368767053
4,0.0,Sample,0.19542710802887236,-0.022984605716517087,0.022873505532934185,0.6853885839914624,1.3303909520585384,1.6551023789349029e-18
4,0.0,MOM mean,0.1654767991640841,-0.027993952002649286,0.027882851819066384,0.6823262372265956,1.3080097549367358,0.0
4,0.0,Winsorized,0.17984841785353525,-0.03222344723692215,0.03211234705333925,0.7235985840251667,1.3985742853888838,1.3992984288641042e-17
4,0.0,Oracle,0.0,-0.00011110018358290175,0.0,0.5641175653563572,1.0387112111134118,0.19936134368767053
4,0.03,Sample,0.34081431249423516,-0.015194426452068005,0.015083326268485103,0.6237641417182704,1.2128704287390086,0.22541103117881753
4,0.03,MOM mean,0.23050241338383254,-0.019484826295708496,0.019373726112125594,0.6668376653137353,1.3053726656318314,0.12168835295803129
4,0.03,Winsorized,0.17395406897594076,-0.03217292982269204,0.03206182963910914,0.7234848988786186,1.3983796773748531,8.663114171338082e-17
4,0.03,Oracle,0.0,-0.00011110018358290175,0.0,0.5641175653563572,1.0387112111134118,0.19936134368767053
5,0.0,Sample,0.1546222674648964,-0.03103407771997925,0.03092297753639635,0.7377274472655326,1.6089942670294173,4.035053202482673e-19
5,0.0,MOM mean,0.15349108859040972,-0.0191772143831479,0.019066114199565,0.6679664985831608,1.4082519778748699,0.0133955039763822
5,0.0,Winsorized,0.1392389221607599,-0.04063894074288327,0.040527840559300365,0.774816167452438,1.6730050704602868,0.0
5,0.0,Oracle,0.0,-0.00011110018358290175,0.0,0.5641175653563572,1.1960789329050008,0.19936134368767053
5,0.03,Sample,0.3770114671618682,-0.01764704054645115,0.01753594036286825,0.6532966813951874,1.4095837508490874,0.22971562392880382
5,0.03,MOM mean,0.22204523373548193,-0.02410487192401324,0.02399377174043034,0.687430701588447,1.4280412349867362,0.0
5,0.03,Winsorized,0.14516030942914693,-0.03705425695984958,0.03694315677626668,0.7500445770507953,1.6108791581243058,0.12016139734261125
5,0.03,Oracle,0.0,-0.00011110018358290175,0.0,0.5641175653563572,1.1960789329050008,0.19936134368767053
6,0.0,Sample,0.12599821363630814,-0.017904796016923616,0.017793695833340714,0.6284509781763592,1.3051951758606506,0.11343197767414001
6,0.0,MOM mean,0.12507046707782907,-0.013099928295371759,0.012988828111788857,0.6069751171154587,1.2624542183544754,0.15321611072226932
6,0.0,Winsorized,0.0661689763551818,-0.014746510819010655,0.014635410635427754,0.6427273176680756,1.3302247886493537,0.0
6,0.0,Oracle,0.0,-0.00011110018358290175,0.0,0.5641175653563572,1.174170527148587,0.19936134368767053
6,0.03,Sample,0.3830070651394188,-0.008863785715331668,0.008752685531748766,0.5837136068132388,1.2005897455317498,0.18955365754671677
6,0.03,MOM mean,0.32177776164398847,-0.01592865741144251,0.01581755722785961,0.6133126998964498,1.276792493875878,0.18901157370751925
6,0.03,Winsorized,0.07101641479090295,-0.008991147465057088,0.008880047281474186,0.5961771832756328,1.219634843791412,0.14715358312642376
6,0.03,Oracle,0.0,-0.00011110018358290175,0.0,0.5641175653563572,1.174170527148587,0.19936134368767053
7,0.0,Sample,0.16602527723544364,-0.03962658860314286,0.03951548841955996,0.7274408576245933,1.5923041627171828,0.3068409099535443
7,0.0,MOM mean,0.18504491120387692,-0.04642111641689024,0.04631001623330734,0.7863742151087385,1.7232355628648839,5.4277871260055566e-18
7,0.0,Winsorized,0.12958446899328613,-0.047584668500860614,0.04747356831727771,0.7750991795300852,1.7178832040001195,0.2675659612523266
7,0.0,Oracle,0.0,-0.00011110018358290175,0.0,0.5641175653563572,1.1477131644180534,0.19936134368767053
7,0.03,Sample,0.4410172092412644,-0.023251069807951733,0.02313996962436883,0.6680111877220924,1.4393595868359896,0.2551730800726365
7,0.03,MOM mean,0.49632923904877657,-0.010912656481065486,0.010801556297482584,0.6058206318709786,1.2080853748700866,0.29068124763384123
7,0.03,Winsorized,0.14403889018882035,-0.05528000000000004,0.055168899816417136,0.7787168933572715,1.7162637977304498,0.4000000000000002
7,0.03,Oracle,0.0,-0.00011110018358290175,0.0,0.5641175653563572,1.1477131644180534,0.19936134368767053
8,0.0,Sample,0.11411410044528046,-0.026059950498714637,0.025948850315131736,0.685981761535108,1.4924393687556747,0.259532569343283
8,0.0,MOM mean,0.19526305894562873,-0.033193293788633116,0.033082193605050214,0.7299162285918797,1.583724757724898,0.000885198522501616
8,0.0,Winsorized,0.14960945447839216,-0.036785656072856485,0.03667455588927358,0.7122656555065501,1.5568754215564007,0.3889582314358926
8,0.0,Oracle,0.0,-0.00011110018358290175,0.0,0.5641175653563572,1.1526056043013002,0.19936134368767053
8,0.03,Sample,0.40819602590740406,-0.015095407679009784,0.014984307495426882,0.6413018706357732,1.3813380923268892,0.23800919207554852
8,0.03,MOM mean,0.35760125684487387,-0.012598134427831365,0.012487034244248463,0.6429840292980274,1.3356543915724188,0.17750988158676334
8,0.03,Winsorized,0.1685780300337912,-0.03594884426317533,0.03583774407959243,0.6927117340237416,1.511671445891584,0.5048025633704223
8,0.03,Oracle,0.0,-0.00011110018358290175,0.0,0.5641175653563572,1.1526056043013002,0.19936134368767053
9,0.0,Sample,0.16986599472324354,-0.04032960814960565,0.04021850796602275,0.7994297557959017,1.6745678890341233,2.928701118426469e-17
9,0.0,MOM mean,0.21103523766948773,-0.01763713522291782,0.01752603503933492,0.7025829368909732,1.4819572848474196,0.0
9,0.0,Winsorized,0.13621998273816083,-0.03087483906159197,0.030763738878009067,0.7584699776068535,1.578708649048136,0.0
9,0.0,Oracle,0.0,-0.00011110018358290175,0.0,0.5641175653563572,1.2355715566672507,0.19936134368767053
9,0.03,Sample,0.2525412949283601,-0.02333084307467749,0.02321974289109459,0.7105596222250932,1.4849741348869265,0.16333939987937574
9,0.03,MOM mean,0.13629134575083815,-0.0031458581060143237,0.003034757922431422,0.5986899457102024,1.2892236273718691,0.05436369383061736
9,0.03,Winsorized,0.11773714384188759,-0.03075132960923746,0.030640229425654558,0.757921007708841,1.5776417637421003,0.0
9,0.03,Oracle,0.0,-0.00011110018358290175,0.0,0.5641175653563572,1.2355715566672507,0.19936134368767053
10,0.0,Sample,0.14162810753104907,-0.023678476896405815,0.023567376712822913,0.615945966354766,1.3208348348944794,0.35446227851186324
10,0.0,MOM mean,0.22944122203553222,-0.03086745661851665,0.030756356434933747,0.6636069609347748,1.504686408493173,0.1085973417137595
10,0.0,Winsorized,0.18256167003470747,-0.027227582015789106,0.027116481832206205,0.6469934535772675,1.426863476736219,0.24055065377928014
10,0.0,Oracle,0.0,-0.00011110018358290175,0.0,0.5641175653563572,1.2219550579455265,0.19936134368767053
10,0.03,Sample,0.407958504150872,-0.01928330793448481,0.019172207750901907,0.6121143762732709,1.3216193709068533,0.28036781514201775
10,0.03,MOM mean,0.3284728574391969,-0.03142753427812577,0.03131643409454287,0.6560468337249129,1.4513899176495988,0.20447237728108678
10,0.03,Winsorized,0.19729092958829605,-0.022693628183542786,0.022582527999959884,0.5983482055128493,1.250947561257821,0.44750704081245524
10,0.03,Oracle,0.0,-0.00011110018358290175,0.0,0.5641175653563572,1.2219550579455265,0.19936134368767053
11,0.0,Sample,0.16053136901218332,-0.03395671855378592,0.033845618370203015,0.7554652760310784,1.6616899097040518,0.013506165888706
11,0.0,MOM mean,0.13020404468570812,-0.04929827424059753,0.04918717405701463,0.8206128825308303,1.7782706611065437,0.0
11,0.0,Winsorized,0.11132074442576026,-0.04585133698443514,0.045740236800852235,0.7962245089306779,1.7404714855721874,0.0
11,0.0,Oracle,0.0,-0.00011110018358290175,0.0,0.5641175653563572,1.2423985977374032,0.19936134368767053
11,0.03,Sample,0.33028540435967696,-0.019973344871201185,0.019862244687618283,0.663689995681065,1.496452237718231,0.2436034722918304
11,0.03,MOM mean,0.18812568916228403,-0.037722849932543476,0.037611749748960574,0.7642379984807923,1.6686323317523135,0.13113539629171694
11,0.03,Winsorized,0.10607516187654928,-0.03658167982370486,0.03647057964012196,0.7480355133709102,1.6517107618838642,0.11958203916116088
11,0.03,Oracle,0.0,-0.00011110018358290175,0.0,0.5641175653563572,1.2423985977374032,0.19936134368767053
12,0.0,Sample,0.09048368560227661,-0.04490960236067365,0.04479850217709075,0.7971008153818271,1.8092022245463775,6.2849844686269085e-19
12,0.0,MOM mean,0.06871971295948558,-0.02633918016337125,0.02622807997978835,0.6993624946457857,1.5790196961155027,0.08879746164582536
12,0.0,Winsorized,0.08138047094922976,-0.047360209271499115,0.04724910908791621,0.8129537863041622,1.8480112533444162,0.0
12,0.0,Oracle,0.0,-0.00011110018358290175,0.0,0.5641175653563572,1.2618610775677999,0.19936134368767053
12,0.03,Sample,0.3540145160223192,-0.0268792337221999,0.026768133538616998,0.6996443899520327,1.6357745803860109,0.2421884199865502
12,0.03,MOM mean,0.23497825786116278,-0.048938438191075184,0.04882733800749228,0.8185334513111743,1.9143888884339564,0.12277506090638017
12,0.03,Winsorized,0.09095503639985299,-0.03836255732729771,0.03825145714371481,0.7690945375812297,1.772065066204627,0.11128428250721799
12,0.03,Oracle,0.0,-0.00011110018358290175,0.0,0.5641175653563572,1.2618610775677999,0.19936134368767053
13,0.0,Sample,0.2170548056684378,-0.06254047779898211,0.06242937761539921,0.8623003241733123,1.9355343430584995,0.0
13,0.0,MOM mean,0.31206936486559866,-0.06222419002579686,0.06211308984221396,0.864227012952458,1.9406794697491818,0.0
13,0.0,Winsorized,0.20032753470435796,-0.06914458098757276,0.06903348080398986,0.8766540814369187,1.9687974914755584,3.8208688668471e-17
13,0.0,Oracle,0.0,-0.00011110018358290175,0.0,0.5641175653563572,1.2393208606932318,0.19936134368767053
13,0.03,Sample,0.38017298828807766,-0.043298564841873485,0.043187464658290584,0.7728999820007941,1.7229930904511552,0.2018341210148051
13,0.03,MOM mean,0.4045379625254259,-0.05050788418644017,0.05039678400285727,0.8077148268037829,1.8097394183886824,0.1535520735650447
13,0.03,Winsorized,0.2029119117771139,-0.06904498332629126,0.06893388314270836,0.8764382482461284,1.9684225872673933,0.0
13,0.03,Oracle,0.0,-0.00011110018358290175,0.0,0.5641175653563572,1.2393208606932318,0.19936134368767053
14,0.0,Sample,0.11437226478716549,-0.016322720201621538,0.016211620018038636,0.6329728013132291,1.2418920807552802,1.4653669987499396e-19
14,0.0,MOM mean,0.1566536378357556,-0.016015221836395838,0.015904121652812936,0.6761399263268005,1.370159279801661,0.0
14,0.0,Winsorized,0.09970891960265672,-0.02494947819929863,0.02483837801571573,0.6717988387288304,1.3328708423742677,0.0
14,0.0,Oracle,0.0,-0.00011110018358290175,0.0,0.5641175653563572,1.1316308355215186,0.19936134368767053
14,0.03,Sample,0.34871822598405783,-0.008009693058881905,0.007898592875299003,0.5686638445294091,1.1278207318513755,0.2202548931720226
14,0.03,MOM mean,0.22585791882132486,-0.009941288978593157,0.009830188795010256,0.5973793402288861,1.2039491989115623,0.12270868311472577
14,0.03,Winsorized,0.10666943999129955,-0.02261525973061023,0.02250415954702733,0.6418422431865578,1.2873504890818128,0.13461821582949268
14,0.03,Oracle,0.0,-0.00011110018358290175,0.0,0.5641175653563572,1.1316308355215186,0.19936134368767053
15,0.0,Sample,0.11376081937449573,-0.03684232059754762,0.03673122041396472,0.7736966798522603,1.7059583406601333,0.043265272449281036
15,0.0,MOM mean,0.17000455445104473,-0.04097538233717343,0.04086428215359053,0.7701744770669543,1.7156447862855693,0.05281783452263279
15,0.0,Winsorized,0.12175107975134923,-0.06502136206780174,0.06491026188421883,0.8874106208123802,1.9600326117500395,0.0
15,0.0,Oracle,0.0,-0.00011110018358290175,0.0,0.5641175653563572,1.1768388640452287,0.19936134368767053
15,0.03,Sample,0.3534241600658355,-0.021037595242133958,0.020926495058551056,0.6751128809376609,1.472447956269131,0.24089034736451906
15,0.03,MOM mean,0.16348313677876808,-0.031492832166631124,0.03138173198304822,0.7547371295581926,1.6213374428091618,0.07465781282858733
15,0.03,Winsorized,0.12394661230614351,-0.06494793676070747,0.06483683657712457,0.8871449626406273,1.9594764813308356,0.0
15,0.03,Oracle,0.0,-0.00011110018358290175,0.0,0.5641175653563572,1.1768388640452287,0.19936134368767053
16,0.0,Sample,0.1479527307278192,-0.004436024869783742,0.00432492468620084,0.6089168692173218,1.3185879461226993,0.05247586099144081
16,0.0,MOM mean,0.15540396076258947,-0.015379403050636203,0.015268302867053302,0.6300346964510859,1.3388825500400046,0.0
16,0.0,Winsorized,0.08375177565376449,-0.01912203158837167,0.019010931404788767,0.6859041508890411,1.475974998123046,0.0
16,0.0,Oracle,0.0,-0.00011110018358290175,0.0,0.5641175653563572,1.2386506411798952,0.19936134368767053
16,0.03,Sample,0.3503487512638535,-0.0029292489460990487,0.002818148762516147,0.5656510699388642,1.2575488737132514,0.2549987760094384
16,0.03,MOM mean,0.07769006392463118,-0.006037073379510344,0.005925973195927442,0.6141684086462628,1.3159900158927265,0.0838209240172772
16,0.03,Winsorized,0.08998941059882658,-0.01823639956449412,0.018125299380911217,0.6801302646382925,1.4660715837844827,0.015797328423293275
16,0.03,Oracle,0.0,-0.00011110018358290175,0.0,0.5641175653563572,1.2386506411798952,0.19936134368767053
17,0.0,Sample,0.11476105605554054,-0.014812569616988416,0.014701469433405515,0.6401409229759278,1.2959490595472545,0.23691475533904263
17,0.0,MOM mean,0.10729389403314385,-0.022441924116283193,0.02233082393270029,0.7054840342352854,1.4440572390844804,0.18136748956099025
17,0.0,Winsorized,0.12131281477109164,-0.012095382440803715,0.011984282257220813,0.5983086864299897,1.216342916083022,0.3062376826371321
17,0.0,Oracle,0.0,-0.00011110018358290175,0.0,0.5641175653563572,1.1683587531834103,0.19936134368767053
17,0.03,Sample,0.34929715183533516,-0.014020598388245209,0.013909498204662307,0.6338719970261204,1.2849106159873451,0.2495602715477502
17,0.03,MOM mean,0.10739364803533301,-0.013876409871774659,0.013765309688191757,0.6771743942845287,1.3686866450919293,5.407458335271453e-18
17,0.03,Winsorized,0.12693834592982153,-0.013931030673406078,0.013819930489823176,0.5818724065439148,1.1903690251928365,0.4335094016525394
17,0.03,Oracle,0.0,-0.00011110018358290175,0.0,0.5641175653563572,1.1683587531834103,0.19936134368767053
18,0.0,Sample,0.1937226258820165,-0.013653314372312125,0.013542214188729224,0.6095527889299848,1.2816311071617374,0.1515267077639007
18,0.0,MOM mean,0.2119132360722741,-0.022027792096447993,0.02191669191286509,0.6414973447385018,1.329711362460805,0.0
18,0.0,Winsorized,0.17496882726597304,-0.02582136682428965,0.025710266640706747,0.6679208074183187,1.3862954047158003,6.63676894403002e-17
18,0.0,Oracle,0.0,-0.00011110018358290175,0.0,0.5641175653563572,1.2418303084426041,0.19936134368767053
18,0.03,Sample,0.4505589933263439,-0.011021705745912845,0.010910605562329943,0.5840874352993018,1.2616048273701146,0.2673669657644754
18,0.03,MOM mean,0.31028404277307486,-0.017517420734896996,0.017406320551314095,0.640774176508834,1.3888068210252746,0.13801262309020082
18,0.03,Winsorized,0.1875828448850741,-0.01701766279315023,0.016906562609567327,0.6147323343194079,1.2917911492272622,0.15440342747615174
18,0.03,Oracle,0.0,-0.00011110018358290175,0.0,0.5641175653563572,1.2418303084426041,0.19936134368767053
19,0.0,Sample,0.3120134771904739,-0.018876126326853634,0.018765026143270733,0.6292994681817097,1.3273423306123844,2.2958767972437722e-18
19,0.0,MOM mean,0.34117018741414123,-0.022678569955578175,0.022567469771995273,0.6479522240704625,1.3382863037779078,0.0
19,0.0,Winsorized,0.25681068414264024,-0.0218538384475854,0.021742738264002498,0.6509187733495626,1.3649593899520882,0.0
19,0.0,Oracle,0.0,-0.00011110018358290175,0.0,0.5641175653563572,1.2071982387522102,0.19936134368767053
19,0.03,Sample,0.39246433205314707,-0.010439139597942425,0.010328039414359523,0.5715213491863835,1.2054801539413142,0.19873027689750633
19,0.03,MOM mean,0.4302444034158968,-0.018233230096620597,0.018122129913037695,0.5854074342962112,1.2810709730097036,0.25041427561832547
19,0.03,Winsorized,0.2506900562140762,-0.02184259135864651,0.021731491175063608,0.650857494879549,1.364810920425816,0.0
19,0.03,Oracle,0.0,-0.00011110018358290175,0.0,0.5641175653563572,1.2071982387522102,0.19936134368767053
20,0.0,Sample,0.1996466818449619,-0.02009278614109651,0.01998168595751361,0.6657727671835478,1.4807622058053762,0.1673794345902997
20,0.0,MOM mean,0.2142244235788332,-0.037227133719802546,0.037116033536219645,0.7636525108615001,1.669140662176102,0.0
20,0.0,Winsorized,0.1760663115161778,-0.037534629210228654,0.03742352902664575,0.7565885587974579,1.6679398651415531,5.692806856124705e-17
20,0.0,Oracle,0.0,-0.00011110018358290175,0.0,0.5641175653563572,1.2072419503569134,0.19936134368767053
20,0.03,Sample,0.34447182436561113,-0.018673545506214265,0.018562445322631363,0.643551476142905,1.4492547203120028,0.2923970728091362
20,0.03,MOM mean,0.13976616393498803,-0.0064319172095316235,0.006320817025948722,0.6057102917812619,1.3106669364790038,0.0929646930274853
20,0.03,Winsorized,0.17005246585295444,-0.02793175748076307,0.027820657297180168,0.6826080994043027,1.5472970447634156,0.2743542336169782
20,0.03,Oracle,0.0,-0.00011110018358290175,0.0,0.5641175653563572,1.2072419503569134,0.19936134368767053
21,0.0,Sample,0.307929974863411,-0.025532127232211946,0.025421027048629044,0.6893694888997084,1.4292219097536136,0.002636630083124766
21,0.0,MOM mean,0.18724143500317217,-0.020331356302792813,0.02022025611920991,0.6830235755979892,1.4210727720718197,1.9651164376299768e-17
21,0.0,Winsorized,0.1889639752147983,-0.014294794407457526,0.014183694223874624,0.6380702465028694,1.2817808337062764,0.030817058127626095
21,0.0,Oracle,0.0,-0.00011110018358290175,0.0,0.5641175653563572,1.124611321355676,0.19936134368767053
21,0.03,Sample,0.4037911729006701,-0.014981330693931996,0.014870230510349094,0.6209275099898619,1.2881124293599608,0.22606332641127994
21,0.03,MOM mean,0.45330511793766015,-0.02782525421390769,0.02771415403032479,0.6888116386197841,1.450379721667045,0.2839136818438609
21,0.03,Winsorized,0.18536334032771953,-0.012252558131691599,0.012141457948108697,0.5992257606124373,1.2192038666994907,0.2839319772275774
21,0.03,Oracle,0.0,-0.00011110018358290175,0.0,0.5641175653563572,1.124611321355676,0.19936134368767053
22,0.0,Sample,0.09262584781358317,-0.011585712047971382,0.01147461186438848,0.5926993891137329,1.1983167223031266,0.3599531332149534
22,0.0,MOM mean,0.04294568626515806,-0.002185436595578738,0.0020743364119958363,0.5714468406518496,1.183218759165675,0.2004300719345412
22,0.0,Winsorized,0.07883903498388589,-0.006908589013590941,0.006797488830008039,0.6070608017592305,1.2453417582842818,0.22706337894702505
22,0.0,Oracle,0.0,-0.00011110018358290175,0.0,0.5641175653563572,1.1819443626342068,0.19936134368767053
22,0.03,Sample,0.39178116051997414,-0.005906660214589764,0.005795560031006862,0.5847552161980782,1.1905889608983016,0.26965191817099793
22,0.03,MOM mean,0.24610316553493172,-0.026211010813940644,0.026099910630357742,0.7042821472715389,1.4003974245325357,0.09896862890262907
22,0.03,Winsorized,0.08325168210802153,-0.007646659735720707,0.007535559552137805,0.5885375553907006,1.215680194483625,0.35090352908925826
22,0.03,Oracle,0.0,-0.00011110018358290175,0.0,0.5641175653563572,1.1819443626342068,0.19936134368767053
23,0.0,Sample,0.15346995014447945,-0.013546695168012428,0.013435594984429526,0.6132601887444336,1.3147666289160382,0.020186089341389726
23,0.0,MOM mean,0.3159901030108378,-0.03520224588688829,0.03509114570330539,0.6710429705516527,1.4799036824449168,0.0
23,0.0,Winsorized,0.119382892997141,-0.015198255136638833,0.015087154953055931,0.647778369800385,1.3560579726855366,4.252105395216588e-18
23,0.0,Oracle,0.0,-0.00011110018358290175,0.0,0.5641175653563572,1.142691059714446,0.19936134368767053
23,0.03,Sample,0.2716744941383777,-0.005972555518516935,0.005861455334934033,0.5641938300192831,1.1812927729291465,0.21432411358274642
23,0.03,MOM mean,0.12695285167081694,-0.015600972680461234,0.015489872496878332,0.601053363896067,1.3036587278775944,0.08416905787229248
23,0.03,Winsorized,0.1084923586750099,-0.011795187024921855,0.011684086841338953,0.6237808565221546,1.2976400086721573,0.08016972247545567
23,0.03,Oracle,0.0,-0.00011110018358290175,0.0,0.5641175653563572,1.142691059714446,0.19936134368767053
24,0.0,Sample,0.20232130224139477,-0.04660994515442267,0.04649884497083977,0.7570496004731418,1.5849690153166078,0.0
24,0.0,MOM mean,0.2346439227403492,-0.03949114049149027,0.03938004030790737,0.7389639388269982,1.5500927099656252,0.08816368100691815
24,0.0,Winsorized,0.20068692372826025,-0.04575206968922935,0.045640969505646445,0.7644046081698868,1.6078512515496488,0.0
24,0.0,Oracle,0.0,-0.00011110018358290175,0.0,0.5641175653563572,1.1368249999875595,0.19936134368767053
24,0.03,Sample,0.41576849204277966,-0.026320519686204788,0.026209419502621886,0.655637000986519,1.3704639271161072,0.20818007262460977
24,0.03,MOM mean,0.24877364596532986,-0.040876269313268945,0.040765169129686044,0.7317539353651842,1.528677497695888,0.03858880113771575
24,0.03,Winsorized,0.21053547986034574,-0.04235679535824452,0.04224569517466162,0.7373340591243837,1.5537379658135146,0.10733145968494914
24,0.03,Oracle,0.0,-0.00011110018358290175,0.0,0.5641175653563572,1.1368249999875595,0.19936134368767053
25,0.0,Sample,0.1307144328764672,-0.01587502446110125,0.015763924277518347,0.6066530491425032,1.3541231235658735,0.22678904022382626
25,0.0,MOM mean,0.21804172226678808,-0.027990650253675337,0.027879550070092435,0.68570301466862,1.5582663986970071,0.04468877625548242
25,0.0,Winsorized,0.10725072421265472,-0.0205687712289869,0.020457671045403997,0.6744570347083949,1.4661314205555394,0.10873213239658765
25,0.0,Oracle,0.0,-0.00011110018358290175,0.0,0.5641175653563572,1.2022928517912483,0.19936134368767053
25,0.03,Sample,0.37244700550008736,-0.011302680906822106,0.011191580723239204,0.5868352651501126,1.2907176810338619,0.2506277028969973
25,0.03,MOM mean,0.2952319235870099,-0.03161647021027014,0.03150537002668724,0.682962584098721,1.555166210526743,0.13170388231983746
25,0.03,Winsorized,0.11606377210482553,-0.01489704279108825,0.014785942607505348,0.627709032517552,1.3310607721577496,0.26733847009112166
25,0.03,Oracle,0.0,-0.00011110018358290175,0.0,0.5641175653563572,1.2022928517912483,0.19936134368767053
26,0.0,Sample,0.19029115965787566,-0.014940235264050916,0.014829135080468014,0.6929226599108528,1.4438237460422387,0.0
26,0.0,MOM mean,0.1266654508954351,-0.013820662314253662,0.01370956213067076,0.6739882327020982,1.402986759104039,0.0
26,0.0,Winsorized,0.1555238514994102,-0.0586238899748156,0.0585127897912327,0.8685217701506102,1.8054821859715426,0.0
26,0.0,Oracle,0.0,-0.00011110018358290175,0.0,0.5641175653563572,1.1714100323108334,0.19936134368767053
26,0.03,Sample,0.35310087082338754,-0.009792776288683858,0.009681676105100956,0.63662090835496,1.3231790402885775,0.22220102506037914
26,0.03,MOM mean,0.421801184758046,-0.04294272837145027,0.04283162818786737,0.7775370678653596,1.5720294686395144,0.22304566967879494
26,0.03,Winsorized,0.15599853182749834,-0.05424875762751624,0.05413765744393334,0.8457606166223541,1.75813216648876,0.06355391704670235
26,0.03,Oracle,0.0,-0.00011110018358290175,0.0,0.5641175653563572,1.1714100323108334,0.19936134368767053
27,0.0,Sample,0.28000522551515167,-0.04131727278824113,0.041206172604658226,0.768929277706508,1.6127936588529184,3.74049749507499e-18
27,0.0,MOM mean,0.1872204863981842,-0.048188688092739324,0.04807758790915642,0.7973908549396471,1.7081104651520413,0.010261803259155437
27,0.0,Winsorized,0.19618012947676294,-0.0683304130899101,0.0682193129063272,0.8702366624284003,1.7971988360779685,1.1384122811097797e-17
27,0.0,Oracle,0.0,-0.00011110018358290175,0.0,0.5641175653563572,1.252922302934271,0.19936134368767053
27,0.03,Sample,0.43018640382646695,-0.024970264839703424,0.024859164656120522,0.6845841597956008,1.466953592553799,0.166060454370246
27,0.03,MOM mean,0.44035567887826743,-0.011776817691806427,0.011665717508223525,0.6189796860793779,1.3769803144142534,0.23272304890040182
27,0.03,Winsorized,0.19696827538533837,-0.06831156967068869,0.06820046948710579,0.870167005735922,1.7970234749516596,0.0
27,0.03,Oracle,0.0,-0.00011110018358290175,0.0,0.5641175653563572,1.252922302934271,0.19936134368767053
28,0.0,Sample,0.13420869149727066,-0.016578558326871023,0.016467458143288122,0.6790719793283144,1.5655537949682206,0.08070606153151372
28,0.0,MOM mean,0.2774333223648518,-0.04784099793422772,0.04772989775064482,0.8264615934851318,1.9156873092099311,0.012398727606121594
28,0.0,Winsorized,0.1391454232953336,-0.03504911488679632,0.03493801470321342,0.7421952002645572,1.675748743040987,0.1375795141722124
28,0.0,Oracle,0.0,-0.00011110018358290175,0.0,0.5641175653563572,1.2485281841272537,0.19936134368767053
28,0.03,Sample,0.31782854724270265,-0.01052344006384312,0.010412339880260219,0.6264082029599072,1.4326911714313448,0.24285008812589434
28,0.03,MOM mean,0.4054736290849459,-0.02555016130042309,0.02543906111684019,0.7065827942151934,1.6296482410845357,0.27206927715409157
28,0.03,Winsorized,0.14005680169565243,-0.031778394615404715,0.03166729443182181,0.6863146284087674,1.5522012363555104,0.4375505220309667
28,0.03,Oracle,0.0,-0.00011110018358290175,0.0,0.5641175653563572,1.2485281841272537,0.19936134368767053
29,0.0,Sample,0.17254530626740527,-0.036430974248454914,0.03631987406487201,0.7374244057614106,1.5678689117715008,0.12982464014380118
29,0.0,MOM mean,0.1499116552799205,-0.02089540126291027,0.02078430107932737,0.6720875862412087,1.408354762614674,0.1841361494297442
29,0.0,Winsorized,0.15986820001989685,-0.06817368086601994,0.06806258068243703,0.8855024127229365,1.8154279903183062,2.3635607360183997e-17
29,0.0,Oracle,0.0,-0.00011110018358290175,0.0,0.5641175653563572,1.2000750776671865,0.19936134368767053
29,0.03,Sample,0.31010193502614436,-0.02735687975446939,0.02724577957088649,0.6864804901244852,1.453831015097473,0.24610441144230566
29,0.03,MOM mean,0.41110461260111275,-0.03376192270592744,0.03365082252234454,0.7080624870251712,1.503693200232315,0.2897258004605995
29,0.03,Winsorized,0.1474972913203375,-0.06816302417781,0.0680519239942271,0.885464554474113,1.8153825365177387,0.0
29,0.03,Oracle,0.0,-0.00011110018358290175,0.0,0.5641175653563572,1.2000750776671865,0.19936134368767053
30,0.0,Sample,0.14114810949100318,-0.03503908007443243,0.03492797989084953,0.7264782086174063,1.488216771413613,0.0
30,0.0,MOM mean,0.17611347309992698,-0.033901433942694126,0.033790333759111224,0.6817429491857734,1.3847697395044212,0.13477003066963117
30,0.0,Winsorized,0.11794804290588995,-0.03810183443908077,0.03799073425549787,0.7377755291073147,1.5118341338752428,2.885007442078239e-18
30,0.0,Oracle,0.0,-0.00011110018358290175,0.0,0.5641175653563572,1.1323341103081326,0.19936134368767053
30,0.03,Sample,0.37550920613801053,-0.019601943590360882,0.01949084340677798,0.6362436568397929,1.2819850963748074,0.20192351718435128
30,0.03,MOM mean,0.31942632918547725,-0.028612316254635284,0.028501216071052382,0.6903339739608083,1.4412098543294758,0.15138253910565366
30,0.03,Winsorized,0.12535704728476174,-0.037982361676414764,0.03787126149283186,0.7374325038289392,1.5111091294294936,0.0
30,0.03,Oracle,0.0,-0.00011110018358290175,0.0,0.5641175653563572,1.1323341103081326,0.19936134368767053
31,0.0,Sample,0.08511931060747928,-0.011899538747062663,0.011788438563479761,0.6076666498220437,1.1500161370011255,0.38798612589119963
31,0.0,MOM mean,0.12918571847438973,-0.022450524158430615,0.022339423974847714,0.6744385074932743,1.2983469333259487,0.37770764356114095
31,0.0,Winsorized,0.1031837521916193,-0.027676776295088953,0.02756567611150605,0.6984999804446681,1.388943862783155,0.24581195875202386
31,0.0,Oracle,0.0,-0.00011110018358290175,0.0,0.5641175653563572,1.0662905408970036,0.19936134368767053
31,0.03,Sample,0.3809211631686496,-0.008731983270977503,0.008620883087394601,0.6123794562623369,1.1698752478491297,0.2801631870645809
31,0.03,MOM mean,0.24064287162719664,-0.01890153857008947,0.01879043838650657,0.6952948511586712,1.3328929523372337,0.1776561548895694
31,0.03,Winsorized,0.11883314768988348,-0.025311475734870248,0.025200375551287346,0.6631046485422899,1.3090612058841515,0.4043879535189731
31,0.03,Oracle,0.0,-0.00011110018358290175,0.0,0.5641175653563572,1.0662905408970036,0.19936134368767053
32,0.0,Sample,0.20082986085036666,-0.00992638640483326,0.009815286221250358,0.6237133698435549,1.3330715252396943,0.04858437611302742
32,0.0,MOM mean,0.254779560856442,-0.04551317091225965,0.04540207072867675,0.7895095401850756,1.6494074144390352,7.908331431357015e-17
32,0.0,Winsorized,0.14009239003221624,-0.013569375154516797,0.013458274970933895,0.63868673825965,1.3594887618287368,1.2064352782870693e-16
32,0.0,Oracle,0.0,-0.00011110018358290175,0.0,0.5641175653563572,1.2192874681155794,0.19936134368767053
32,0.03,Sample,0.38392798945805584,-0.006036232287462695,0.005925132103879793,0.5847050590978099,1.2738574070335833,0.20851564045843296
32,0.03,MOM mean,0.21835391017954472,-0.014228226552750314,0.014117126369167413,0.6514753325476269,1.3977376446751966,8.59444101297971e-17
32,0.03,Winsorized,0.14033950051129537,-0.009111590781289897,0.009000490597706995,0.6039019707829474,1.3012727964384858,0.11936919268553536
32,0.03,Oracle,0.0,-0.00011110018358290175,0.0,0.5641175653563572,1.2192874681155794,0.19936134368767053
33,0.0,Sample,0.2024454502802258,-0.01634997158899465,0.016238871405411748,0.6787292189568753,1.39575628361422,1.0146226510332999e-16
33,0.0,MOM mean,0.2319917073817358,-0.025307350561132425,0.025196250377549523,0.7061643726376019,1.4684142114986658,0.0
33,0.0,Winsorized,0.18459868481109762,-0.016999463807076898,0.016888363623493996,0.693626775548104,1.447591699761651,2.831461736081675e-17
33,0.0,Oracle,0.0,-0.00011110018358290175,0.0,0.5641175653563572,1.127549616669011,0.19936134368767053
33,0.03,Sample,0.4373832767581454,-0.006501818689468988,0.006390718505886087,0.6032671794791026,1.22402527439017,0.23047315870065144
33,0.03,MOM mean,0.37332231439726904,-0.03316496962594144,0.03305386944235854,0.7014351494158046,1.4379352258232747,0.06157086879855562
33,0.03,Winsorized,0.1987161067441157,-0.015368903133713877,0.015257802950130975,0.6835325678956017,1.4230652196628923,0.023669489119961657
33,0.03,Oracle,0.0,-0.00011110018358290175,0.0,0.5641175653563572,1.127549616669011,0.19936134368767053
34,0.0,Sample,0.19087519828609523,-0.01747225052180676,0.017361150338223857,0.6943267530751571,1.5013684744393156,0.0
34,0.0,MOM mean,0.18678687559016108,-0.023088560289134433,0.02297746010555153,0.7271931987132132,1.5735679112758951,0.0
34,0.0,Winsorized,0.13517855873785437,-0.018363943140283487,0.018252842956700585,0.7102447090051636,1.5238405744134798,0.0
34,0.0,Oracle,0.0,-0.00011110018358290175,0.0,0.5641175653563572,1.2515500600392708,0.19936134368767053
34,0.03,Sample,0.4225638070831283,-0.0079363172129861,0.007825217029403198,0.6210110632112786,1.3689897989868252,0.21303342272687162
34,0.03,MOM mean,0.17826118538362284,-0.024778308823807618,0.024667208640224716,0.7075316549739586,1.5196537070915184,0.05456629086631298
34,0.03,Winsorized,0.14067977027033332,-0.018318346099272242,0.01820724591568934,0.7100286662437844,1.523462607694667,0.0
34,0.03,Oracle,0.0,-0.00011110018358290175,0.0,0.5641175653563572,1.2515500600392708,0.19936134368767053
35,0.0,Sample,0.17873384930299863,-0.024820819970867075,0.024709719787284173,0.5931040289615479,1.2629998769697464,0.6
35,0.0,MOM mean,0.19308689237981486,-0.0206101661393722,0.0204990659557893,0.5894931479503915,1.2438895667041177,0.4978171068666957
35,0.0,Winsorized,0.12208480976977894,-0.029792256247861734,0.029681156064278832,0.639641876029848,1.3847583961057797,0.5247526922366439
35,0.0,Oracle,0.0,-0.00011110018358290175,0.0,0.5641175653563572,1.1989555239295902,0.19936134368767053
35,0.03,Sample,0.4290003938387924,-0.008639637178907894,0.008528536995324992,0.586578200146869,1.2423808288647846,0.32065665412979627
35,0.03,MOM mean,0.2581856790533114,-0.007298544883577923,0.0071874446999950214,0.6113010604089971,1.3082987491862292,0.19026961331693715
35,0.03,Winsorized,0.1389361132023687,-0.03322477180671941,0.033113671623136505,0.639611001359596,1.3778872423377622,0.6
35,0.03,Oracle,0.0,-0.00011110018358290175,0.0,0.5641175653563572,1.1989555239295902,0.19936134368767053
36,0.0,Sample,0.18862994347451806,-0.016834594602192388,0.016723494418609486,0.6170454701716482,1.2894065064664115,0.4387091816372629
36,0.0,MOM mean,0.24387016748900475,-0.025418110365368687,0.025307010181785786,0.6749358612530818,1.4180847940415588,0.35175628877349796
36,0.0,Winsorized,0.16509471301028178,-0.018665781990902727,0.018554681807319826,0.6448611936902171,1.350623006702411,0.45036956854853066
36,0.0,Oracle,0.0,-0.00011110018358290175,0.0,0.5641175653563572,1.1626101225935463,0.19936134368767053
36,0.03,Sample,0.34482016957306494,-0.013136756201682434,0.013025656018099532,0.6256732974174863,1.30981971000711,0.2933451031605252
36,0.03,MOM mean,0.2491313064656653,-0.010391280427471838,0.010280180243888937,0.6340133101205574,1.2854587858107824,0.15690938584732952
36,0.03,Winsorized,0.16533623606383904,-0.022508562917917696,0.022397462734334794,0.6383499495698084,1.3414391111116024,0.54886861332455
36,0.03,Oracle,0.0,-0.00011110018358290175,0.0,0.5641175653563572,1.1626101225935463,0.19936134368767053
37,0.0,Sample,0.07306825101298484,-0.008043304071849625,0.007932203888266723,0.6102042482577426,1.2680770094156568,0.296717530063698
37,0.0,MOM mean,0.1203095962556397,-0.015630959561777902,0.015519859378195,0.6665241840834734,1.337271085015592,0.13487973855493962
37,0.0,Winsorized,0.0992850628976456,-0.030934703175087355,0.030823602991504453,0.7554419713296725,1.5204022167433955,0.03907401208959229
37,0.0,Oracle,0.0,-0.00011110018358290175,0.0,0.5641175653563572,1.1657561831187575,0.19936134368767053
37,0.03,Sample,0.34458652234396264,-0.004698267898710182,0.00458716771512728,0.5965453856727763,1.2341237975031252,0.2789072578915306
37,0.03,MOM mean,0.47595529089278255,-0.007208626512030497,0.007097526328447595,0.5784708244840066,1.2054857594100137,0.3806967002557303
37,0.03,Winsorized,0.10564798616534604,-0.01920836630850263,0.01909726612491973,0.6792589690860723,1.394554947376072,0.24756198268148888
37,0.03,Oracle,0.0,-0.00011110018358290175,0.0,0.5641175653563572,1.1657561831187575,0.19936134368767053
38,0.0,Sample,0.29551364768574806,-0.03423748610892598,0.034126385925343075,0.6872358213935457,1.4000083107057284,0.49241285517890826
38,0.0,MOM mean,0.3062256726153969,-0.02128193344065621,0.021170833257073307,0.5952338385237521,1.2244696950193716,0.6
38,0.0,Winsorized,0.15049855038315102,-0.04220514951225725,0.042094049328674346,0.7407125139871722,1.5249152483113386,0.4373210230714139
38,0.0,Oracle,0.0,-0.00011110018358290175,0.0,0.5641175653563572,1.2082828415752416,0.19936134368767053
38,0.03,Sample,0.4458191865991659,-0.028476675972967172,0.02836557578938427,0.6895936882420509,1.4159383697536707,0.3294873123957626
38,0.03,MOM mean,0.49710078953207626,-0.008242991249754562,0.00813189106617166,0.5813699031247886,1.209078164420664,0.35941011541938966
38,0.03,Winsorized,0.15353763057841915,-0.0432278260370153,0.043116725853432396,0.7189625272108756,1.4712127658558578,0.5649552466898893
38,0.03,Oracle,0.0,-0.00011110018358290175,0.0,0.5641175653563572,1.2082828415752416,0.19936134368767053
39,0.0,Sample,0.10262328027522115,-0.0062727977936028745,0.006161697610019973,0.6215262165548703,1.4670614251289784,0.09645481730947068
39,0.0,MOM mean,0.20044486935280548,-0.019390598579437535,0.019279498395854633,0.6977424696557913,1.5917361282690305,0.04736187710411888
39,0.0,Winsorized,0.07150369250306508,-0.013324736813442123,0.013213636629859221,0.6678998097201364,1.5552178574583149,0.02311147260066211
39,0.0,Oracle,0.0,-0.00011110018358290175,0.0,0.5641175653563572,1.3463973652706245,0.19936134368767053
39,0.03,Sample,0.3833604119580297,-0.003828393351775497,0.0037172931681925953,0.5886759678242759,1.4303680067736935,0.23580566488894322
39,0.03,MOM mean,0.32671254763168367,-0.011862903542960948,0.011751803359378046,0.6301446360883757,1.4722370633576256,0.0972403968408179
39,0.03,Winsorized,0.0890093919452469,-0.00603736623199401,0.005926266048411108,0.604467115259639,1.4690726854456029,0.22372704416938208
39,0.03,Oracle,0.0,-0.00011110018358290175,0.0,0.5641175653563572,1.3463973652706245,0.19936134368767053
40,0.0,Sample,0.1104242615455276,-0.020931715626560835,0.020820615442977933,0.6706704937694945,1.4666781182058286,1.6628950820496424e-17
40,0.0,MOM mean,0.07496284860867186,-0.010464568591310563,0.010353468407727662,0.6492562435944733,1.3914209141593576,0.0
40,0.0,Winsorized,0.11631984133474126,-0.024220893955488806,0.024109793771905905,0.6891585270796119,1.5038924363727069,0.0
40,0.0,Oracle,0.0,-0.00011110018358290175,0.0,0.5641175653563572,1.2270025101001345,0.19936134368767053
40,0.03,Sample,0.2997365883116184,-0.011571689163288518,0.011460588979705616,0.609102557503579,1.3226426569312701,0.2147988912801539
40,0.03,MOM mean,0.1603699983444189,-0.025637811328370015,0.025526711144787113,0.6579741502579431,1.445458421180079,0.09192693933916003
40,0.03,Winsorized,0.1033020398088396,-0.024206424310641322,0.02409532412705842,0.6892144819233733,1.503977939966191,9.086969458144134e-18
40,0.03,Oracle,0.0,-0.00011110018358290175,0.0,0.5641175653563572,1.2270025101001345,0.19936134368767053
41,0.0,Sample,0.08896902817538642,-0.014300229661523306,0.014189129477940404,0.6812803917105226,1.5039241113612674,1.2455460670696876e-17
41,0.0,MOM mean,0.16001098757802043,-0.023209430555313368,0.023098330371730466,0.7203132543030019,1.6162255861781158,0.0
41,0.0,Winsorized,0.10996875290921512,-0.026786790385090478,0.026675690201507576,0.6907504772057641,1.4757784658551327,0.0
41,0.0,Oracle,0.0,-0.00011110018358290175,0.0,0.5641175653563572,1.2360830424459612,0.19936134368767053
41,0.03,Sample,0.3190368311250092,-0.006530534753084544,0.006419434569501642,0.6138915921124156,1.367272653880637,0.2208475561688636
41,0.03,MOM mean,0.22091139509857194,-0.010144915639876406,0.010033815456293504,0.6204390475564907,1.335534774449034,0.09785894259350802
41,0.03,Winsorized,0.1113560801921847,-0.026724490962482736,0.026613390778899834,0.6907298442957623,1.4758059188762491,1.4094628242311558e-18
41,0.03,Oracle,0.0,-0.00011110018358290175,0.0,0.5641175653563572,1.2360830424459612,0.19936134368767053
42,0.0,Sample,0.14171212377180226,-0.022270469450633365,0.022159369267050463,0.6167420501302492,1.2247407749546255,0.6
42,0.0,MOM mean,0.15463600877244665,-0.02713985608632312,0.027028755902740217,0.6272928571444278,1.2354404302788513,0.6
42,0.0,Winsorized,0.15536349353657958,-0.0201983536318475,0.0200872534482646,0.6031996434385349,1.2097825028488267,0.6
42,0.0,Oracle,0.0,-0.00011110018358290175,0.0,0.5641175653563572,1.124335830596076,0.19936134368767053
42,0.03,Sample,0.42727743453381223,-0.008962744475541864,0.008851644291958963,0.609954980589555,1.2302635950751604,0.3072722541352952
42,0.03,MOM mean,0.4579768701397381,-0.010928203741894835,0.010817103558311933,0.5960439805153216,1.2308528056783383,0.28360309615652635
42,0.03,Winsorized,0.1697457107742525,-0.020209828317885245,0.020098728134302343,0.6033343662243701,1.2099635764322452,0.6
42,0.03,Oracle,0.0,-0.00011110018358290175,0.0,0.5641175653563572,1.124335830596076,0.19936134368767053
43,0.0,Sample,0.1661133601266173,-0.03968027007164976,0.03956916988806686,0.7476067056707026,1.6436065551913868,0.0
43,0.0,MOM mean,0.20139134257424812,-0.03227904926616715,0.032167949082584246,0.7202296412500101,1.613919989078993,1.0512864721552023e-16
43,0.0,Winsorized,0.11375573523743933,-0.029797445957212357,0.029686345773629455,0.7129069699263928,1.5868624602631196,5.694560825998984e-18
43,0.0,Oracle,0.0,-0.00011110018358290175,0.0,0.5641175653563572,1.2395294994729933,0.19936134368767053
43,0.03,Sample,0.30775501252974086,-0.024121294664075206,0.024010194480492304,0.6569893029506685,1.4386345061269044,0.22624594682557844
43,0.03,MOM mean,0.3259813650927455,-0.031263749543656474,0.031152649360073573,0.7136402019761229,1.5168972184894378,0.23582188704486967
43,0.03,Winsorized,0.09847878180664323,-0.029760194912436838,0.029649094728853936,0.7128066668132764,1.5866939627566965,0.0
43,0.03,Oracle,0.0,-0.00011110018358290175,0.0,0.5641175653563572,1.2395294994729933,0.19936134368767053
44,0.0,Sample,0.12847958787668956,-0.030267792868981402,0.0301566926853985,0.7195758600251412,1.4405227459426437,0.0
44,0.0,MOM mean,0.07439279829237691,-0.01190668831559144,0.011795588132008539,0.6389916950520947,1.253612155001155,5.395599874009893e-19
44,0.0,Winsorized,0.09717201744864551,-0.024722934250359624,0.024611834066776722,0.7003003365661948,1.4076117103656616,3.544832884259247e-18
44,0.0,Oracle,0.0,-0.00011110018358290175,0.0,0.5641175653563572,1.150643216478064,0.19936134368767053
44,0.03,Sample,0.3209340450121753,-0.01927335970918123,0.01916225952559833,0.6423982782975857,1.3369137601052237,0.2272565417971039
44,0.03,MOM mean,0.5214181060921316,-0.021678172301260762,0.02156707211767786,0.6210746438466657,1.3345988681662506,0.3753271989860871
44,0.03,Winsorized,0.09214836554360165,-0.024677609620410754,0.024566509436827852,0.7001914204465138,1.4073591807205228,0.0
44,0.03,Oracle,0.0,-0.00011110018358290175,0.0,0.5641175653563572,1.150643216478064,0.19936134368767053
45,0.0,Sample,0.15919432686829005,-0.010332614946890029,0.010221514763307127,0.6179678556095639,1.3980601074500911,0.2403401278605668
45,0.0,MOM mean,0.15375560969552737,-0.02274113360786409,0.022630033424281187,0.6205504857300314,1.3414507910171918,0.2895719330794153
45,0.0,Winsorized,0.1114788545767805,-0.011803682919145048,0.011692582735562146,0.5891663539819258,1.217693069656876,0.4794199049414603
45,0.0,Oracle,0.0,-0.00011110018358290175,0.0,0.5641175653563572,1.212156249776676,0.19936134368767053
45,0.03,Sample,0.35057586780465716,-0.007971680552025004,0.007860580368442102,0.6050168141806258,1.3597374460611764,0.24318981828138003
45,0.03,MOM mean,0.2052498213655045,-0.019420942783494335,0.019309842599911434,0.676384020247187,1.501752356882955,0.10597697285574736
45,0.03,Winsorized,0.11595788191021406,-0.01927102756075176,0.01915992737716886,0.5981471821819119,1.2208346238206895,0.5995951675168493
45,0.03,Oracle,0.0,-0.00011110018358290175,0.0,0.5641175653563572,1.212156249776676,0.19936134368767053
46,0.0,Sample,0.10542204115932782,-0.042776408714224695,0.04266530853064179,0.7893648414945537,1.4897492324710517,0.05311429350666242
46,0.0,MOM mean,0.13056986936506654,-0.02464828687164855,0.02453718668806565,0.7008752361158339,1.339370032942115,9.974659986866641e-18
46,0.0,Winsorized,0.09355229664814296,-0.03213774871678518,0.03202664853320228,0.7428015456597521,1.3952811616286702,5.575594375301432e-18
46,0.0,Oracle,0.0,-0.00011110018358290175,0.0,0.5641175653563572,1.1062362358640212,0.19936134368767053
46,0.03,Sample,0.31779792757552106,-0.028327573405974096,0.028216473222391195,0.7113427963752615,1.3616888066697808,0.22721804987722405
46,0.03,MOM mean,0.6095933911709239,-0.022351164936456558,0.022240064752873656,0.6545284138424732,1.2957767703901437,0.4181101799006014
46,0.03,Winsorized,0.0880082717501062,-0.02993088723207607,0.029819787048493168,0.7305467702045296,1.3712069644849012,0.0399035582399227
46,0.03,Oracle,0.0,-0.00011110018358290175,0.0,0.5641175653563572,1.1062362358640212,0.19936134368767053
47,0.0,Sample,0.13460457617095173,-0.03376748352714787,0.033656383343564966,0.7809828436814528,1.5749727377004075,1.4699198008414315e-18
47,0.0,MOM mean,0.12301811184155649,-0.03329719565039378,0.03318609546681088,0.7665444858664537,1.5441996443673993,1.0244863497040763e-18
47,0.0,Winsorized,0.10529810173101498,-0.04177888752773515,0.041667787344152246,0.8009319091062426,1.6181068678776402,4.553649124439119e-18
47,0.0,Oracle,0.0,-0.00011110018358290175,0.0,0.5641175653563572,1.1262689882102896,0.19936134368767053
47,0.03,Sample,0.3126864316492497,-0.020224958464946416,0.020113858281363514,0.6991101740951385,1.404899940733205,0.18924756441397084
47,0.03,MOM mean,0.1241514240130057,-0.02452763437435866,0.02441653419077576,0.7319716534933178,1.4990047028292892,1.8465318250143747e-18
47,0.03,Winsorized,0.09889923391411543,-0.04173083822714632,0.04161973804356342,0.8007997488780049,1.6178066524038377,5.138101858044586e-18
47,0.03,Oracle,0.0,-0.00011110018358290175,0.0,0.5641175653563572,1.1262689882102896,0.19936134368767053
48,0.0,Sample,0.4160138201739755,-0.018581004104908178,0.018469903921325276,0.625743035581035,1.402204662446818,0.0
48,0.0,MOM mean,0.3422523421652579,-0.02752205373589882,0.027410953552315917,0.6637229281085825,1.4569338136438093,5.691620663140073e-18
48,0.0,Winsorized,0.23849533185659416,-0.015576205481621433,0.015465105298038531,0.6284639147425671,1.377106176108084,6.532318089225164e-18
48,0.0,Oracle,0.0,-0.00011110018358290175,0.0,0.5641175653563572,1.2041406267562402,0.19936134368767053
48,0.03,Sample,0.6000473704609898,-0.013634103520909054,0.013523003337326152,0.5727755734443248,1.2527730388786247,0.19943181127570225
48,0.03,MOM mean,0.4742356815714172,-0.022583258899764938,0.022472158716182036,0.6497668785118911,1.4593168990723648,0.05960971972442291
48,0.03,Winsorized,0.2530927559246051,-0.0155364432865987,0.015425343103015798,0.6284051513837223,1.376972753603614,0.0
48,0.03,Oracle,0.0,-0.00011110018358290175,0.0,0.5641175653563572,1.2041406267562402,0.19936134368767053
49,0.0,Sample,0.2042367009568594,-0.01883054202435283,0.01871944184076993,0.6891601491584337,1.4145464381699435,0.0
49,0.0,MOM mean,0.240384506095508,-0.023018912942251307,0.022907812758668405,0.7054886312466827,1.4536801362870766,0.0
49,0.0,Winsorized,0.17007809663865983,-0.01779823241761476,0.017687132234031858,0.6936074792419412,1.3845491729006225,2.3471282968416662e-17
49,0.0,Oracle,0.0,-0.00011110018358290175,0.0,0.5641175653563572,1.1325647145704134,0.19936134368767053
49,0.03,Sample,0.26358085245978347,-0.013235985911048714,0.013124885727465813,0.6373534814405001,1.3021718428751428,0.21477022943482654
49,0.03,MOM mean,0.19435830564071732,-0.0284104987027035,0.028299398519120597,0.7277448508249246,1.4119686546316672,0.10326259167069668
49,0.03,Winsorized,0.14992343768961622,-0.01304154507000406,0.012930444886421158,0.6563990940612774,1.3103133256556254,0.12596569294106205
49,0.03,Oracle,0.0,-0.00011110018358290175,0.0,0.5641175653563572,1.1325647145704134,0.19936134368767053
50,0.0,Sample,0.21063448249406203,-0.03851160791072007,0.03840050772713717,0.7655844354425212,1.631742540209272,0.13381093638909908
50,0.0,MOM mean,0.30446700906579033,-0.018728360015468723,0.01861725983188582,0.6774678662223764,1.4435504794414635,0.1211264064284486
50,0.0,Winsorized,0.15955008588529446,-0.05607427105527088,0.05596317087168798,0.8403745393287845,1.7705703607738734,0.0
50,0.0,Oracle,0.0,-0.00011110018358290175,0.0,0.5641175653563572,1.17014407601936,0.19936134368767053
50,0.03,Sample,0.33243000922296084,-0.03160184131530759,0.03149074113172469,0.7245721835060305,1.5348276697294643,0.24375117328012363
50,0.03,MOM mean,0.2533891823983638,-0.026313092716609893,0.02620199253302699,0.7137302537115484,1.495415034507727,0.11442516451442028
50,0.03,Winsorized,0.1527636307357708,-0.05255047113503222,0.05243937095144932,0.8244105832145646,1.7339536783525884,0.04038118500086285
50,0.03,Oracle,0.0,-0.00011110018358290175,0.0,0.5641175653563572,1.17014407601936,0.19936134368767053
51,0.0,Sample,0.17383658870404126,-0.033694807495282364,0.03358370731169946,0.7402478261896793,1.756915808957117,0.0
51,0.0,MOM mean,0.20833024902412406,-0.03792753563015763,0.03781643544657473,0.759549137613564,1.7536654747401021,0.0
51,0.0,Winsorized,0.1389386283211408,-0.03943627561771318,0.03932517543413028,0.7645935524660652,1.8116681305378166,0.0
51,0.0,Oracle,0.0,-0.00011110018358290175,0.0,0.5641175653563572,1.3101460899426862,0.19936134368767053
51,0.03,Sample,0.31487859806418783,-0.018756399706473526,0.018645299522890624,0.6513849233669998,1.5568609330539513,0.20533239054944172
51,0.03,MOM mean,0.17744546580796366,-0.03925700290997808,0.039145902726395176,0.7548072133050517,1.8101165942433595,0.023518900891362514
51,0.03,Winsorized,0.1324138292980557,-0.03933198270643133,0.03922088252284843,0.7641770975255947,1.8106799248150642,3.943688579349734e-17
51,0.03,Oracle,0.0,-0.00011110018358290175,0.0,0.5641175653563572,1.3101460899426862,0.19936134368767053
52,0.0,Sample,0.18490600956335163,-0.029461793635863223,0.02935069345228032,0.686478655259432,1.5587310286974092,0.10852308857465488
52,0.0,MOM mean,0.2966461707260064,-0.03642776702414513,0.03631666684056223,0.7210869647980984,1.6364805268541662,9.295038113063615e-17
52,0.0,Winsorized,0.19056723342821802,-0.03485818306291184,0.03474708287932894,0.7201909715230715,1.635223945638582,4.9680176422359223e-17
52,0.0,Oracle,0.0,-0.00011110018358290175,0.0,0.5641175653563572,1.1846508429344715,0.19936134368767053
52,0.03,Sample,0.4304851387209256,-0.01786814113289792,0.017757040949315017,0.624948691692616,1.3920698892728218,0.25435393769727876
52,0.03,MOM mean,0.25923539280862323,-0.026903029925436042,0.02679192974185314,0.6838561703563439,1.5407233978171053,0.08636258438784021
52,0.03,Winsorized,0.197160880758906,-0.03454107968530759,0.03442997950172469,0.7168384897722495,1.6285478622223366,0.011522430427439915
52,0.03,Oracle,0.0,-0.00011110018358290175,0.0,0.5641175653563572,1.1846508429344715,0.19936134368767053
53,0.0,Sample,0.10238883755164724,-0.016390080191819638,0.016278980008236736,0.612937147332853,1.2270095071409115,0.22606799323615806
53,0.0,MOM mean,0.07763159744282948,-0.01577514672076223,0.01566404653717933,0.6258072815388055,1.2483508625097375,0.07586395050196222
53,0.0,Winsorized,0.10713017494246924,-0.031487580661579306,0.031376480477996405,0.6947994902224973,1.3956301619485711,0.07942253865213289
53,0.0,Oracle,0.0,-0.00011110018358290175,0.0,0.5641175653563572,1.1489727042028457,0.19936134368767053
53,0.03,Sample,0.38606236783960807,-0.010548787572157416,0.010437687388574514,0.5865099041192449,1.1870510116202708,0.2476139789417437
53,0.03,MOM mean,0.18139074891559767,-0.022556258813230798,0.022445158629647896,0.6753176191989415,1.3868866051967665,0.09087206720532623
53,0.03,Winsorized,0.11189746225319507,-0.025861287965591603,0.0257501877820087,0.6480687432195521,1.2960047884969428,0.23689671011916563
53,0.03,Oracle,0.0,-0.00011110018358290175,0.0,0.5641175653563572,1.1489727042028457,0.19936134368767053
54,0.0,Sample,0.1222690869881569,-0.039904814224628896,0.039793714041045994,0.7870979907752345,1.6363900252890382,2.5456728196780742e-17
54,0.0,MOM mean,0.1553627102727956,-0.03169771112297834,0.03158661093939544,0.7474630250119115,1.5522758005142052,2.8975303059675106e-17
54,0.0,Winsorized,0.09799394543346879,-0.05494891299650098,0.05483781281291808,0.8522739399543522,1.7795992926191144,7.765598060427426e-18
54,0.0,Oracle,0.0,-0.00011110018358290175,0.0,0.5641175653563572,1.1064112250285583,0.19936134368767053
54,0.03,Sample,0.3269647575129906,-0.025858421152328365,0.025747320968745463,0.7071401118335076,1.4598423751814638,0.21350588307387017
54,0.03,MOM mean,0.20522071932893718,-0.04711591713344562,0.04700481694986272,0.7930134748321459,1.6162631651183295,0.08380135654334114
54,0.03,Winsorized,0.09369786531364428,-0.05489193562607081,0.05478083544248791,0.8520610606196537,1.7791650753720292,3.82316791072701e-17
54,0.03,Oracle,0.0,-0.00011110018358290175,0.0,0.5641175653563572,1.1064112250285583,0.19936134368767053
55,0.0,Sample,0.1521124787977621,-0.028681614094931723,0.02857051391134882,0.7028798890012976,1.4066502574806636,0.27971296194493045
55,0.0,MOM mean,0.2688020534200288,-0.06253190135638582,0.06242080117280292,0.8264023995002058,1.6562631537959767,0.30957857530756194
55,0.0,Winsorized,0.13302646191192982,-0.06004848754346666,0.059937387359883756,0.8565141735747525,1.7347093654119394,0.03994421886687477
55,0.0,Oracle,0.0,-0.00011110018358290175,0.0,0.5641175653563572,1.1769280145904601,0.19936134368767053
55,0.03,Sample,0.4016362511022893,-0.018061877888073646,0.017950777704490745,0.6683369518861394,1.351596894486475,0.23271924628860743
55,0.03,MOM mean,0.13373348874590302,-0.0185354496758334,0.018424349492250497,0.6781772456704132,1.380267342008007,0.006521617443383614
55,0.03,Winsorized,0.14875331393128707,-0.05089460280343722,0.050783502619854315,0.8053077755939906,1.6109022273968876,0.2093422716810684
55,0.03,Oracle,0.0,-0.00011110018358290175,0.0,0.5641175653563572,1.1769280145904601,0.19936134368767053
56,0.0,Sample,0.10539611884342324,-0.01281907096664843,0.012707970783065528,0.6694085947956416,1.411117225630925,9.134085665835154e-18
56,0.0,MOM mean,0.14402558068263133,-0.02029958095737583,0.020188480773792927,0.6935832225948217,1.4639393151921478,6.977222144770485e-18
56,0.0,Winsorized,0.07746642924924894,-0.014294499296537602,0.0141833991129547,0.6860337982556143,1.4440549345526281,2.6746759375449042e-17
56,0.0,Oracle,0.0,-0.00011110018358290175,0.0,0.5641175653563572,1.1634822837178258,0.19936134368767053
56,0.03,Sample,0.3524205813944966,-0.0025571077356803112,0.0024460075520974095,0.5809777641975662,1.19744144727613,0.20911657660307295
56,0.03,MOM mean,0.5411228394936732,-0.019877000356428483,0.01976590017284558,0.5702246689308132,1.172614611077166,0.36518937456500455
56,0.03,Winsorized,0.08073107996197774,-0.014239335331044684,0.014128235147461782,0.6857538730334272,1.4434188947252937,5.176218340671029e-18
56,0.03,Oracle,0.0,-0.00011110018358290175,0.0,0.5641175653563572,1.1634822837178258,0.19936134368767053
57,0.0,Sample,0.12554887471503312,-0.021283852369428036,0.021172752185845134,0.6726170760622878,1.5404382561841072,0.1148349538732613
57,0.0,MOM mean,0.1890486438085286,-0.029732507788831394,0.029621407605248493,0.7307643246656548,1.66488498072553,0.0
57,0.0,Winsorized,0.12631184339627533,-0.026734549730165175,0.026623449546582273,0.7204257221914908,1.6456997188810174,4.481693675569866e-17
57,0.0,Oracle,0.0,-0.00011110018358290175,0.0,0.5641175653563572,1.3180147797136117,0.19936134368767053
57,0.03,Sample,0.38145569732329915,-0.0124167226300234,0.012305622446440498,0.6232898053278394,1.4278239849373033,0.2561460763205935
57,0.03,MOM mean,0.4621249292970802,-0.014398784376122895,0.014287684192539993,0.593597367980453,1.3715504312743942,0.2934492970344046
57,0.03,Winsorized,0.13761064009106563,-0.017475642657902718,0.017364542474319816,0.6554000229535273,1.4973315509196448,0.21556130116063313
57,0.03,Oracle,0.0,-0.00011110018358290175,0.0,0.5641175653563572,1.3180147797136117,0.19936134368767053
58,0.0,Sample,0.17663086567937544,-0.014196752457688214,0.014085652274105312,0.673817686301766,1.385358404277865,0.0
58,0.0,MOM mean,0.17534113829860976,-0.033153920698171996,0.033042820514589094,0.7685822986066517,1.5818857207179806,2.523692314696825e-17
58,0.0,Winsorized,0.10269642582180546,-0.019301834451551647,0.019190734267968745,0.6799956485004061,1.3918984327068862,4.153510760156187e-17
58,0.0,Oracle,0.0,-0.00011110018358290175,0.0,0.5641175653563572,1.1728352280017404,0.19936134368767053
58,0.03,Sample,0.3194047013303467,-0.00905063432014834,0.008939534136565438,0.620706434609915,1.2762256574242232,0.19137699001350955
58,0.03,MOM mean,0.4227484068868083,-0.032479849559900534,0.03236874937631763,0.714096734642354,1.4997436152208814,0.27939701677780066
58,0.03,Winsorized,0.08912329122478557,-0.019267938079595814,0.019156837896012913,0.6798570458700871,1.3916149073491382,0.0
58,0.03,Oracle,0.0,-0.00011110018358290175,0.0,0.5641175653563572,1.1728352280017404,0.19936134368767053
59,0.0,Sample,0.1070700127173183,-0.011375784259252744,0.011264684075669842,0.6315794177212168,1.294623169760055,0.09857037173180457
59,0.0,MOM mean,0.11728841498671626,-0.011989057865428587,0.011877957681845686,0.5825846272983003,1.2031443451218424,0.337291277854445
59,0.0,Winsorized,0.11043755448097628,-0.02801898488829832,0.02790788470471542,0.736789548724546,1.5474841664998749,0.0
59,0.0,Oracle,0.0,-0.00011110018358290175,0.0,0.5641175653563572,1.1274754685285442,0.19936134368767053
59,0.03,Sample,0.3167347423800545,-0.009198115442478186,0.009087015258895284,0.6049336680853102,1.2430709075449298,0.25734886035033633
59,0.03,MOM mean,0.32768701835114583,-0.014907768452337489,0.014796668268754587,0.6327946379806563,1.3193543721169205,0.24941113884323418
59,0.03,Winsorized,0.10311249837889101,-0.018416804296151904,0.018305704112569002,0.6643298625619574,1.3843075019218687,0.2652597787789373
59,0.03,Oracle,0.0,-0.00011110018358290175,0.0,0.5641175653563572,1.1274754685285442,0.19936134368767053
60,0.0,Sample,0.1908423096063964,-0.02902047971187765,0.028909379528294747,0.6592005243674964,1.2977372915243897,0.4192454964012923
60,0.0,MOM mean,0.15759662518985726,-0.03227675409166441,0.03216565390808151,0.6655576074964232,1.3132034954351608,0.44075403039953187
60,0.0,Winsorized,0.1843934811881163,-0.02859345993938757,0.028482359755804668,0.6673348949681561,1.3152850480604152,0.373299312779746
60,0.0,Oracle,0.0,-0.00011110018358290175,0.0,0.5641175653563572,1.1139603904248199,0.19936134368767053
60,0.03,Sample,0.4533351355060571,-0.029931064238629304,0.029819964055046402,0.6866834740026255,1.3587561443684355,0.286295845734451
60,0.03,MOM mean,0.2800853434143983,-0.029276646899258962,0.02916554671567606,0.7169174185651012,1.4045398994673213,0.08336956556958554
60,0.03,Winsorized,0.1975094598220809,-0.02762408587733982,0.027512985693756917,0.6423751671011343,1.2611611208004838,0.4804679109725863
60,0.03,Oracle,0.0,-0.00011110018358290175,0.0,0.5641175653563572,1.1139603904248199,0.19936134368767053
61,0.0,Sample,0.1429615602742668,-0.013094968338390897,0.012983868154807995,0.5536455251738706,1.251767378555991,0.47684746657814353
61,0.0,MOM mean,0.1147636147229306,-0.01633423691854511,0.016223136734962208,0.5771693338510212,1.3032811711231462,0.4412429225040249
61,0.0,Winsorized,0.17047061800324484,-0.0175061827176309,0.017395082534048,0.5566066858803035,1.2574536319429916,0.5316212094366185
61,0.0,Oracle,0.0,-0.00011110018358290175,0.0,0.5641175653563572,1.2587184099212116,0.19936134368767053
61,0.03,Sample,0.39102382797176555,-0.007268223773971641,0.007157123590388739,0.5580078080320683,1.2529365019472052,0.28152245709108065
61,0.03,MOM mean,0.2845257470542804,-0.012593600031406436,0.012482499847823535,0.5949021688652373,1.340548575050188,0.2057028253099453
61,0.03,Winsorized,0.17836394587784019,-0.022111548330117567,0.022000448146534665,0.5683479642496599,1.2881474927438634,0.6
61,0.03,Oracle,0.0,-0.00011110018358290175,0.0,0.5641175653563572,1.2587184099212116,0.19936134368767053
62,0.0,Sample,0.1808067812682887,-0.01566172703200583,0.015550626848422927,0.6609258880607143,1.5166553918873928,2.069725006615883e-18
62,0.0,MOM mean,0.179778954588359,-0.021219501537744503,0.0211084013541616,0.6786988340905697,1.5266054931683375,4.144320452678478e-18
62,0.0,Winsorized,0.0820560427806568,-0.04554295224408711,0.04543185206050421,0.803621372297543,1.718506360585732,0.0
62,0.0,Oracle,0.0,-0.00011110018358290175,0.0,0.5641175653563572,1.2983054094959163,0.19936134368767053
62,0.03,Sample,0.41133650027340374,-0.0074650640466494625,0.007353963863066561,0.591286135332941,1.3476997185547108,0.2433710044846868
62,0.03,MOM mean,0.19254540446697044,-0.006773643880375449,0.006662543696792547,0.5970370978690941,1.429777510979463,0.09595717580517808
62,0.03,Winsorized,0.10399234878702632,-0.031376979508790356,0.031265879325207455,0.7175261681972512,1.5458767897279544,0.2236094704735867
62,0.03,Oracle,0.0,-0.00011110018358290175,0.0,0.5641175653563572,1.2983054094959163,0.19936134368767053
63,0.0,Sample,0.21367872312987193,-0.0432315348429199,0.043120434659337,0.7853557508370828,1.8257262685040696,0.13501715402840156
63,0.0,MOM mean,0.18425187999045803,-0.03565859723790299,0.03554749705432009,0.7618614172049492,1.7447865825580782,0.0020269276074500217
63,0.0,Winsorized,0.1757046677127025,-0.06038801116748446,0.06027691098390156,0.8304908910848356,1.947628684346673,0.25848252467363286
63,0.0,Oracle,0.0,-0.00011110018358290175,0.0,0.5641175653563572,1.3003124327314795,0.19936134368767053
63,0.03,Sample,0.4331183836998503,-0.03466199314169538,0.03455089295811248,0.7386285901273616,1.7133545519317346,0.24430046167046351
63,0.03,MOM mean,0.32960583559743084,-0.050939135123692525,0.05082803494010962,0.8172993886399064,1.9011579280602637,0.09725459816760425
63,0.03,Winsorized,0.18408569702439648,-0.06664321332287991,0.06653211313929701,0.8342632987650404,1.963132516571116,0.38764806643587796
63,0.03,Oracle,0.0,-0.00011110018358290175,0.0,0.5641175653563572,1.3003124327314795,0.19936134368767053
64,0.0,Sample,0.1464788031535949,-0.025886846910550654,0.025775746726967752,0.7300075099993742,1.5182074886385064,1.877872044062784e-18
64,0.0,MOM mean,0.17760578030201613,-0.022452609753809166,0.022341509570226264,0.7099492910055741,1.5993416144023425,5.017823179534475e-18
64,0.0,Winsorized,0.12641641190656372,-0.01893395042230331,0.018822850238720407,0.7035597901369867,1.4848975680624177,5.64903213182838e-17
64,0.0,Oracle,0.0,-0.00011110018358290175,0.0,0.5641175653563572,1.212134763039527,0.19936134368767053
64,0.03,Sample,0.3490557028331681,-0.01241348205301851,0.012302381869435608,0.652451952159718,1.4091345578205419,0.18355211195816096
64,0.03,MOM mean,0.35243875201150426,-0.005588688465546748,0.005477588281963847,0.6182065565200551,1.3178620075739191,0.1351106178421478
64,0.03,Winsorized,0.12995721187550113,-0.018919956341860375,0.018808856158277473,0.7035211047131134,1.484921588835696,4.348375983627959e-17
64,0.03,Oracle,0.0,-0.00011110018358290175,0.0,0.5641175653563572,1.212134763039527,0.19936134368767053
65,0.0,Sample,0.067219241214688,-0.006327874553270094,0.006216774369687192,0.600882905052181,1.27621345377374,0.10274762842145783
65,0.0,MOM mean,0.15447143772513455,-0.011825565034154238,0.011714464850571336,0.5728984209067033,1.2294465479006276,0.20597397303415557
65,0.0,Winsorized,0.08078546575395415,-0.018656704528195955,0.018545604344613054,0.6793804888010573,1.481889606698363,0.0
65,0.0,Oracle,0.0,-0.00011110018358290175,0.0,0.5641175653563572,1.2134017247758275,0.19936134368767053
65,0.03,Sample,0.32831444725251024,-0.0039021232763541067,0.003791023092771205,0.5619321630354711,1.1923716027719586,0.22977325680437136
65,0.03,MOM mean,0.13810355426003967,-0.008131677087976706,0.008020576904393804,0.5902258455293912,1.2572195258950667,0.07857902697163652
65,0.03,Winsorized,0.08342369053386396,-0.016993250292825238,0.016882150109242336,0.6660087620458244,1.4508499291175396,0.04699353977306924
65,0.03,Oracle,0.0,-0.00011110018358290175,0.0,0.5641175653563572,1.2134017247758275,0.19936134368767053
66,0.0,Sample,0.211488059810567,-0.023567550254684058,0.023456450071101156,0.6917235907528381,1.422527931215586,0.0
66,0.0,MOM mean,0.2417912858311352,-0.037543971922014974,0.03743287173843207,0.7025824395846092,1.4599683793453089,3.569741423371316e-17
66,0.0,Winsorized,0.19930741980904593,-0.042079847711286644,0.04196874752770374,0.7674154784516806,1.5715231870058364,0.0
66,0.0,Oracle,0.0,-0.00011110018358290175,0.0,0.5641175653563572,1.207508616613771,0.19936134368767053
66,0.03,Sample,0.3630468101413557,-0.013404568202692563,0.013293468019109661,0.6289056256143758,1.29737160708033,0.15437744031566414
66,0.03,MOM mean,0.42909741885389363,-0.009276542549379749,0.009165442365796847,0.5696157798151401,1.1943665975048336,0.1990836087913169
66,0.03,Winsorized,0.19841011645306278,-0.042071060044546874,0.04195995986096397,0.7673765975159007,1.5714170293369465,4.07524491582989e-17
66,0.03,Oracle,0.0,-0.00011110018358290175,0.0,0.5641175653563572,1.207508616613771,0.19936134368767053
67,0.0,Sample,0.12768655176833743,-0.02851991701989212,0.02840881683630922,0.7067667889454547,1.4381513071915206,7.089665768518494e-18
67,0.0,MOM mean,0.16293704810880905,-0.04677485414724958,0.046663753963666676,0.7968969578781979,1.5737579003429634,8.948056054794429e-18
67,0.0,Winsorized,0.12685628281425543,-0.03431606823332814,0.03420496804974524,0.7312303332740878,1.4900618083345885,6.145482516602046e-17
67,0.0,Oracle,0.0,-0.00011110018358290175,0.0,0.5641175653563572,1.0892520268466062,0.19936134368767053
67,0.03,Sample,0.3255404425778289,-0.014783833274203323,0.014672733090620421,0.6329124405360174,1.2627214400532938,0.23434059396173118
67,0.03,MOM mean,0.15932381025237471,-0.031723399320828405,0.0316122991372455,0.7116479982896379,1.4523467168428559,1.4611342866470998e-17
67,0.03,Winsorized,0.12400955630268433,-0.02764258650314752,0.02753148631956462,0.6949599210215192,1.40702392188,0.10956112866326229
67,0.03,Oracle,0.0,-0.00011110018358290175,0.0,0.5641175653563572,1.0892520268466062,0.19936134368767053
68,0.0,Sample,0.24292945049140285,-0.013856720449545043,0.013745620265962141,0.5701939034197505,1.1962244908961002,0.46761597627997037
68,0.0,MOM mean,0.3207912176359398,-0.01556739021404685,0.015456290030463948,0.5753152304256659,1.2023568694157618,0.4872203894365269
68,0.0,Winsorized,0.22034729785159016,-0.023716386146585965,0.023605285963003063,0.5784456375900019,1.222076098079529,0.546447046528416
68,0.0,Oracle,0.0,-0.00011110018358290175,0.0,0.5641175653563572,1.1808266424184388,0.19936134368767053
68,0.03,Sample,0.4754174128814206,-0.011069848693981005,0.010958748510398103,0.5969019216691706,1.255821938493234,0.27851172447787814
68,0.03,MOM mean,0.466824232293969,-0.033880642322300134,0.03376954213871723,0.7385431701705564,1.523751450674071,0.2641987803584998
68,0.03,Winsorized,0.22966698440553696,-0.02574586314504003,0.025634762961457128,0.5807735704700953,1.2254503219404214,0.6
68,0.03,Oracle,0.0,-0.00011110018358290175,0.0,0.5641175653563572,1.1808266424184388,0.19936134368767053
69,0.0,Sample,0.15494539157940668,-0.03669966743132862,0.036588567247745715,0.7250134016009466,1.5965311942945943,0.0
69,0.0,MOM mean,0.23024162681004204,-0.03719975104634854,0.03708865086276564,0.7175532560021194,1.5864162265064614,0.14901914249341994
69,0.0,Winsorized,0.13496236539452824,-0.04138487747126095,0.041273777287678046,0.7390245928446193,1.6297167558203416,2.4476229416850784e-17
69,0.0,Oracle,0.0,-0.00011110018358290175,0.0,0.5641175653563572,1.1598366213694162,0.19936134368767053
69,0.03,Sample,0.3556783752952137,-0.014660784310811678,0.014549684127228776,0.6147880325706152,1.3431938401658503,0.21844453117214077
69,0.03,MOM mean,0.21502495685566506,-0.037073422250809174,0.03696232206722627,0.7327143643016797,1.6095108344967688,0.04522776573901877
69,0.03,Winsorized,0.13680273052196465,-0.03839328636109185,0.03828218617750895,0.7247847399792318,1.59758327253131,0.03376385578439984
69,0.03,Oracle,0.0,-0.00011110018358290175,0.0,0.5641175653563572,1.1598366213694162,0.19936134368767053
70,0.0,Sample,0.330985327748589,-0.032695975473562275,0.03258487528997937,0.7497245389095992,1.617647122831615,0.0
70,0.0,MOM mean,0.27706417423413926,-0.03864988213903334,0.038538781955450435,0.7781245118917166,1.672177361016698,3.9461570946683344e-17
70,0.0,Winsorized,0.17419498737445774,-0.0436081925283662,0.0434970923447833,0.7802212189822678,1.7266058275609257,0.0
70,0.0,Oracle,0.0,-0.00011110018358290175,0.0,0.5641175653563572,1.1891019536488068,0.19936134368767053
70,0.03,Sample,0.4166670001451921,-0.01972149813541345,0.019610397951830547,0.6737540459826409,1.4489810280860227,0.18627563477501702
70,0.03,MOM mean,0.46365691621122584,-0.015377275951348371,0.01526617576776547,0.6414270720894659,1.3707118343456957,0.28706082195651256
70,0.03,Winsorized,0.16792778336956324,-0.04360610928087383,0.043495009097290926,0.7802089686764009,1.726578184280233,2.6237692574149207e-17
70,0.03,Oracle,0.0,-0.00011110018358290175,0.0,0.5641175653563572,1.1891019536488068,0.19936134368767053
71,0.0,Sample,0.28503162284636474,-0.027155561080201118,0.027044460896618217,0.6528040715430421,1.573618232386952,2.2079901922671832e-16
71,0.0,MOM mean,0.3135127751188476,-0.033701801659523814,0.03359070147594091,0.6825983861013981,1.6345022827558997,0.0
71,0.0,Winsorized,0.23457569079292076,-0.029612344396026245,0.029501244212443344,0.6646286039171581,1.5985098299255447,0.0
71,0.0,Oracle,0.0,-0.00011110018358290175,0.0,0.5641175653563572,1.3220207540863735,0.19936134368767053
71,0.03,Sample,0.40024965729230116,-0.014949917876584187,0.014838817693001286,0.5808825092421346,1.3835199717223747,0.19430109847634727
71,0.03,MOM mean,0.3988075280554913,-0.022504117427818708,0.022393017244235806,0.6163986334023601,1.4405815281793595,0.1401124481899926
71,0.03,Winsorized,0.2325056413486586,-0.026494925059916102,0.0263838248763332,0.6404699387704811,1.5234637866613798,0.08067522115667214
71,0.03,Oracle,0.0,-0.00011110018358290175,0.0,0.5641175653563572,1.3220207540863735,0.19936134368767053
72,0.0,Sample,0.1337620617684734,-0.02732563563356251,0.027214535449979607,0.7040377066089019,1.624944179180344,0.1672198918857804
72,0.0,MOM mean,0.19048335377839756,-0.014069107039996781,0.01395800685641388,0.622316126520542,1.527330244067673,0.1827742446040784
72,0.0,Winsorized,0.07759680276056988,-0.04208429532313718,0.041973195139554276,0.7864445244425833,1.8762841010258655,0.0
72,0.0,Oracle,0.0,-0.00011110018358290175,0.0,0.5641175653563572,1.320215257852353,0.19936134368767053
72,0.03,Sample,0.3802595006578767,-0.018314138210123704,0.018203038026540802,0.6595636264505735,1.490737948758662,0.24695528053259932
72,0.03,MOM mean,0.43364692158169893,-0.006052698785635295,0.005941598602052393,0.574343442344884,1.3570113151795755,0.27627639782431523
72,0.03,Winsorized,0.08433599228293892,-0.0366279049222729,0.03651680473869,0.7480785528147655,1.7169176755053535,0.16977595796616382
72,0.03,Oracle,0.0,-0.00011110018358290175,0.0,0.5641175653563572,1.320215257852353,0.19936134368767053
73,0.0,Sample,0.2656993954056933,-0.012296353348342892,0.01218525316475999,0.5935899606944602,1.3196016710716387,0.40102727350765455
73,0.0,MOM mean,0.2627553224452391,-0.015527053118000053,0.015415952934417151,0.5972930349872395,1.3554364324968815,0.17941812008302124
73,0.0,Winsorized,0.24203662148860314,-0.014751770394822214,0.014640670211239312,0.5741174104626746,1.3407127576608955,0.4681109321704707
73,0.0,Oracle,0.0,-0.00011110018358290175,0.0,0.5641175653563572,1.2783630539070687,0.19936134368767053
73,0.03,Sample,0.43168321595233317,-0.007343433902992275,0.007232333719409373,0.587333236742665,1.315685019157674,0.28618710044794465
73,0.03,MOM mean,0.3972866358276862,-0.008771075139373197,0.008659974955790295,0.6152734396826299,1.3822419200743985,0.30412839149012166
73,0.03,Winsorized,0.24861075351459191,-0.022703973197379115,0.022592873013796214,0.5849215827767985,1.3720423111264157,0.5999999999999999
73,0.03,Oracle,0.0,-0.00011110018358290175,0.0,0.5641175653563572,1.2783630539070687,0.19936134368767053
74,0.0,Sample,0.16151626297467278,-0.012493225352013998,0.012382125168431096,0.623709195621027,1.2488975465224221,4.417552105639034e-17
74,0.0,MOM mean,0.18232963548855097,-0.02300582632069438,0.02289472613711148,0.65902524043449,1.321583852851284,0.0
74,0.0,Winsorized,0.18314333904173902,-0.01309383611808837,0.012982735934505468,0.6179021973612822,1.2260456128461437,0.0
74,0.0,Oracle,0.0,-0.00011110018358290175,0.0,0.5641175653563572,1.1268667959460834,0.19936134368767053
74,0.03,Sample,0.2901010943409248,-0.0059550524963710855,0.005843952312788184,0.5711728019127563,1.1399804509432796,0.2003326039357684
74,0.03,MOM mean,0.45830429500088216,-0.013712249869928764,0.013601149686345862,0.569714599915718,1.1244765899641191,0.3239137145976524
74,0.03,Winsorized,0.16974800597942463,-0.01306880876531688,0.012957708581733979,0.6179068565543181,1.2261473245616776,2.1212246098089443e-17
74,0.03,Oracle,0.0,-0.00011110018358290175,0.0,0.5641175653563572,1.1268667959460834,0.19936134368767053
75,0.0,Sample,0.15120521791891817,-0.03448835953793493,0.03437725935435203,0.7617771255112453,1.6092900368090084,0.13368328666570092
75,0.0,MOM mean,0.2025925115424184,-0.042020447508842665,0.04190934732525976,0.7581989525303647,1.6741786028363852,0.3082099787679006
75,0.0,Winsorized,0.1174832736093081,-0.04905781138046353,0.04894671119688063,0.8291476076553492,1.7448778496471,0.0
75,0.0,Oracle,0.0,-0.00011110018358290175,0.0,0.5641175653563572,1.1410164608476152,0.19936134368767053
75,0.03,Sample,0.36355233849119944,-0.029995097322384257,0.029883997138801355,0.7172715797036757,1.5459039259029903,0.2789130479545184
75,0.03,MOM mean,0.4105031742277414,-0.03595779093055586,0.035846690746972956,0.7281407553564997,1.6032446399370808,0.30305868983051326
75,0.03,Winsorized,0.1197662743707496,-0.041787570492245296,0.041676470308662394,0.7771810243474141,1.677544330011515,0.1904361403933429
75,0.03,Oracle,0.0,-0.00011110018358290175,0.0,0.5641175653563572,1.1410164608476152,0.19936134368767053
76,0.0,Sample,0.18572056523199054,-0.0203104309648445,0.0201993307812616,0.6454304076476796,1.3117552964228025,0.15563150315400673
76,0.0,MOM mean,0.2457202354446328,-0.017714049071678596,0.017602948888095694,0.5852910127115554,1.1960489282718179,0.247007820745229
76,0.0,Winsorized,0.11535709255842705,-0.036927594710622305,0.0368164945270394,0.7275148169223825,1.4681477495420323,0.0
76,0.0,Oracle,0.0,-0.00011110018358290175,0.0,0.5641175653563572,1.1600149261570436,0.19936134368767053
76,0.03,Sample,0.3443607429880097,-0.015650956778320124,0.015539856594737222,0.6152157329448891,1.2612431325428344,0.22738566427801749
76,0.03,MOM mean,0.25804073538939865,-0.03065348631816628,0.030542386134583377,0.6904075947670922,1.3879909372529724,0.11746145303607404
76,0.03,Winsorized,0.10951425351949792,-0.03185881071371885,0.03174771053013595,0.701954954269299,1.414282447255561,0.07016395064296724
76,0.03,Oracle,0.0,-0.00011110018358290175,0.0,0.5641175653563572,1.1600149261570436,0.19936134368767053
77,0.0,Sample,0.14332829611575096,-0.0562766672617073,0.056165567078124395,0.8602646474212056,1.8029973663011034,0.0
77,0.0,MOM mean,0.10601313214455645,-0.03910055124108075,0.03898945105749785,0.7705952115233998,1.6453860568383418,0.013715699383305505
77,0.0,Winsorized,0.11571693447831731,-0.055136379073706,0.0550252788901231,0.8570044998531992,1.800348840630805,7.872663024960369e-17
77,0.0,Oracle,0.0,-0.00011110018358290175,0.0,0.5641175653563572,1.2567948471645591,0.19936134368767053
77,0.03,Sample,0.3372497971004337,-0.031239979967800854,0.031128879784217953,0.7440534908950542,1.6057969762582047,0.19547702879854495
77,0.03,MOM mean,0.24009108915789676,-0.04836956007125928,0.04825845988767638,0.8047850818480529,1.8027142088948507,0.07598088887323937
77,0.03,Winsorized,0.12438620891096323,-0.05016091831169786,0.05004981812811496,0.8350662912662797,1.7621754831945675,0.046834469493334724
77,0.03,Oracle,0.0,-0.00011110018358290175,0.0,0.5641175653563572,1.2567948471645591,0.19936134368767053
78,0.0,Sample,0.1766079969280263,-0.05820949457674478,0.058098394393161876,0.8330259666096269,1.7582198128268551,0.19885319439873575
78,0.0,MOM mean,0.27564683914064325,-0.06156217690833757,0.061451076724754666,0.8316466529752435,1.7652797300131682,0.24116486091175038
78,0.0,Winsorized,0.14795070110747283,-0.05917994298862374,0.059068842805040836,0.8353703943668128,1.7695885872354051,0.18335658539303437
78,0.0,Oracle,0.0,-0.00011110018358290175,0.0,0.5641175653563572,1.2052607143595382,0.19936134368767053
78,0.03,Sample,0.3935151719756205,-0.059561183172779364,0.05945008298919646,0.8301521133802456,1.7490793159245,0.2469651983456247
78,0.03,MOM mean,0.4919080793044735,-0.062391097490117356,0.062279997306534454,0.829538682184318,1.749614164320586,0.2921404147366126
78,0.03,Winsorized,0.16173027901548803,-0.06389297587497829,0.06378187569139539,0.8301632376227226,1.7417627664899678,0.3352925218310033
78,0.03,Oracle,0.0,-0.00011110018358290175,0.0,0.5641175653563572,1.2052607143595382,0.19936134368767053
79,0.0,Sample,0.1604939613680718,-0.037627481301429636,0.037516381117846734,0.7880669420958228,1.5688540403043378,0.0
79,0.0,MOM mean,0.16049518147534483,-0.03559151248645606,0.03548041230287316,0.7642485065382574,1.5086885002860488,6.749158523722265e-18
79,0.0,Winsorized,0.12924702325870668,-0.046853962603224386,0.046742862419641484,0.821003125799188,1.6300374012705379,0.0
79,0.0,Oracle,0.0,-0.00011110018358290175,0.0,0.5641175653563572,1.1066701748241783,0.19936134368767053
79,0.03,Sample,0.37985821287584803,-0.018679239269388956,0.018568139085806054,0.6837176060579828,1.354260900820007,0.21288954404898314
79,0.03,MOM mean,0.24950768541789872,-0.028379140491209875,0.028268040307626974,0.7294121073195451,1.4299880499497615,0.09759494801185505
79,0.03,Winsorized,0.13270431366744292,-0.046791123903228676,0.046680023719645775,0.8208081631073666,1.6296992499714626,1.5875091497440097e-17
79,0.03,Oracle,0.0,-0.00011110018358290175,0.0,0.5641175653563572,1.1066701748241783,0.19936134368767053
80,0.0,Sample,0.17421823809165732,-0.011309466603165522,0.01119836641958262,0.6273717720698979,1.3754410022468018,0.0
80,0.0,MOM mean,0.23162278305725806,-0.018572155112411684,0.018461054928828782,0.6415462519563636,1.4227021460117069,0.1333361942884382
80,0.0,Winsorized,0.16374922548957097,-0.01835965021358442,0.018248550030001517,0.6762326363393293,1.4812327510331147,0.012125536477360617
80,0.0,Oracle,0.0,-0.00011110018358290175,0.0,0.5641175653563572,1.2414431716598897,0.19936134368767053
80,0.03,Sample,0.29931326376449796,-0.00652222499747683,0.006411124813893929,0.5721673124970432,1.2599157975416102,0.23196397034014465
80,0.03,MOM mean,0.19138440730928702,-0.022519663928243214,0.022408563744660312,0.6547914226218137,1.4900115156250617,0.06230502775513015
80,0.03,Winsorized,0.1561606612052626,-0.013245741723298246,0.013134641539715344,0.6182018027954612,1.3970090784571085,0.29049868383475913
80,0.03,Oracle,0.0,-0.00011110018358290175,0.0,0.5641175653563572,1.2414431716598897,0.19936134368767053
81,0.0,Sample,0.15683952540204002,-0.06474904505552365,0.06463794487194074,0.8844155543212218,1.827811197713992,2.9134369817976862e-18
81,0.0,MOM mean,0.2058846727513642,-0.0720916704358052,0.07198057025222229,0.9084440047700647,1.8690371145961966,0.05062614125450867
81,0.0,Winsorized,0.16659863495067134,-0.06422657583032604,0.06411547564674314,0.8834283557684249,1.823924621838461,1.6884078305390495e-17
81,0.0,Oracle,0.0,-0.00011110018358290175,0.0,0.5641175653563572,1.1806635885448444,0.19936134368767053
81,0.03,Sample,0.3400351319413771,-0.05234865701964074,0.05223755683605784,0.8166904430528165,1.7274673575068946,0.21162668928951836
81,0.03,MOM mean,0.2855465873060621,-0.028208985254379898,0.028097885070796996,0.7318095276988801,1.5373390573025578,0.18355302409653515
81,0.03,Winsorized,0.16403176037257053,-0.05993310431845775,0.059822004134874845,0.8505371787052592,1.78925652030376,0.1377511451132006
81,0.03,Oracle,0.0,-0.00011110018358290175,0.0,0.5641175653563572,1.1806635885448444,0.19936134368767053
82,0.0,Sample,0.09335010040438944,-0.005323507913333497,0.0052124077297505955,0.5744899791097159,1.2329223501146491,0.23184409649816873
82,0.0,MOM mean,0.1622750623539978,-0.027139355205780244,0.027028255022197342,0.7173597973742791,1.5620633725936202,0.22066008027542636
82,0.0,Winsorized,0.12610505766250024,-0.02087849029473357,0.02076739011115067,0.7039772514731916,1.4991463204024966,3.437217348310588e-17
82,0.0,Oracle,0.0,-0.00011110018358290175,0.0,0.5641175653563572,1.230969699951248,0.19936134368767053
82,0.03,Sample,0.39054955855093193,-0.005071383142142061,0.004960282958559159,0.5787472409558665,1.2433225852224186,0.2712053769582565
82,0.03,MOM mean,0.2716476111839253,-0.024283324055208638,0.024172223871625736,0.6893019925781072,1.404434060936837,0.10504136154793202
82,0.03,Winsorized,0.14188019690361284,-0.013383143254673838,0.013272043071090936,0.650598527477739,1.3706190968698566,0.17420029568398515
82,0.03,Oracle,0.0,-0.00011110018358290175,0.0,0.5641175653563572,1.230969699951248,0.19936134368767053
83,0.0,Sample,0.24503326596399527,-0.009014718133492208,0.008903617949909307,0.6189953933218028,1.3448335686483437,0.25570766197054196
83,0.0,MOM mean,0.27736067512045803,-0.01331932300757216,0.013208222823989257,0.6163710768179488,1.3425559768419015,0.40929448637898547
83,0.0,Winsorized,0.13709183131247968,-0.006709898546010645,0.0065987983624277435,0.6340999338182856,1.355210144824001,0.12291204383523804
83,0.0,Oracle,0.0,-0.00011110018358290175,0.0,0.5641175653563572,1.1931023805644283,0.19936134368767053
83,0.03,Sample,0.5021184240307703,-0.008529249769833464,0.008418149586250562,0.6136365644307372,1.3253384641327892,0.25768108954648056
83,0.03,MOM mean,0.5266653693840712,-0.012244812156273308,0.012133711972690406,0.6378688215330425,1.372057371353094,0.2275898153267463
83,0.03,Winsorized,0.1533961073609625,-0.007267991986247821,0.007156891802664919,0.6097967308377173,1.3256181194042893,0.3031615554079722
83,0.03,Oracle,0.0,-0.00011110018358290175,0.0,0.5641175653563572,1.1931023805644283,0.19936134368767053
84,0.0,Sample,0.17544686789085417,-0.041275653864327105,0.041164553680744204,0.8072208521035965,1.685390434836827,0.0
84,0.0,MOM mean,0.17608945376099544,-0.0357654046146266,0.0356543044310437,0.7915564087587087,1.668480605112614,1.7331988166717494e-17
84,0.0,Winsorized,0.12401150017222096,-0.04413343452941969,0.044022334345836786,0.8202507316571432,1.721182165727949,0.0
84,0.0,Oracle,0.0,-0.00011110018358290175,0.0,0.5641175653563572,1.227203253022529,0.19936134368767053
84,0.03,Sample,0.3367355759019621,-0.025352528495223098,0.025241428311640196,0.7211183962252016,1.5232364494791386,0.1690777295232728
84,0.03,MOM mean,0.15475773031867882,-0.02371543526441361,0.023604335080830707,0.7266324101088175,1.5373893728709476,0.04118568346005841
84,0.03,Winsorized,0.11893858324723303,-0.04410091823644759,0.043989818052864685,0.8201398758432684,1.7209331554536622,3.4423418976414766e-18
84,0.03,Oracle,0.0,-0.00011110018358290175,0.0,0.5641175653563572,1.227203253022529,0.19936134368767053
85,0.0,Sample,0.10856246745320038,-0.022013262173306722,0.02190216198972382,0.659784548593334,1.409848050118617,0.042666766911380376
85,0.0,MOM mean,0.14163855708456066,-0.01814097568669429,0.018029875503111387,0.6599543889768639,1.4297535423662286,0.16432189088994514
85,0.0,Winsorized,0.08727485695323572,-0.03233497625451223,0.03222387607092933,0.7156053631615168,1.517609140704853,0.0013092092739239905
85,0.0,Oracle,0.0,-0.00011110018358290175,0.0,0.5641175653563572,1.2091204353167093,0.19936134368767053
85,0.03,Sample,0.3625958762410673,-0.018333951693504713,0.01822285150992181,0.6179316204831535,1.2905240372470026,0.23722885291573853
85,0.03,MOM mean,0.4698273046367338,-0.033361688998258344,0.03325058881467544,0.6765020123489124,1.4153651761759596,0.31959718056564795
85,0.03,Winsorized,0.09540889663951628,-0.022997226446412618,0.022886126262829716,0.6442957128321543,1.3358834940040811,0.23496925857485376
85,0.03,Oracle,0.0,-0.00011110018358290175,0.0,0.5641175653563572,1.2091204353167093,0.19936134368767053
86,0.0,Sample,0.1874090551575094,-0.010076998068391525,0.009965897884808624,0.5947825792312176,1.3115403256429132,0.05421904178308449
86,0.0,MOM mean,0.19583240585887166,-0.019130376029086467,0.019019275845503565,0.6294998215765102,1.3926380638012474,1.5127847160656808e-16
86,0.0,Winsorized,0.16330836336106072,-0.011749786173288632,0.01163868598970573,0.6166388710206167,1.3549237634999303,0.028749916783305733
86,0.0,Oracle,0.0,-0.00011110018358290175,0.0,0.5641175653563572,1.2325557062785744,0.19936134368767053
86,0.03,Sample,0.4414356706637666,-0.006730534427284628,0.006619434243701726,0.5509176398871676,1.2299196614096597,0.2413388347297459
86,0.03,MOM mean,0.2577109186710969,-0.022453021766057873,0.02234192158247497,0.6929938988296941,1.4311954092027364,0.023937190105008894
86,0.03,Winsorized,0.18160623006094365,-0.011022060871732652,0.01091096068814975,0.566164116234709,1.2693758301313554,0.30531621807598
86,0.03,Oracle,0.0,-0.00011110018358290175,0.0,0.5641175653563572,1.2325557062785744,0.19936134368767053
87,0.0,Sample,0.2646113637575722,-0.027099395241649324,0.026988295058066422,0.7082237110435273,1.4832771163299958,0.0
87,0.0,MOM mean,0.23150170714661933,-0.013904686548776052,0.01379358636519315,0.6369218884082417,1.3345551660027861,0.0
87,0.0,Winsorized,0.22679769530075233,-0.03434682452198924,0.03423572433840634,0.760824448887654,1.5804366753455623,0.0
87,0.0,Oracle,0.0,-0.00011110018358290175,0.0,0.5641175653563572,1.1916010138570454,0.19936134368767053
87,0.03,Sample,0.3213991667199999,-0.01585166878715158,0.015740568603568678,0.6352677456108097,1.3277633304225644,0.2155301941944254
87,0.03,MOM mean,0.21356850253053533,-0.010628192669744768,0.010517092486161866,0.60555332735844,1.2937537046741436,0.11011232759304075
87,0.03,Winsorized,0.21202611824749737,-0.026985873096678395,0.026874772913095493,0.7120087911459196,1.4748608349679626,0.14400374135233762
87,0.03,Oracle,0.0,-0.00011110018358290175,0.0,0.5641175653563572,1.1916010138570454,0.19936134368767053
88,0.0,Sample,0.09464398668913589,-0.0019392000985733876,0.0018280999149904859,0.5669921127521911,1.396386871949763,0.2409325145866961
88,0.0,MOM mean,0.15178609605033205,-0.030268899211763983,0.03015779902818108,0.7155725047672117,1.7304799473802772,0.1348289264295039
88,0.0,Winsorized,0.06425413553343576,-0.014827433558613295,0.014716333375030394,0.6250397813157498,1.4900062318434348,0.2758995090540747
88,0.0,Oracle,0.0,-0.00011110018358290175,0.0,0.5641175653563572,1.4120255562538806,0.19936134368767053
88,0.03,Sample,0.4141005183701366,-0.0012327139381187874,0.0011216137545358856,0.5621905816215788,1.3875792405426193,0.26233206147468774
88,0.03,MOM mean,0.3729870218899429,-0.017485295647323026,0.017374195463740125,0.6241918949539346,1.4962832981111887,0.24010117159081376
88,0.03,Winsorized,0.096787790379175,-0.016376116240209293,0.01626501605662639,0.5882533526456382,1.3787810217877068,0.4944085834792106
88,0.03,Oracle,0.0,-0.00011110018358290175,0.0,0.5641175653563572,1.4120255562538806,0.19936134368767053
89,0.0,Sample,0.1453095256001462,-0.011545119104007226,0.011434018920424324,0.6491121480449169,1.4292674262677016,0.1324589102566614
89,0.0,MOM mean,0.09373678451445036,-0.010482880223729563,0.010371780040146661,0.6365892455830626,1.3907305956668423,0.0549506213825208
89,0.0,Winsorized,0.09333383264580161,-0.022735303921762318,0.022624203738179416,0.6949681700379449,1.5516951944902593,0.17646689687575626
89,0.0,Oracle,0.0,-0.00011110018358290175,0.0,0.5641175653563572,1.2121458636206626,0.19936134368767053
89,0.03,Sample,0.3817620067856996,-0.008813376849660437,0.008702276666077535,0.6217491844251921,1.3680966653256061,0.24331876921481893
89,0.03,MOM mean,0.266741894669184,-0.01633094099620369,0.01621984081262079,0.6573833285357337,1.4552241746019892,0.11672157433916683
89,0.03,Winsorized,0.10525494989575192,-0.020551611508626,0.020440511325043098,0.6624421660852454,1.4754230441921923,0.34580829112178413
89,0.03,Oracle,0.0,-0.00011110018358290175,0.0,0.5641175653563572,1.2121458636206626,0.19936134368767053
90,0.0,Sample,0.14879711742296736,-0.012942290330679021,0.01283119014709612,0.6455451956154706,1.4183006296527265,0.026261635100931748
90,0.0,MOM mean,0.12216550063192128,-0.009238103638943201,0.0091270034553603,0.6489695787149751,1.3973367817430344,0.12822813929331664
90,0.0,Winsorized,0.14671223110576484,-0.016458902283466414,0.016347802099883513,0.6863811104682868,1.518445028713241,4.374501656094834e-18
90,0.0,Oracle,0.0,-0.00011110018358290175,0.0,0.5641175653563572,1.191905662472367,0.19936134368767053
90,0.03,Sample,0.2727372194886873,-0.007185256977192481,0.007074156793609579,0.5903972161979902,1.2867841166656455,0.2177668876015011
90,0.03,MOM mean,0.4495576907019232,-0.008555922039234026,0.008444821855651125,0.5680180839994163,1.2441402610188512,0.33046860615189666
90,0.03,Winsorized,0.13553966641165532,-0.016447740243804326,0.016336640060221425,0.6863408870579399,1.5183751694656085,1.5276239203731307e-17
90,0.03,Oracle,0.0,-0.00011110018358290175,0.0,0.5641175653563572,1.191905662472367,0.19936134368767053
91,0.0,Sample,0.2682083008331918,-0.061880000000000004,0.0617688998164171,0.856971411425142,1.742832773110212,6.071532165918825e-18
91,0.0,MOM mean,0.2647889206314279,-0.04242297693045638,0.04231187674687348,0.7666198834661276,1.5333606988118669,0.13579701097670474
91,0.0,Winsorized,0.2061082530613735,-0.06187999999999998,0.061768899816417075,0.8569714114251419,1.7428327731102113,0.0
91,0.0,Oracle,0.0,-0.00011110018358290175,0.0,0.5641175653563572,1.1196437410726354,0.19936134368767053
91,0.03,Sample,0.3770801815393945,-0.03411642416680351,0.034005323983220606,0.7322808795854934,1.4827243153969665,0.21994091494232296
91,0.03,MOM mean,0.5789040957485011,-0.02539481131699163,0.02528371113340873,0.6703692244611972,1.3569319994277573,0.36279362382005087
91,0.03,Winsorized,0.20101312612076694,-0.06175930516866446,0.061648204985081556,0.856461742953757,1.7417093785164126,0.0007708819998146228
91,0.03,Oracle,0.0,-0.00011110018358290175,0.0,0.5641175653563572,1.1196437410726354,0.19936134368767053
92,0.0,Sample,0.14618404097473361,-0.028441234986330458,0.028330134802747556,0.7606149630949686,1.75902348269539,2.1436709829111833e-17
92,0.0,MOM mean,0.11416364845270797,-0.010828887664924292,0.01071778748134139,0.6410202694922102,1.503606058289068,0.12854791655587777
92,0.0,Winsorized,0.134296899998704,-0.042461669746707106,0.042350569563124205,0.8094563697804478,1.8367318896702884,0.0
92,0.0,Oracle,0.0,-0.00011110018358290175,0.0,0.5641175653563572,1.3032074283703978,0.19936134368767053
92,0.03,Sample,0.347155439248151,-0.017211622174450394,0.017100521990867493,0.6822767419010284,1.6224206997398392,0.2293595110621392
92,0.03,MOM mean,0.05589742370595008,-0.01523053678752273,0.015119436603939829,0.694067259952946,1.5850409753016228,0.021015890059126536
92,0.03,Winsorized,0.14119319619131987,-0.0342128026256933,0.0341017024421104,0.7576571153353121,1.7493484752601978,0.1682691806198486
92,0.03,Oracle,0.0,-0.00011110018358290175,0.0,0.5641175653563572,1.3032074283703978,0.19936134368767053
93,0.0,Sample,0.20851233522580342,-0.024405187525648395,0.024294087342065493,0.6623565723015241,1.5458879961463485,1.3254371558635292e-16
93,0.0,MOM mean,0.21594463691261245,-0.03843694378455986,0.03832584360097696,0.7243951782111192,1.6649880838749798,0.049818127735086176
93,0.0,Winsorized,0.2058798292585914,-0.023378548676206257,0.023267448492623355,0.6385807719826427,1.4685042918811653,1.6717042247010871e-16
93,0.0,Oracle,0.0,-0.00011110018358290175,0.0,0.5641175653563572,1.3689864612990181,0.19936134368767053
93,0.03,Sample,0.3640302281592976,-0.023048030004480843,0.02293692982089794,0.6107258458505521,1.4381615790997395,0.20399031802364737
93,0.03,MOM mean,0.2284488165434973,-0.03391871081386283,0.03380761063027993,0.687886713831993,1.6198733329722632,7.078252344511764e-06
93,0.03,Winsorized,0.20691480447071364,-0.02255598798410427,0.022444887800521368,0.613769396465819,1.4268709042536476,0.12103301427247265
93,0.03,Oracle,0.0,-0.00011110018358290175,0.0,0.5641175653563572,1.3689864612990181,0.19936134368767053
94,0.0,Sample,0.18832016453191794,-0.04149246032975468,0.041381360146171775,0.8033927031194956,1.7166993544830085,0.0
94,0.0,MOM mean,0.22536656618067002,-0.040480924056302686,0.040369823872719784,0.783388315101051,1.6787798209670517,5.349521281679259e-17
94,0.0,Winsorized,0.17912052646861656,-0.04571002945925688,0.04559892927567398,0.8221071420705447,1.7540437017685577,1.1616209838645475e-17
94,0.0,Oracle,0.0,-0.00011110018358290175,0.0,0.5641175653563572,1.1565506573835835,0.19936134368767053
94,0.03,Sample,0.4056938489530471,-0.014990783631181545,0.014879683447598643,0.6564683571228916,1.4047352293511184,0.20680610150641138
94,0.03,MOM mean,0.25122535354173436,-0.03666330665644579,0.03655220647286289,0.7649765770938868,1.6093569369964407,0.119997978630722
94,0.03,Winsorized,0.18649636635175654,-0.0456524453043064,0.0455413451207235,0.821881023830897,1.7535678465110291,6.776263578034403e-20
94,0.03,Oracle,0.0,-0.00011110018358290175,0.0,0.5641175653563572,1.1565506573835835,0.19936134368767053
95,0.0,Sample,0.23612138320806883,-0.022004279551259907,0.021893179367677006,0.6310161340239637,1.3970628642173926,0.4551174120970904
95,0.0,MOM mean,0.2434309852702327,-0.02830885839841634,0.02819775821483344,0.6359541290160723,1.406068761761529,0.6
95,0.0,Winsorized,0.16006778746525202,-0.021854208157322016,0.021743107973739115,0.6761469491089392,1.481222472170138,0.2816394893197668
95,0.0,Oracle,0.0,-0.00011110018358290175,0.0,0.5641175653563572,1.26727114284242,0.19936134368767053
95,0.03,Sample,0.39149523430323463,-0.0185295014177545,0.0184184012341716,0.6478664004378012,1.4302031588493547,0.3019900054308169
95,0.03,MOM mean,0.3364301912593477,-0.02426530000187055,0.024154199818287647,0.6790962282979256,1.4897042194496855,0.2704021324930543
95,0.03,Winsorized,0.1623936431989367,-0.02873557279048186,0.02862447260689896,0.6694043661476451,1.4700772292913769,0.4684778980346304
95,0.03,Oracle,0.0,-0.00011110018358290175,0.0,0.5641175653563572,1.26727114284242,0.19936134368767053
96,0.0,Sample,0.1269611747459409,-0.009146320816663861,0.00903522063308096,0.6214093072263593,1.2602782341426109,3.62895384383344e-18
96,0.0,MOM mean,0.11762023927556806,-0.012727642004839237,0.012616541821256336,0.671876308040337,1.4003202668999557,0.0
96,0.0,Winsorized,0.07357268200791203,-0.016712419973467008,0.016601319789884106,0.6474498910359461,1.2790986860225027,1.2447149159901943e-18
96,0.0,Oracle,0.0,-0.00011110018358290175,0.0,0.5641175653563572,1.1652724593035677,0.19936134368767053
96,0.03,Sample,0.3808096835351899,-0.0028944992246511744,0.0027833990410682727,0.5561437306556963,1.136985877519069,0.25402287258829526
96,0.03,MOM mean,0.15630852382195615,-0.00545489622394163,0.005343796040358728,0.6021022730928194,1.255080499926835,0.11014045743152366
96,0.03,Winsorized,0.09568957012453605,-0.011734436981896024,0.011623336798313122,0.5927088135596076,1.185137007021797,0.21731135414877106
96,0.03,Oracle,0.0,-0.00011110018358290175,0.0,0.5641175653563572,1.1652724593035677,0.19936134368767053
97,0.0,Sample,0.2044160739556225,-0.010603373266853455,0.010492273083270554,0.6341211134303752,1.342970492481831,0.07188972607116786
97,0.0,MOM mean,0.3588795989438274,-0.04240536424750477,0.042294264063921866,0.7453668117307221,1.582057411800561,8.00978027851362e-17
97,0.0,Winsorized,0.14950798414470162,-0.04896138764947888,0.04885028746589598,0.7928074353840606,1.661722857017283,0.0
97,0.0,Oracle,0.0,-0.00011110018358290175,0.0,0.5641175653563572,1.1837475780542395,0.19936134368767053
97,0.03,Sample,0.35502159705092146,-0.005499028768524969,0.005387928584942067,0.5956550446899388,1.2158399612402522,0.22806115202954466
97,0.03,MOM mean,0.1944988326235635,-0.01348340510840193,0.013372304924819028,0.6387907991104939,1.3882813555609848,0.10676034895206894
97,0.03,Winsorized,0.1388448025351889,-0.04877401398032494,0.048662913796742036,0.792237356926756,1.6604515763256362,4.9751327189928585e-17
97,0.03,Oracle,0.0,-0.00011110018358290175,0.0,0.5641175653563572,1.1837475780542395,0.19936134368767053
98,0.0,Sample,0.11952985287849899,-0.02564103103213429,0.025529930848551388,0.7257330766991249,1.5966687352222462,0.0
98,0.0,MOM mean,0.18436962766262138,-0.03105982116437135,0.03094872098078845,0.7530381280383269,1.6392218391134348,0.0
98,0.0,Winsorized,0.14068526706394152,-0.030358234473030474,0.030247134289447572,0.7533185354100437,1.660773187351568,4.43574213818132e-17
98,0.0,Oracle,0.0,-0.00011110018358290175,0.0,0.5641175653563572,1.2376551726490088,0.19936134368767053
98,0.03,Sample,0.3370512543284803,-0.013298261267835162,0.01318716108425226,0.6491601807750558,1.4276552968411491,0.1787631407062099
98,0.03,MOM mean,0.20701121335821576,-0.0337966274274816,0.0336855272438987,0.7616111070670003,1.635864209489299,0.04500037624572322
98,0.03,Winsorized,0.13996321063021233,-0.030331897223456583,0.03022079703987368,0.7532274219654729,1.6605749759795856,5.816490545500555e-17
98,0.03,Oracle,0.0,-0.00011110018358290175,0.0,0.5641175653563572,1.2376551726490088,0.19936134368767053
99,0.0,Sample,0.1922111575022706,-0.00835590778425191,0.008244807600669007,0.6207300170332132,1.1956483968509475,0.044835206109142635
99,0.0,MOM mean,0.12092325049961489,-0.0018194992204211835,0.0017083990368382818,0.5756539338814257,1.1284778574501657,0.15146717552606356
99,0.0,Winsorized,0.08573428575262565,-0.03364131702500807,0.03353021684142517,0.7274616474333407,1.3966246174412869,1.872959252968709e-17
99,0.0,Oracle,0.0,-0.00011110018358290175,0.0,0.5641175653563572,1.1224872370339725,0.19936134368767053
99,0.03,Sample,0.3668028813693149,-0.005548052493593983,0.005436952310011081,0.5812548088546452,1.1373015312737857,0.23109236194538346
99,0.03,MOM mean,0.5084564738266756,-0.01000358333235353,0.009892483148770628,0.593044723765776,1.202522074562875,0.31052863574026107
99,0.03,Winsorized,0.08520921783639526,-0.033629059443449905,0.033517959259867,0.7273879544951646,1.396490036422325,0.0
99,0.03,Oracle,0.0,-0.00011110018358290175,0.0,0.5641175653563572,1.1224872370339725,0.19936134368767053
100,0.0,Sample,0.19659013329853417,-0.0190543217640939,0.018943221580510997,0.6811383592341629,1.2979464441242174,0.0
100,0.0,MOM mean,0.19229163497835883,-0.04009231982811684,0.03998121964453394,0.7422823036433783,1.4514030381247918,0.017030243365712242
100,0.0,Winsorized,0.11537371796674907,-0.01990440669781897,0.019793306514236067,0.6882490119638653,1.3108395964447366,6.715785425600446e-17
100,0.0,Oracle,0.0,-0.00011110018358290175,0.0,0.5641175653563572,1.0440360912530546,0.19936134368767053
100,0.03,Sample,0.39393919427188623,-0.008887310770464577,0.008776210586881675,0.6087549132648755,1.157702874222092,0.20386662162253205
100,0.03,MOM mean,0.36058421087291087,-0.010739295494269663,0.010628195310686761,0.6245695178671595,1.1901980281722082,0.16987528463062118
100,0.03,Winsorized,0.11482874759163947,-0.019864083569243185,0.019752983385660283,0.6881679863993911,1.3105346752171778,0.0
100,0.03,Oracle,0.0,-0.00011110018358290175,0.0,0.5641175653563572,1.0440360912530546,0.19936134368767053
101,0.0,Sample,0.21841196155354103,-0.009949901352066748,0.009838801168483846,0.5577076884083695,1.1476785159984377,0.2390270647784102
101,0.0,MOM mean,0.16348454151502853,-0.017413533083893318,0.017302432900310416,0.571365671141516,1.1993691948533054,0.2694814315864513
101,0.0,Winsorized,0.185388200591821,-0.012752164691797616,0.012641064508214714,0.5869713160357307,1.2091173472833983,0.1630245660085881
101,0.0,Oracle,0.0,-0.00011110018358290175,0.0,0.5641175653563572,1.1657523637071021,0.19936134368767053
101,0.03,Sample,0.39841521608149033,-0.009521827809382877,0.009410727625799975,0.5571565617396445,1.141351732172784,0.25470854225869477
101,0.03,MOM mean,0.32756356553221977,-0.016827303690992577,0.016716203507409676,0.6110520410173481,1.2729804734882444,0.05836447837017196
101,0.03,Winsorized,0.18617354196413718,-0.0115711853323541,0.011460085148771199,0.5529298663753639,1.125285383819982,0.3732222273428687
101,0.03,Oracle,0.0,-0.00011110018358290175,0.0,0.5641175653563572,1.1657523637071021,0.19936134368767053
102,0.0,Sample,0.1817993616506074,-0.06167680904920339,0.06156570886562049,0.875627405399013,1.8940909054380073,0.0
102,0.0,MOM mean,0.27450916964418803,-0.07619327643918716,0.07608217625560426,0.9274149311798453,1.9908016130656772,0.0
102,0.0,Winsorized,0.16512599347352122,-0.07179760723564702,0.07168650705206411,0.9139850924400077,1.9512590395196263,0.0
102,0.0,Oracle,0.0,-0.00011110018358290175,0.0,0.5641175653563572,1.1459155504493583,0.19936134368767053
102,0.03,Sample,0.353164317167629,-0.04349642078506151,0.04338532060147861,0.7925782434976288,1.6988517891531298,0.2054494387272232
102,0.03,MOM mean,0.22620330245595263,-0.06790013780350232,0.06778903761991942,0.89673436075059,1.9295919680990714,0.032321576610884764
102,0.03,Winsorized,0.1645059103847816,-0.07179313824815078,0.07168203806456788,0.9139707590414536,1.9512209093440616,0.0
102,0.03,Oracle,0.0,-0.00011110018358290175,0.0,0.5641175653563572,1.1459155504493583,0.19936134368767053
103,0.0,Sample,0.31994402577172854,-0.020157015712612192,0.02004591552902929,0.6657700224206312,1.3691236619300162,0.028974796878085168
103,0.0,MOM mean,0.1847836257782476,-0.013198067134897712,0.01308696695131481,0.6138203855826503,1.2645259173040726,0.12070100646638228
103,0.0,Winsorized,0.17949409854479412,-0.023122211341922855,0.023011111158339953,0.688696576426387,1.4263750003384659,0.0
103,0.0,Oracle,0.0,-0.00011110018358290175,0.0,0.5641175653563572,1.16087060387865,0.19936134368767053
103,0.03,Sample,0.3310489650840818,-0.016765954204497627,0.016654854020914725,0.63219648592754,1.3131128445186433,0.15952510056245903
103,0.03,MOM mean,0.3377832658744406,-0.02637175816953908,0.026260657985956178,0.6589831005492485,1.3611197796599164,0.19267250895548116
103,0.03,Winsorized,0.17660475474817025,-0.015378132534404482,0.01526703235082158,0.6413232294490657,1.344612294326243,0.1324967001040947
103,0.03,Oracle,0.0,-0.00011110018358290175,0.0,0.5641175653563572,1.16087060387865,0.19936134368767053
104,0.0,Sample,0.1337973703050322,-0.014804283322935582,0.01469318313935268,0.6258565712146094,1.350502882591212,2.3747415709221564e-17
104,0.0,MOM mean,0.14630752135263586,-0.01738707550645413,0.01727597532287123,0.667097460123232,1.4330196963826523,3.644571013798441e-18
104,0.0,Winsorized,0.10662722278296846,-0.02147344359944267,0.02136234341585977,0.6369538715545257,1.385855383921312,0.0
104,0.0,Oracle,0.0,-0.00011110018358290175,0.0,0.5641175653563572,1.2236057722135376,0.19936134368767053
104,0.03,Sample,0.34005151417523094,-0.00783283032786282,0.0077217301442799174,0.5675826948605829,1.2368267972536575,0.18961264303096675
104,0.03,MOM mean,0.2770679954278602,-0.019221804795866472,0.01911070461228357,0.5995002544397029,1.3041229946916935,0.1293132629652802
104,0.03,Winsorized,0.10646694035584227,-0.021348001601803807,0.021236901418220905,0.6366574047224708,1.3849784526355813,0.0
104,0.03,Oracle,0.0,-0.00011110018358290175,0.0,0.5641175653563572,1.2236057722135376,0.19936134368767053
105,0.0,Sample,0.09119907724674652,-0.006177771538238203,0.006066671354655301,0.5954490471646633,1.2440662542915208,0.25173454698593756
105,0.0,MOM mean,0.10339525431975621,-0.008934041866745596,0.008822941683162694,0.5792400586242821,1.2356443302214852,0.32484612299097365
105,0.0,Winsorized,0.04515402071025645,-0.006369355475545999,0.006258255291963097,0.6028804044381791,1.256216169564727,0.1950470723885209
105,0.0,Oracle,0.0,-0.00011110018358290175,0.0,0.5641175653563572,1.1794756261747996,0.19936134368767053
105,0.03,Sample,0.3957951707396075,-0.004444109186104883,0.004333009002521981,0.5790743831408826,1.2124872790835675,0.2677464977997563
105,0.03,MOM mean,0.4656481920664568,-0.013209509810354292,0.01309840962677139,0.5622551976900713,1.1934963670698298,0.3518530210037875
105,0.03,Winsorized,0.07312196551978777,-0.008468914367943212,0.00835781418436031,0.5677774226130871,1.1996576203471059,0.4050424110667014
105,0.03,Oracle,0.0,-0.00011110018358290175,0.0,0.5641175653563572,1.1794756261747996,0.19936134368767053
106,0.0,Sample,0.267144932176291,-0.017314437750619138,0.017203337567036237,0.6718893426322777,1.3268935515887956,0.0467990566804169
106,0.0,MOM mean,0.28380558480415463,-0.019617117255216546,0.019506017071633644,0.628299037378771,1.2523736082911292,0.16205817223365673
106,0.0,Winsorized,0.1432013935554998,-0.027216576867509168,0.027105476683926266,0.7127121632971493,1.4796278441963369,7.792703114739563e-19
106,0.0,Oracle,0.0,-0.00011110018358290175,0.0,0.5641175653563572,1.112251280784375,0.19936134368767053
106,0.03,Sample,0.42752619121481994,-0.009987823917669378,0.009876723734086476,0.6142382272024306,1.2194599828851522,0.21893061195167132
106,0.03,MOM mean,0.17104714981652494,-0.012948986003671566,0.012837885820088664,0.6128755053294007,1.196526317696441,0.08451195628168094
106,0.03,Winsorized,0.1472044731776966,-0.027212344623965254,0.027101244440382352,0.7127405561902025,1.479629935983711,0.0
106,0.03,Oracle,0.0,-0.00011110018358290175,0.0,0.5641175653563572,1.112251280784375,0.19936134368767053
107,0.0,Sample,0.16796945455103296,-0.020275004001933133,0.02016390381835023,0.686115892416548,1.3336467281923785,0.23682048015710191
107,0.0,MOM mean,0.16184406114002248,-0.01785263970168259,0.01774153951809969,0.6641734693554454,1.3396994604654662,0.2352258126883773
107,0.0,Winsorized,0.13135539773369684,-0.01594288390753555,0.01583178372395265,0.6807092988094386,1.3275406411184845,0.07527370175192913
107,0.0,Oracle,0.0,-0.00011110018358290175,0.0,0.5641175653563572,1.113367060007463,0.19936134368767053
107,0.03,Sample,0.35049325057990294,-0.01893608218872611,0.01882498200514321,0.6785855506981588,1.321655116097733,0.23926746683332745
107,0.03,MOM mean,0.18587727813026725,-0.039176056056819245,0.03906495587323634,0.7881502024428302,1.520662830714297,0.0
107,0.03,Winsorized,0.12522573736476003,-0.012088774967105753,0.011977674783522851,0.6443768344536108,1.2539012744585074,0.21611034666599538
107,0.03,Oracle,0.0,-0.00011110018358290175,0.0,0.5641175653563572,1.113367060007463,0.19936134368767053
108,0.0,Sample,0.32361210072077073,-0.021176280783428668,0.021065180599845766,0.6373602114254754,1.4856978813355828,0.0
108,0.0,MOM mean,0.2276134071229613,-0.01570056636691635,0.015589466183333449,0.6190529848457406,1.3997868829243347,0.0
108,0.0,Winsorized,0.18964779352125063,-0.048349258125520975,0.04823815794193807,0.8212507075586905,1.7484550034928381,9.378348791999613e-18
108,0.0,Oracle,0.0,-0.00011110018358290175,0.0,0.5641175653563572,1.2849919929246658,0.19936134368767053
108,0.03,Sample,0.313530474753812,-0.014437736798985946,0.014326636615403045,0.5879489362762296,1.3772639681052998,0.15129794023763443
108,0.03,MOM mean,0.1544343634816676,-0.01144672610933476,0.011335625925751859,0.599771592385508,1.4045589416406252,0.07472376257763268
108,0.03,Winsorized,0.1802466573564502,-0.04827284767865865,0.04816174749507575,0.8210297399457694,1.7479758880635237,1.185168499798217e-17
108,0.03,Oracle,0.0,-0.00011110018358290175,0.0,0.5641175653563572,1.2849919929246658,0.19936134368767053
109,0.0,Sample,0.15190594567599583,-0.029822884608933745,0.029711784425350843,0.7302195999372072,1.5354803810163835,0.10627710327295112
109,0.0,MOM mean,0.15451839161649114,-0.056776632790510734,0.05666553260692783,0.8296916795925704,1.720710016937718,0.2017749881434899
109,0.0,Winsorized,0.1238697955228559,-0.04597163227046032,0.04586053208687742,0.8293864912613284,1.713463987458682,0.0
109,0.0,Oracle,0.0,-0.00011110018358290175,0.0,0.5641175653563572,1.1683928635163188,0.19936134368767053
109,0.03,Sample,0.3085528089237606,-0.02019777721923459,0.020086677035651687,0.6713572812282715,1.404176996090099,0.24820885784597913
109,0.03,MOM mean,0.336133920108609,-0.01886400121260004,0.01875290102901714,0.6804710243053014,1.3776914388530423,0.27814136109796633
109,0.03,Winsorized,0.1133168204548532,-0.04590878469490012,0.045797684511317216,0.8291644966104392,1.7130575480839463,0.0
109,0.03,Oracle,0.0,-0.00011110018358290175,0.0,0.5641175653563572,1.1683928635163188,0.19936134368767053
110,0.0,Sample,0.21584807830528438,-0.041645654921297334,0.04153455473771443,0.7317752831514466,1.4660955829379079,0.012676798624874253
110,0.0,MOM mean,0.17971718984342233,-0.019140923309333716,0.019029823125750814,0.6608894786761137,1.3572625898473265,1.0697111209357614e-17
110,0.0,Winsorized,0.1651783620476002,-0.03866586097230201,0.03855476078871911,0.7293468732302676,1.463575449432767,1.0101618698972106e-17
110,0.0,Oracle,0.0,-0.00011110018358290175,0.0,0.5641175653563572,1.19155012202841,0.19936134368767053
110,0.03,Sample,0.4280820342567527,-0.0265323451671223,0.0264212449835394,0.6516012770336953,1.3021380393056696,0.2148114595612618
110,0.03,MOM mean,0.2207182711195939,-0.04018639336609288,0.04007529318250998,0.7283197237844294,1.4633185301994938,0.05721491898061129
110,0.03,Winsorized,0.17421438111915524,-0.038174439608087335,0.03806333942450443,0.7162375037529873,1.4316722473107557,0.09513126623447869
110,0.03,Oracle,0.0,-0.00011110018358290175,0.0,0.5641175653563572,1.19155012202841,0.19936134368767053
111,0.0,Sample,0.1727108328151394,-0.01483349498621992,0.014722394802637019,0.6160481068902008,1.278374433857636,0.32635691992205634
111,0.0,MOM mean,0.2574295378249892,-0.020598701444111495,0.020487601260528593,0.6693282114633468,1.3798679172059694,0.0
111,0.0,Winsorized,0.10978851629133832,-0.014579006962503471,0.01446790677892057,0.599616505002417,1.243686878256621,0.4159153645397682
111,0.0,Oracle,0.0,-0.00011110018358290175,0.0,0.5641175653563572,1.1858619300836926,0.19936134368767053
111,0.03,Sample,0.4626341406792458,-0.011422723181530661,0.01131162299794776,0.6041434329554065,1.247651451559461,0.3222103691229617
111,0.03,MOM mean,0.6324640844199482,-0.021594582878050654,0.021483482694467752,0.6129826002615387,1.2872892472594695,0.4773494053146586
111,0.03,Winsorized,0.1533421551320079,-0.021898857175482678,0.021787756991899776,0.5964494666784168,1.2451549317233763,0.6
111,0.03,Oracle,0.0,-0.00011110018358290175,0.0,0.5641175653563572,1.1858619300836926,0.19936134368767053
112,0.0,Sample,0.11041855915056491,-0.01967210678241242,0.01956100659882952,0.6910940102150758,1.5049757718320145,0.009942994973810213
112,0.0,MOM mean,0.12745705235762458,-0.032814276031267034,0.03270317584768413,0.7281130035176865,1.6315681868404752,0.11154393947392786
112,0.0,Winsorized,0.07521490794912779,-0.02466861932320545,0.02455751913962255,0.7274049435836895,1.5679558996829228,0.0
112,0.0,Oracle,0.0,-0.00011110018358290175,0.0,0.5641175653563572,1.2366435409591499,0.19936134368767053
112,0.03,Sample,0.3247657842755842,-0.011494163492268172,0.01138306330868527,0.6246444916170414,1.3579117104291396,0.23721238070608455
112,0.03,MOM mean,0.06438502898165778,-0.006180932830708238,0.006069832647125337,0.6262279425425744,1.359311461810631,0.00818703444592657
112,0.03,Winsorized,0.07101311445663258,-0.018590679119900422,0.01847957893631752,0.6853994670261038,1.4780474291570544,0.12745156551955716
112,0.03,Oracle,0.0,-0.00011110018358290175,0.0,0.5641175653563572,1.2366435409591499,0.19936134368767053
113,0.0,Sample,0.2746168671705684,-0.02603870374065824,0.025927603557075338,0.6965353564644932,1.5850776555899084,0.11718706672139537
113,0.0,MOM mean,0.27073011308148476,-0.04208713952602611,0.041976039342443205,0.76881454673015,1.7351320366463958,0.0011626466128652575
113,0.0,Winsorized,0.20282431216410543,-0.03846504916802938,0.03835394898444648,0.7672365478546759,1.7426965037863191,5.919993765021301e-17
113,0.0,Oracle,0.0,-0.00011110018358290175,0.0,0.5641175653563572,1.3090635673101074,0.19936134368767053
113,0.03,Sample,0.4495712408895359,-0.016522510746740493,0.01641141056315759,0.6413980463768358,1.4700455361292408,0.23026923390503898
113,0.03,MOM mean,0.38063423523305423,-0.013952960456631719,0.013841860273048817,0.6324469454782307,1.4721960560383995,0.17762502754598877
113,0.03,Winsorized,0.2048254700880805,-0.02945992294885512,0.029348822765272217,0.7184631311581766,1.6303391833878655,0.12253462277320552
113,0.03,Oracle,0.0,-0.00011110018358290175,0.0,0.5641175653563572,1.3090635673101074,0.19936134368767053
114,0.0,Sample,0.13638477063139484,-0.0135088702382333,0.013397770054650399,0.5676327647085064,1.2016974053556166,0.3382811085669809
114,0.0,MOM mean,0.17427329192558866,-0.023364058799073786,0.023252958615490885,0.6284538482874198,1.3270555519444458,0.37513149312831706
114,0.0,Winsorized,0.1115226563206002,-0.008998676192150987,0.008887576008568085,0.5624020158483555,1.220271127771204,0.2420154182781149
114,0.0,Oracle,0.0,-0.00011110018358290175,0.0,0.5641175653563572,1.2150004113345394,0.19936134368767053
114,0.03,Sample,0.3854797920353285,-0.008951386726852709,0.008840286543269807,0.5645010379571269,1.2074506539698242,0.23727408660691565
114,0.03,MOM mean,0.384007695698001,-0.011529626903738939,0.011418526720156037,0.5619294126861714,1.2201003802070067,0.22193798920197827
114,0.03,Winsorized,0.11532989284873447,-0.01058031092897941,0.010469210745396508,0.5487595774708863,1.189443284121366,0.3735480514395987
114,0.03,Oracle,0.0,-0.00011110018358290175,0.0,0.5641175653563572,1.2150004113345394,0.19936134368767053
115,0.0,Sample,0.13219796280128,-0.029990464905852526,0.029879364722269625,0.7195284763251905,1.69914255035251,2.8370521535335536e-17
115,0.0,MOM mean,0.21001331375826301,-0.026578248241774058,0.026467148058191156,0.6874659612925847,1.5916194537837098,1.253879812479486e-16
115,0.0,Winsorized,0.11004837826585528,-0.029446849336011105,0.029335749152428203,0.7204498577887102,1.702478806302318,0.0
115,0.0,Oracle,0.0,-0.00011110018358290175,0.0,0.5641175653563572,1.307737437154972,0.19936134368767053
115,0.03,Sample,0.3344213930171307,-0.015917195942865642,0.01580609575928274,0.6337733546613935,1.538147146310289,0.2033283120525377
115,0.03,MOM mean,0.14396657406135793,-0.012916681033528776,0.012805580849945875,0.629129904432443,1.4413934683248544,0.059554089290474566
115,0.03,Winsorized,0.10670883843160907,-0.025827019055915057,0.025715918872332155,0.7010675209428947,1.6689210705070907,0.04493777967136836
115,0.03,Oracle,0.0,-0.00011110018358290175,0.0,0.5641175653563572,1.307737437154972,0.19936134368767053
116,0.0,Sample,0.1061596631074415,-0.01626609306601396,0.01615499288243106,0.5949985612882956,1.365314115506266,0.145290481967641
116,0.0,MOM mean,0.1618959727136199,-0.015133716550822657,0.015022616367239755,0.6334269643926892,1.4746960487624232,0.08910390028539163
116,0.0,Winsorized,0.10681498760136222,-0.036898304839912535,0.03678720465632963,0.7168205185251796,1.6757640745591027,7.021606671206611e-17
116,0.0,Oracle,0.0,-0.00011110018358290175,0.0,0.5641175653563572,1.2893787854444272,0.19936134368767053
116,0.03,Sample,0.3774723360136675,-0.013483071671906877,0.013371971488323975,0.5695266104333334,1.3095537940634663,0.2508963836152941
116,0.03,MOM mean,0.161480216657662,-0.017556287645700948,0.017445187462118046,0.6157143536088338,1.4158411447712695,0.07117342312096202
116,0.03,Winsorized,0.10689146841020665,-0.03584288362964599,0.035731783446063085,0.6994419626932908,1.6272611518409126,0.08719415087142866
116,0.03,Oracle,0.0,-0.00011110018358290175,0.0,0.5641175653563572,1.2893787854444272,0.19936134368767053
117,0.0,Sample,0.15698542584002126,-0.0596647565583109,0.059553656374727995,0.8168430293044918,1.6666529155115333,0.3491728019633662
117,0.0,MOM mean,0.12254667443711087,-0.06043257805396576,0.06032147787038286,0.8434252080250612,1.7125035054141575,0.19071130663045446
117,0.0,Winsorized,0.10352078154696914,-0.06432350950099902,0.06421240931741612,0.8618913755545939,1.7616263174689468,0.1278257966649114
117,0.0,Oracle,0.0,-0.00011110018358290175,0.0,0.5641175653563572,1.1351801448294223,0.19936134368767053
117,0.03,Sample,0.39052304584516734,-0.04791527727047533,0.04780417708689243,0.7915540256607064,1.5996548800344925,0.2627647616996021
117,0.03,MOM mean,0.17506630993170583,-0.0337803299332184,0.0336692297496355,0.7619851662413718,1.527473308020575,0.12092216371757813
117,0.03,Winsorized,0.11667322967318934,-0.052445676658238016,0.052334576474655115,0.8060127591080258,1.641567820182572,0.2518023507362772
117,0.03,Oracle,0.0,-0.00011110018358290175,0.0,0.5641175653563572,1.1351801448294223,0.19936134368767053
118,0.0,Sample,0.12417433062696945,-0.008099734078479803,0.007988633894896902,0.600478965972105,1.1496298833746168,0.2374212319680064
118,0.0,MOM mean,0.10290514752657161,-0.014446287556232201,0.0143351873726493,0.635108263436352,1.252101419378394,0.12858396999581748
118,0.0,Winsorized,0.13233837455308253,-0.025973440161805625,0.025862339978222723,0.6904941156349579,1.3768773918482664,0.04521773717835589
118,0.0,Oracle,0.0,-0.00011110018358290175,0.0,0.5641175653563572,1.1044600708489238,0.19936134368767053
118,0.03,Sample,0.3324794184692387,-0.003809878401011005,0.003698778217428103,0.5808898116653933,1.1115036528600055,0.25631687278305304
118,0.03,MOM mean,0.19102678206721488,-0.008471195204703907,0.008360095021121006,0.5972978504035799,1.1470461467965842,0.1325653988663224
118,0.03,Winsorized,0.12884695954377812,-0.01958931511239273,0.01947821492880983,0.6317350520364738,1.2149289700681698,0.273413038200733
118,0.03,Oracle,0.0,-0.00011110018358290175,0.0,0.5641175653563572,1.1044600708489238,0.19936134368767053
119,0.0,Sample,0.2798690860525683,-0.043892576862304855,0.04378147667872195,0.8221044604811304,1.6822682843725816,0.0
119,0.0,MOM mean,0.19618065780405605,-0.027823206383954482,0.02771210620037158,0.7320266018008107,1.4863724436393662,0.19405689784995359
119,0.0,Winsorized,0.20972671749039884,-0.04450696548857638,0.04439586530499348,0.8222669523322844,1.681210475346016,5.708324438136181e-17
119,0.0,Oracle,0.0,-0.00011110018358290175,0.0,0.5641175653563572,1.0754680085223567,0.19936134368767053
119,0.03,Sample,0.448965892023457,-0.024632661914464338,0.024521561730881436,0.7213730505727252,1.4583309528959378,0.19607704582661498
119,0.03,MOM mean,0.6931639391896602,-0.028633703499635982,0.02852260331605308,0.7109868805766412,1.4428038937968135,0.34984600490088613
119,0.03,Winsorized,0.21603075011083342,-0.04444168505247169,0.04433058486888879,0.822044105390949,1.6806792821750114,4.8721335126067356e-18
119,0.03,Oracle,0.0,-0.00011110018358290175,0.0,0.5641175653563572,1.0754680085223567,0.19936134368767053
