rep,multiplier,month,wealth
0,0.0,0,1.0
0,0.0,1,0.9839408534770561
0,0.0,2,1.0060132681457166
0,0.0,3,1.0527826660898778
0,0.0,4,1.043121629381565
0,0.0,5,1.0946058365766131
0,0.0,6,1.1203607502726332
0,0.0,7,1.1374128893390283
0,0.0,8,1.1714259212484777
0,0.0,9,1.2288043630350831
0,0.0,10,1.235692363736044
0,0.0,11,1.2852703416417264
0,0.0,12,1.2438990557801533
0,0.0,13,1.1812021169487243
0,0.0,14,1.2302087203109953
0,0.0,15,1.1777099578882178
0,0.0,16,1.1862982794466854
0,0.0,17,1.2037593386248069
0,0.0,18,1.2113546897970575
0,0.0,19,1.244757839292359
0,0.0,20,1.2741610168659956
0,0.0,21,1.280598558168002
0,0.0,22,1.2735467074017863
0,0.0,23,1.2694902637137786
0,0.0,24,1.2399405707199909
0,0.0,25,1.2536799604645816
0,0.0,26,1.206714488205229
0,0.0,27,1.2350981214889154
0,0.0,28,1.2678870519463477
0,0.0,29,1.3036173832049562
0,0.0,30,1.1767447515657758
0,0.0,31,1.126642023702899
0,0.0,32,1.1167869449261583
0,0.0,33,1.0821052117528576
0,0.0,34,1.0155593017496902
0,0.0,35,0.9459851389200746
0,0.0,36,0.9427081064596474
0,0.0,37,0.9927803445033212
0,0.0,38,0.9075787921724126
0,0.0,39,0.896606323233736
0,0.0,40,0.9231415233592889
0,0.0,41,0.9605533451097594
0,0.0,42,0.9446125573391061
0,0.0,43,0.902188291117575
0,0.0,44,0.9124088857746482
0,0.0,45,0.8024271567921851
0,0.0,46,0.8187720276211573
0,0.0,47,0.7966719342108513
0,0.0,48,0.7836370790651876
0,0.0,49,0.7776870868956496
0,0.0,50,0.7411397327285706
0,0.0,51,0.7608880642591244
0,0.0,52,0.7898878917527229
0,0.0,53,0.7714191091593275
0,0.0,54,0.7412974664775801
0,0.0,55,0.7294212701826944
0,0.0,56,0.6588086478097217
0,0.0,57,0.6671987963812551
0,0.0,58,0.6923562204121012
0,0.0,59,0.7158652948949689
0,0.0,60,0.7091292369041411
0,0.0,61,0.6811013915449327
0,0.0,62,0.6682700083455337
0,0.0,63,0.6309551251729825
0,0.0,64,0.600333882061228
0,0.0,65,0.5938163981646014
0,0.0,66,0.5858866870915107
0,0.0,67,0.5994514747700262
0,0.0,68,0.5522866480280805
0,0.0,69,0.5331850570931816
0,0.0,70,0.5411023390928646
0,0.0,71,0.5296176181993517
0,0.0,72,0.48049521099284187
0,0.0,73,0.4538553057271117
0,0.0,74,0.4798190915066227
0,0.0,75,0.4516972761820971
0,0.0,76,0.4504028607344844
0,0.0,77,0.4580889723136323
0,0.0,78,0.42770874947697624
0,0.0,79,0.4024554203084195
0,0.0,80,0.41461489753083913
0,0.0,81,0.40029093546123995
0,0.0,82,0.38221143749967124
0,0.0,83,0.3747817782874167
0,0.0,84,0.3644578959315468
0,0.0,85,0.37993473076352113
0,0.0,86,0.3914446279707771
0,0.0,87,0.3680805708211418
0,0.0,88,0.3608377395828459
0,0.0,89,0.3460043044427377
0,0.0,90,0.3577559163531375
0,0.0,91,0.3597164474765579
0,0.0,92,0.3698306901920697
0,0.0,93,0.3739644336892623
0,0.0,94,0.3625005829024819
0,0.0,95,0.36477168149905254
0,0.0,96,0.3574131526137736
0,0.0,97,0.3393448026007665
0,0.0,98,0.3133089818990818
0,0.0,99,0.3036788160409053
0,0.0,100,0.31933773742944305
0,0.0,101,0.3266285890315551
0,0.0,102,0.32142572225606075
0,0.0,103,0.3381081622148993
0,0.0,104,0.32582546210173813
0,0.0,105,0.3425295336021811
0,0.0,106,0.3398675000784939
0,0.0,107,0.33771854721025363
0,0.0,108,0.335851726209708
0,0.0,109,0.32434622708947564
0,0.0,110,0.3161117199441443
0,0.0,111,0.3216266811351736
0,0.0,112,0.33792969450263655
0,0.0,113,0.332735219065412
0,0.0,114,0.3159465197635217
0,0.0,115,0.29948820639500523
0,0.0,116,0.3125471358679099
0,0.0,117,0.3369561081663188
0,0.0,118,0.33528117776721955
0,0.0,119,0.33469338547978517
0,0.0,120,0.34335775552140346
0,1.0,0,1.0
0,1.0,1,0.9997717716588597
0,1.0,2,1.0339884222179176
0,1.0,3,1.073781320467053
0,1.0,4,1.0431284155122502
0,1.0,5,1.0629144247126752
0,1.0,6,1.0725761127090376
0,1.0,7,1.0745914625677868
0,1.0,8,1.1132021113531005
0,1.0,9,1.1556201932909493
0,1.0,10,1.1918603533404855
0,1.0,11,1.2275269027663145
0,1.0,12,1.2042635731814628
0,1.0,13,1.1083337931113546
0,1.0,14,1.1517682557831808
0,1.0,15,1.1028387978878038
0,1.0,16,1.1101522049084438
0,1.0,17,1.1111737547124763
0,1.0,18,1.112718756906879
0,1.0,19,1.142529008333235
0,1.0,20,1.1884555009093847
0,1.0,21,1.2063448795044025
0,1.0,22,1.2140753629134138
0,1.0,23,1.2031099068191826
0,1.0,24,1.1799374093697144
0,1.0,25,1.2024140738858922
0,1.0,26,1.2177635383506342
0,1.0,27,1.2273047381374422
0,1.0,28,1.280082232229258
0,1.0,29,1.3329756886840458
0,1.0,30,1.2127198456033716
0,1.0,31,1.1876904709872504
0,1.0,32,1.1621904103832543
0,1.0,33,1.117200616223155
0,1.0,34,1.07375623408612
0,1.0,35,0.9677735362710363
0,1.0,36,0.9448347315464706
0,1.0,37,0.9575743311946618
0,1.0,38,0.8950807758672847
0,1.0,39,0.8928053616624699
0,1.0,40,0.9269821177277882
0,1.0,41,0.9640013165209881
0,1.0,42,0.972889117031422
0,1.0,43,0.9304771639304955
0,1.0,44,0.9385230489225269
0,1.0,45,0.850459342604587
0,1.0,46,0.8486840251280354
0,1.0,47,0.8309423531175723
0,1.0,48,0.8245682469618177
0,1.0,49,0.8186492807250163
0,1.0,50,0.7759588866409708
0,1.0,51,0.77285292569489
0,1.0,52,0.8125394310856796
0,1.0,53,0.7985358483741266
0,1.0,54,0.7727399499005511
0,1.0,55,0.7658308155078162
0,1.0,56,0.7124596201111023
0,1.0,57,0.7263150906319409
0,1.0,58,0.7571672644154778
0,1.0,59,0.7855718748392564
0,1.0,60,0.7755185471704537
0,1.0,61,0.7888279749633968
0,1.0,62,0.8114552267136351
0,1.0,63,0.7682934977026254
0,1.0,64,0.7397042493242645
0,1.0,65,0.748025524960174
0,1.0,66,0.766818816349389
0,1.0,67,0.8016886441536193
0,1.0,68,0.7529333431499565
0,1.0,69,0.7252657632636822
0,1.0,70,0.7260141671081219
0,1.0,71,0.7252775497696654
0,1.0,72,0.687304044489514
0,1.0,73,0.6921283633543152
0,1.0,74,0.7375989656511853
0,1.0,75,0.6988271507629022
0,1.0,76,0.7152606044557709
0,1.0,77,0.7251578673912182
0,1.0,78,0.6969294596469774
0,1.0,79,0.6943481797278648
0,1.0,80,0.728871784388542
0,1.0,81,0.7147805213351133
0,1.0,82,0.7059263135434041
0,1.0,83,0.6941906304937437
0,1.0,84,0.7179714816344561
0,1.0,85,0.7446885045047715
0,1.0,86,0.7690588650557457
0,1.0,87,0.7370103780012569
0,1.0,88,0.7208664601596764
0,1.0,89,0.7000414322773972
0,1.0,90,0.7316428520888633
0,1.0,91,0.7603271940481747
0,1.0,92,0.7863907777971423
0,1.0,93,0.8059000158299603
0,1.0,94,0.7859055494722138
0,1.0,95,0.8069806229526003
0,1.0,96,0.7887239195590835
0,1.0,97,0.7623973594097927
0,1.0,98,0.7365068795417152
0,1.0,99,0.7184526643692258
0,1.0,100,0.7607835461704581
0,1.0,101,0.7782044343500859
0,1.0,102,0.7595977234035566
0,1.0,103,0.7860313387651952
0,1.0,104,0.7516319187964992
0,1.0,105,0.7989604466568907
0,1.0,106,0.8029037874181043
0,1.0,107,0.7994258908625238
0,1.0,108,0.8079649976459741
0,1.0,109,0.7807599927044399
0,1.0,110,0.7944174771454283
0,1.0,111,0.8000096605580668
0,1.0,112,0.8334549676978322
0,1.0,113,0.8195057499701394
0,1.0,114,0.7780361210881327
0,1.0,115,0.7969509399068667
0,1.0,116,0.8385588600396385
0,1.0,117,0.9026886838753578
0,1.0,118,0.8982016284966412
0,1.0,119,0.8966269621425587
0,1.0,120,0.9474983726953911
0,3.0,0,1.0
0,3.0,1,0.9957216638087055
0,3.0,2,1.049114200665396
0,3.0,3,1.0886731687626632
0,3.0,4,1.047555387228228
0,3.0,5,1.0488219609618925
0,3.0,6,1.0510671848457351
0,3.0,7,1.056668721953807
0,3.0,8,1.0922747781579094
0,3.0,9,1.1233247809986107
0,3.0,10,1.1624153832262958
0,3.0,11,1.1969584778146154
0,3.0,12,1.1745401025306867
0,3.0,13,1.1093586857306053
0,3.0,14,1.1590665093699202
0,3.0,15,1.104026505592888
0,3.0,16,1.1053515846227755
0,3.0,17,1.110349872431805
0,3.0,18,1.128866335993878
0,3.0,19,1.1617529582126944
0,3.0,20,1.216267755147908
0,3.0,21,1.2355796037252733
0,3.0,22,1.2390856405334987
0,3.0,23,1.2163656547425648
0,3.0,24,1.209522651837638
0,3.0,25,1.2348855671936112
0,3.0,26,1.2294175660746358
0,3.0,27,1.2500517659514718
0,3.0,28,1.3044844879743078
0,3.0,29,1.361725988631676
0,3.0,30,1.301049910536355
0,3.0,31,1.2779563102842988
0,3.0,32,1.2360732945978485
0,3.0,33,1.2060181277888355
0,3.0,34,1.1661445857626271
0,3.0,35,1.1046068451810132
0,3.0,36,1.096980459742069
0,3.0,37,1.0907436093542275
0,3.0,38,1.0535571108745403
0,3.0,39,1.0549672236112972
0,3.0,40,1.0697407835929562
0,3.0,41,1.1175767306340956
0,3.0,42,1.1450869948098181
0,3.0,43,1.0976729824940514
0,3.0,44,1.1007827466923235
0,3.0,45,1.0142214686845017
0,3.0,46,0.9972819370928411
0,3.0,47,1.0369333384263284
0,3.0,48,1.041205563671163
0,3.0,49,1.0410658457965345
0,3.0,50,1.0043337205675422
0,3.0,51,0.9783448298123755
0,3.0,52,1.0724421748673298
0,3.0,53,1.0598252205197694
0,3.0,54,1.03150847494548
0,3.0,55,1.0247468965676028
0,3.0,56,0.9396901882172849
0,3.0,57,0.9397541653798535
0,3.0,58,0.9653677874765979
0,3.0,59,0.9876241224667943
0,3.0,60,0.9691721989276835
0,3.0,61,0.9972638711508913
0,3.0,62,1.033283447813232
0,3.0,63,1.0057875186260499
0,3.0,64,0.9745796611952957
0,3.0,65,0.9960932181412373
0,3.0,66,1.0243258712025207
0,3.0,67,1.0971457341066997
0,3.0,68,1.0485449865014385
0,3.0,69,1.0150307217367422
0,3.0,70,1.0130714545202817
0,3.0,71,1.0252229259736552
0,3.0,72,0.9879812523161657
0,3.0,73,1.0122307488825686
0,3.0,74,1.0577110955465108
0,3.0,75,1.055259476863078
0,3.0,76,1.1295651156276465
0,3.0,77,1.1524745654499537
0,3.0,78,1.1671780423560179
0,3.0,79,1.1467419630656381
0,3.0,80,1.1936882027109623
0,3.0,81,1.1878586542123526
0,3.0,82,1.1748387154037865
0,3.0,83,1.1689052421850439
0,3.0,84,1.2135445472520408
0,3.0,85,1.2572598534302195
0,3.0,86,1.2971478187157643
0,3.0,87,1.259178414948402
0,3.0,88,1.2319209685886758
0,3.0,89,1.2007016697600574
0,3.0,90,1.2458774914326662
0,3.0,91,1.3018965344526467
0,3.0,92,1.3685310766197432
0,3.0,93,1.4138138713711552
0,3.0,94,1.3686738764142417
0,3.0,95,1.4056471224030043
0,3.0,96,1.3902770476095032
0,3.0,97,1.3807250176463615
0,3.0,98,1.395710283635569
0,3.0,99,1.3805066456822364
0,3.0,100,1.4525648091787964
0,3.0,101,1.469251274280184
0,3.0,102,1.4398818951604888
0,3.0,103,1.522689144801644
0,3.0,104,1.4597524912788922
0,3.0,105,1.602239894613939
0,3.0,106,1.6199830927352108
0,3.0,107,1.6218322975026012
0,3.0,108,1.6505219123403536
0,3.0,109,1.6073172272379768
0,3.0,110,1.6861014835790558
0,3.0,111,1.6888535997939667
0,3.0,112,1.7710599966263343
0,3.0,113,1.7396293110298762
0,3.0,114,1.661366487226832
0,3.0,115,1.732852408247668
0,3.0,116,1.8315968001524943
0,3.0,117,1.878497948593913
0,3.0,118,1.8894622258485338
0,3.0,119,1.8893972187478225
0,3.0,120,2.014625366168697
0,10.0,0,1.0
0,10.0,1,0.9957216638087055
0,10.0,2,1.0499625758998956
0,10.0,3,1.0892416058488066
0,10.0,4,1.043827420178869
0,10.0,5,1.070602628379667
0,10.0,6,1.067685430311943
0,10.0,7,1.0694779217565002
0,10.0,8,1.1042107058489683
0,10.0,9,1.1171035832627108
0,10.0,10,1.127863399142371
0,10.0,11,1.1781705168662824
0,10.0,12,1.162065205881872
0,10.0,13,1.1139984621175103
0,10.0,14,1.168562097656088
0,10.0,15,1.0946879751836476
0,10.0,16,1.0758026770038382
0,10.0,17,1.0782928897620756
0,10.0,18,1.0694230564665825
0,10.0,19,1.0759935365811242
0,10.0,20,1.1118157304203509
0,10.0,21,1.112512288771086
0,10.0,22,1.1042452160475456
0,10.0,23,1.0904811878618732
0,10.0,24,1.1055171964978163
0,10.0,25,1.1347846009694293
0,10.0,26,1.1523974501286574
0,10.0,27,1.1750632644376218
0,10.0,28,1.211403731592971
0,10.0,29,1.2438911419418262
0,10.0,30,1.185233982103313
0,10.0,31,1.1682298393116441
0,10.0,32,1.1488451101095345
0,10.0,33,1.1104622563947517
0,10.0,34,1.0904237367100604
0,10.0,35,1.016325163694385
0,10.0,36,0.9957605828790435
0,10.0,37,1.0167928928634873
0,10.0,38,0.9958339822170853
0,10.0,39,0.9882188847009791
0,10.0,40,0.9780962800591964
0,10.0,41,1.010865288436844
0,10.0,42,1.007062947109526
0,10.0,43,0.9703811565869742
0,10.0,44,0.9537658887493023
0,10.0,45,0.8959473207917975
0,10.0,46,0.9096747456995475
0,10.0,47,0.9108862919694363
0,10.0,48,0.9178725640459932
0,10.0,49,0.9289157226420115
0,10.0,50,0.9119588647184103
0,10.0,51,0.8892958331658868
0,10.0,52,0.9647161333169876
0,10.0,53,0.9743513965945583
0,10.0,54,0.9496930703820335
0,10.0,55,0.9536075599279473
0,10.0,56,0.8955393013155055
0,10.0,57,0.9133392288306735
0,10.0,58,0.9041949324718322
0,10.0,59,0.9197718116839738
0,10.0,60,0.8932073415671299
0,10.0,61,0.9230284664614684
0,10.0,62,0.9684137917238024
0,10.0,63,0.9436954444595893
0,10.0,64,0.9062683972114042
0,10.0,65,0.9263014625148936
0,10.0,66,0.9532370330480883
0,10.0,67,1.0203999747808818
0,10.0,68,1.0218101029736457
0,10.0,69,1.0121754488238957
0,10.0,70,0.9995437234276059
0,10.0,71,1.0052461388172387
0,10.0,72,0.9716042246595813
0,10.0,73,0.9872591263601207
0,10.0,74,1.0213648921773817
0,10.0,75,1.0159288850790205
0,10.0,76,1.060396041095997
0,10.0,77,1.0829435769470437
0,10.0,78,1.0948342484120526
0,10.0,79,1.079844624511945
0,10.0,80,1.1098571725433661
0,10.0,81,1.1031757427473678
0,10.0,82,1.0869490164203397
0,10.0,83,1.0836296262371776
0,10.0,84,1.0964936532287037
0,10.0,85,1.1437758994887346
0,10.0,86,1.1732595854077577
0,10.0,87,1.1422501246170307
0,10.0,88,1.10893800732996
0,10.0,89,1.081076240360957
0,10.0,90,1.1298042694918045
0,10.0,91,1.1554525658176653
0,10.0,92,1.198140755679482
0,10.0,93,1.2121780407609544
0,10.0,94,1.1580624133343262
0,10.0,95,1.1771056117691177
0,10.0,96,1.1936046008235577
0,10.0,97,1.1792429344656872
0,10.0,98,1.153007080254824
0,10.0,99,1.1468892288540522
0,10.0,100,1.1641990849542225
0,10.0,101,1.183208936478082
0,10.0,102,1.15393197693113
0,10.0,103,1.187058758753271
0,10.0,104,1.1487203641955728
0,10.0,105,1.2219346217249873
0,10.0,106,1.2464360980150606
0,10.0,107,1.2432784747562875
0,10.0,108,1.2597837615970386
0,10.0,109,1.2157927930030388
0,10.0,110,1.2516353509967868
0,10.0,111,1.2343281803326298
0,10.0,112,1.2994398848574868
0,10.0,113,1.2751310633493478
0,10.0,114,1.230306084264976
0,10.0,115,1.2676162134029119
0,10.0,116,1.2984176207643054
0,10.0,117,1.3619949893192898
0,10.0,118,1.398414042618715
0,10.0,119,1.3885295701039257
0,10.0,120,1.4109081045437146
1,0.0,0,1.0
1,0.0,1,1.0162900696063375
1,0.0,2,1.035692943577303
1,0.0,3,1.0165823835356127
1,0.0,4,0.9349584000489297
1,0.0,5,0.9176479852406068
1,0.0,6,0.8601289094552037
1,0.0,7,0.8508861408156617
1,0.0,8,0.8038179118308314
1,0.0,9,0.8256769807777753
1,0.0,10,0.8317214494477698
1,0.0,11,0.8231628620759259
1,0.0,12,0.8534119913316354
1,0.0,13,0.841565203636225
1,0.0,14,0.8155338191161459
1,0.0,15,0.834590778708033
1,0.0,16,0.8093504454083568
1,0.0,17,0.8028531818363472
1,0.0,18,0.8190082847356096
1,0.0,19,0.8161926613285511
1,0.0,20,0.8175570315611953
1,0.0,21,0.8504713010119848
1,0.0,22,0.8661357372407791
1,0.0,23,0.8536928654646457
1,0.0,24,0.876216342812965
1,0.0,25,0.7912288761502777
1,0.0,26,0.8377522279843271
1,0.0,27,0.8506896211692677
1,0.0,28,0.8922905034411429
1,0.0,29,0.8476022267334441
1,0.0,30,0.876791273163462
1,0.0,31,0.9193081194271054
1,0.0,32,0.962226273097982
1,0.0,33,0.9991746410352478
1,0.0,34,0.9627050040880945
1,0.0,35,0.9372898077425147
1,0.0,36,0.9647505967131983
1,0.0,37,0.9938475828812532
1,0.0,38,0.8981446317317957
1,0.0,39,0.8162675351857215
1,0.0,40,0.8322527908014827
1,0.0,41,0.8086407760756383
1,0.0,42,0.8370420546011803
1,0.0,43,0.8378974609970544
1,0.0,44,0.9034797879215339
1,0.0,45,0.9573519674890391
1,0.0,46,0.9456230193992451
1,0.0,47,0.9179628297013724
1,0.0,48,0.9837967825329164
1,0.0,49,1.0185240150192518
1,0.0,50,1.1452264488088046
1,0.0,51,1.0707238225416487
1,0.0,52,1.0932518122821515
1,0.0,53,1.0129358661872798
1,0.0,54,1.0215145924481306
1,0.0,55,1.0071460151966953
1,0.0,56,0.9541893320752602
1,0.0,57,0.9482791731302119
1,0.0,58,0.9770610718646201
1,0.0,59,0.9245755032413414
1,0.0,60,0.9530101367036999
1,0.0,61,0.940480706566066
1,0.0,62,0.9744776739479446
1,0.0,63,1.0325569201680103
1,0.0,64,0.9943153179707727
1,0.0,65,0.9625740314640927
1,0.0,66,0.9711509502215345
1,0.0,67,0.9250503767020349
1,0.0,68,0.9382742385250665
1,0.0,69,0.9366509922195458
1,0.0,70,0.9179768369053977
1,0.0,71,0.9090410023369775
1,0.0,72,0.9455333432613027
1,0.0,73,0.9620739577527246
1,0.0,74,0.988815456043097
1,0.0,75,0.9487185155097382
1,0.0,76,0.9218380450284341
1,0.0,77,0.9341814957787141
1,0.0,78,0.9461163243445383
1,0.0,79,0.9506859039776556
1,0.0,80,0.9116473713763988
1,0.0,81,0.8792455099404383
1,0.0,82,0.8879369165941382
1,0.0,83,0.9382856821798572
1,0.0,84,0.9292076941727803
1,0.0,85,0.9923633159456289
1,0.0,86,1.0202232355774161
1,0.0,87,1.0249813076544463
1,0.0,88,0.9985734234440785
1,0.0,89,1.0424049929733359
1,0.0,90,1.0266535095965637
1,0.0,91,1.0678439656058998
1,0.0,92,1.0036653382059197
1,0.0,93,1.0873950697345482
1,0.0,94,1.0425717479724197
1,0.0,95,1.0013611889258913
1,0.0,96,0.9392648546250786
1,0.0,97,0.9006293302052266
1,0.0,98,0.8808789760637047
1,0.0,99,0.9451826877437848
1,0.0,100,0.9395542813807879
1,0.0,101,0.9626590136596533
1,0.0,102,0.9491673644095565
1,0.0,103,0.9713982385425889
1,0.0,104,0.9397404719940877
1,0.0,105,0.9247144722088115
1,0.0,106,0.8810099747232337
1,0.0,107,0.9050896886730538
1,0.0,108,0.9016566231086351
1,0.0,109,0.9439664866950691
1,0.0,110,0.9100631661735744
1,0.0,111,0.89638941325451
1,0.0,112,0.9055197226297536
1,0.0,113,0.9813086823760907
1,0.0,114,1.1752063318597359
1,0.0,115,1.2507551757631694
1,0.0,116,1.2356265371541777
1,0.0,117,1.2821601488457437
1,0.0,118,1.3330460570484477
1,0.0,119,1.3147945036561723
1,0.0,120,1.2406358489649842
1,1.0,0,1.0
1,1.0,1,1.0193637448416968
1,1.0,2,1.0616552762182911
1,1.0,3,1.0531519587101588
1,1.0,4,0.9623960837233689
1,1.0,5,0.9354219828491068
1,1.0,6,0.913782201536066
1,1.0,7,0.8967777182239818
1,1.0,8,0.8506895825250829
1,1.0,9,0.876171949575304
1,1.0,10,0.879195777943402
1,1.0,11,0.8922467458164139
1,1.0,12,0.9097867208663032
1,1.0,13,0.8984144106831812
1,1.0,14,0.8770448161476344
1,1.0,15,0.9110809557372967
1,1.0,16,0.9349902422920308
1,1.0,17,0.9429860442940765
1,1.0,18,0.9584831303950488
1,1.0,19,0.9515808927299771
1,1.0,20,0.954172595394729
1,1.0,21,1.0065513149460954
1,1.0,22,1.0142687497560308
1,1.0,23,1.0122360207584593
1,1.0,24,0.9733067029494341
1,1.0,25,0.9142350227262552
1,1.0,26,0.958872827090459
1,1.0,27,0.9976534474947223
1,1.0,28,1.002773731344393
1,1.0,29,0.9410013910366527
1,1.0,30,0.9583390875705399
1,1.0,31,0.9911275678055516
1,1.0,32,1.0357118178666411
1,1.0,33,1.0685324302520185
1,1.0,34,1.0339607823293988
1,1.0,35,0.9913209878033213
1,1.0,36,0.9994316653556319
1,1.0,37,1.0131885179469553
1,1.0,38,0.9747764192235244
1,1.0,39,0.9091877237042493
1,1.0,40,0.9174790900974401
1,1.0,41,0.9109448809438877
1,1.0,42,0.9477034951845191
1,1.0,43,0.949189267195596
1,1.0,44,0.9949378559219471
1,1.0,45,1.042779928118031
1,1.0,46,1.0516414383566564
1,1.0,47,1.0284678432876424
1,1.0,48,1.089096191191497
1,1.0,49,1.1301205965605072
1,1.0,50,1.2525198026732052
1,1.0,51,1.2557420371278338
1,1.0,52,1.2885639954982253
1,1.0,53,1.261236747249961
1,1.0,54,1.2720173652459963
1,1.0,55,1.2533953238476698
1,1.0,56,1.2179353408919906
1,1.0,57,1.2185146640605586
1,1.0,58,1.239602003111962
1,1.0,59,1.1813218577169418
1,1.0,60,1.2243080525684373
1,1.0,61,1.2380797286063072
1,1.0,62,1.2886656550617348
1,1.0,63,1.3178430551110507
1,1.0,64,1.280418926700954
1,1.0,65,1.2591095771199248
1,1.0,66,1.2756339749447143
1,1.0,67,1.2488673730101039
1,1.0,68,1.2589794491117834
1,1.0,69,1.2673582144319095
1,1.0,70,1.267486449677462
1,1.0,71,1.2710543319581529
1,1.0,72,1.3105974803753366
1,1.0,73,1.31929662255397
1,1.0,74,1.3464079054500957
1,1.0,75,1.2998112934240986
1,1.0,76,1.2843746918031451
1,1.0,77,1.3638580584275657
1,1.0,78,1.3960879565155102
1,1.0,79,1.4028956519406006
1,1.0,80,1.399171761014199
1,1.0,81,1.3646664120419392
1,1.0,82,1.3452191448720312
1,1.0,83,1.416769386730193
1,1.0,84,1.3953304541720546
1,1.0,85,1.4678907955388412
1,1.0,86,1.5283942883513473
1,1.0,87,1.5482808631886193
1,1.0,88,1.5044942938844
1,1.0,89,1.5460945704305589
1,1.0,90,1.5335623681414443
1,1.0,91,1.6081367238932798
1,1.0,92,1.5297576419558434
1,1.0,93,1.5824980558299333
1,1.0,94,1.5578502171676614
1,1.0,95,1.5355193430957848
1,1.0,96,1.4395434802035625
1,1.0,97,1.4189467016455954
1,1.0,98,1.391124434036074
1,1.0,99,1.4832022424984939
1,1.0,100,1.4639767959097196
1,1.0,101,1.5208748182538114
1,1.0,102,1.4986364682546376
1,1.0,103,1.5289811722382
1,1.0,104,1.517502855405615
1,1.0,105,1.502625963165329
1,1.0,106,1.4798608905150048
1,1.0,107,1.50632987972936
1,1.0,108,1.5137500795038215
1,1.0,109,1.597795409762182
1,1.0,110,1.5397227373229339
1,1.0,111,1.5251548329298263
1,1.0,112,1.528471294995371
1,1.0,113,1.5620656930568628
1,1.0,114,1.8347705772006098
1,1.0,115,1.951145984195682
1,1.0,116,1.9280471961550893
1,1.0,117,2.0068372677566586
1,1.0,118,2.089900254021646
1,1.0,119,1.9654878519084638
1,1.0,120,1.8529573105300416
1,3.0,0,1.0
1,3.0,1,1.0307776064894494
1,3.0,2,1.0795483387689317
1,3.0,3,1.0849001233143791
1,3.0,4,1.0035551763051913
1,3.0,5,0.9994296306346218
1,3.0,6,1.0088502138202533
1,3.0,7,1.0205044094026339
1,3.0,8,1.0062498875881514
1,3.0,9,1.0166910627930683
1,3.0,10,1.013715208805883
1,3.0,11,1.013002048044725
1,3.0,12,1.0133124624589458
1,3.0,13,1.0053215738441643
1,3.0,14,0.9799391830360865
1,3.0,15,1.0304650642704076
1,3.0,16,1.0583364459248294
1,3.0,17,1.0767505205235501
1,3.0,18,1.0980052367866737
1,3.0,19,1.083283336823657
1,3.0,20,1.0851113165799888
1,3.0,21,1.1236998336055988
1,3.0,22,1.1471409992197688
1,3.0,23,1.1578453825494917
1,3.0,24,1.125381586717331
1,3.0,25,1.0773460498387577
1,3.0,26,1.1229841780197447
1,3.0,27,1.173605750484696
1,3.0,28,1.1738145197832583
1,3.0,29,1.1256391113839417
1,3.0,30,1.1449733829197948
1,3.0,31,1.200013133535231
1,3.0,32,1.2503888265676486
1,3.0,33,1.2779471008317587
1,3.0,34,1.2550525522080207
1,3.0,35,1.2321234076160374
1,3.0,36,1.2600873763806328
1,3.0,37,1.3075688845572173
1,3.0,38,1.227793890565003
1,3.0,39,1.147879321578312
1,3.0,40,1.1896789477735052
1,3.0,41,1.1809571588803471
1,3.0,42,1.2308488109676943
1,3.0,43,1.2171816640876094
1,3.0,44,1.2163001599889471
1,3.0,45,1.2563343043423858
1,3.0,46,1.2866916999699347
1,3.0,47,1.2499960968078851
1,3.0,48,1.320668256875931
1,3.0,49,1.3813762996798982
1,3.0,50,1.4489678191890119
1,3.0,51,1.4789289733518878
1,3.0,52,1.532777777245472
1,3.0,53,1.5256876857254198
1,3.0,54,1.5485665153725223
1,3.0,55,1.5209732769105204
1,3.0,56,1.47707682212717
1,3.0,57,1.505002537357151
1,3.0,58,1.541945063121038
1,3.0,59,1.4482805279111188
1,3.0,60,1.4932197963930633
1,3.0,61,1.5160186097073038
1,3.0,62,1.5767880311848887
1,3.0,63,1.5655675512861686
1,3.0,64,1.5535187855408266
1,3.0,65,1.5761482708924026
1,3.0,66,1.587818615411355
1,3.0,67,1.5340544762036736
1,3.0,68,1.5430345318784686
1,3.0,69,1.574426846219444
1,3.0,70,1.5804241252250137
1,3.0,71,1.5999064105155376
1,3.0,72,1.6593715916875493
1,3.0,73,1.6655015796548593
1,3.0,74,1.6697937733230397
1,3.0,75,1.6071651775683768
1,3.0,76,1.5820933083616155
1,3.0,77,1.6764374793578196
1,3.0,78,1.737240052427125
1,3.0,79,1.755710332086812
1,3.0,80,1.7784494631367125
1,3.0,81,1.7642276295441428
1,3.0,82,1.7356161611218135
1,3.0,83,1.806860584687863
1,3.0,84,1.7759712045175666
1,3.0,85,1.871229523651462
1,3.0,86,1.8662994848093999
1,3.0,87,1.908894642026555
1,3.0,88,1.9066778083841365
1,3.0,89,1.970890143825017
1,3.0,90,2.034844221859588
1,3.0,91,2.071774427954313
1,3.0,92,2.027417760023257
1,3.0,93,2.0457550478463498
1,3.0,94,2.1091295623711748
1,3.0,95,2.1416265628204902
1,3.0,96,2.051998986517514
1,3.0,97,2.087203023856697
1,3.0,98,2.049872991170293
1,3.0,99,2.2231138174051903
1,3.0,100,2.19362505931174
1,3.0,101,2.3472866162020525
1,3.0,102,2.265995929731607
1,3.0,103,2.286719933127462
1,3.0,104,2.259559922755482
1,3.0,105,2.2851087218805186
1,3.0,106,2.3027630754802018
1,3.0,107,2.2661038025662967
1,3.0,108,2.2971185958400517
1,3.0,109,2.3877206993599738
1,3.0,110,2.32493165006034
1,3.0,111,2.287264853728917
1,3.0,112,2.2613545009994898
1,3.0,113,2.340026426890877
1,3.0,114,2.5540811127326624
1,3.0,115,2.7496201238588416
1,3.0,116,2.7429945247155283
1,3.0,117,2.8667490501086066
1,3.0,118,2.9967521360129763
1,3.0,119,2.9057723201149495
1,3.0,120,2.7297632903057374
1,10.0,0,1.0
1,10.0,1,1.0380702808148703
1,10.0,2,1.0693673295734702
1,10.0,3,1.0762445420162905
1,10.0,4,1.0050678086169589
1,10.0,5,0.9938658433330931
1,10.0,6,0.9907598036142088
1,10.0,7,1.0006571580487191
1,10.0,8,0.990454883119623
1,10.0,9,0.9738337623223713
1,10.0,10,0.987733696315767
1,10.0,11,0.9868976217655205
1,10.0,12,0.9801350772468822
1,10.0,13,0.9951303793759435
1,10.0,14,0.9417554031513559
1,10.0,15,0.9822500874553636
1,10.0,16,1.0160917888405627
1,10.0,17,1.0185084905764736
1,10.0,18,1.041418504287469
1,10.0,19,1.0575785671068896
1,10.0,20,1.0604140063566845
1,10.0,21,1.0977970930371537
1,10.0,22,1.105978215062769
1,10.0,23,1.1338532686340503
1,10.0,24,1.0932828522759377
1,10.0,25,1.0556822933720187
1,10.0,26,1.0990199993374055
1,10.0,27,1.1180513406332722
1,10.0,28,1.1180243488457684
1,10.0,29,1.0936038125794145
1,10.0,30,1.0914331112930047
1,10.0,31,1.1318913619771818
1,10.0,32,1.1626428082232898
1,10.0,33,1.1964918094030377
1,10.0,34,1.2319117392337748
1,10.0,35,1.1967646940102117
1,10.0,36,1.22830301871332
1,10.0,37,1.2758350041727435
1,10.0,38,1.2158252389444448
1,10.0,39,1.1929436641613793
1,10.0,40,1.2205634526206406
1,10.0,41,1.2152038894334758
1,10.0,42,1.2665439832997283
1,10.0,43,1.264308566023503
1,10.0,44,1.261167876029623
1,10.0,45,1.325977415565063
1,10.0,46,1.3465369035160946
1,10.0,47,1.3372281095079621
1,10.0,48,1.4180567644699007
1,10.0,49,1.4589967669198367
1,10.0,50,1.5107204123220468
1,10.0,51,1.5248916947737257
1,10.0,52,1.556293446707023
1,10.0,53,1.5172836332369144
1,10.0,54,1.526075011632612
1,10.0,55,1.5153407944612864
1,10.0,56,1.493339141206459
1,10.0,57,1.5191456023575276
1,10.0,58,1.5349114212049786
1,10.0,59,1.5005914856313844
1,10.0,60,1.5429846479568132
1,10.0,61,1.565850750439898
1,10.0,62,1.6091196110052528
1,10.0,63,1.6422156230984937
1,10.0,64,1.6112792473195856
1,10.0,65,1.604661491261674
1,10.0,66,1.61306491622179
1,10.0,67,1.5653990223070224
1,10.0,68,1.5708445079534537
1,10.0,69,1.58364023385456
1,10.0,70,1.5925844673997505
1,10.0,71,1.6006818996382823
1,10.0,72,1.6629770998876126
1,10.0,73,1.6871363317493175
1,10.0,74,1.6844571189935997
1,10.0,75,1.6407821740863193
1,10.0,76,1.6130908884100412
1,10.0,77,1.7101671513930008
1,10.0,78,1.7637912087200884
1,10.0,79,1.77328294398418
1,10.0,80,1.7471515600725116
1,10.0,81,1.709637993190748
1,10.0,82,1.6323679064887553
1,10.0,83,1.686206632187916
1,10.0,84,1.68366351598513
1,10.0,85,1.7270683774348077
1,10.0,86,1.7364775174426725
1,10.0,87,1.7727680370902565
1,10.0,88,1.7467799808526832
1,10.0,89,1.8448765222014545
1,10.0,90,1.8876926139992036
1,10.0,91,1.9109006489485196
1,10.0,92,1.878462046734613
1,10.0,93,1.9308794294881602
1,10.0,94,1.9539585170794331
1,10.0,95,1.9690690612780488
1,10.0,96,1.9129299108383953
1,10.0,97,1.9251712089274118
1,10.0,98,1.9060058939843372
1,10.0,99,2.0307287752539827
1,10.0,100,2.0128251397383923
1,10.0,101,2.122129921482273
1,10.0,102,2.1000628906641987
1,10.0,103,2.141314652278609
1,10.0,104,2.1194633803050924
1,10.0,105,2.137892750996631
1,10.0,106,2.1419512218602326
1,10.0,107,2.115705014925689
1,10.0,108,2.1390575977924335
1,10.0,109,2.1824744246410592
1,10.0,110,2.134548566214444
1,10.0,111,2.1041970048023115
1,10.0,112,2.1146009525234692
1,10.0,113,2.2527582025242454
1,10.0,114,2.4075786899097755
1,10.0,115,2.5122011239385715
1,10.0,116,2.4822289386433183
1,10.0,117,2.5714432464546775
1,10.0,118,2.674489773456658
1,10.0,119,2.5816392753571646
1,10.0,120,2.4785239324040806
2,0.0,0,1.0
2,0.0,1,1.0398871353954755
2,0.0,2,1.039781331802275
2,0.0,3,1.0322968658922893
2,0.0,4,0.9898669317982552
2,0.0,5,1.0532050269404782
2,0.0,6,1.0843637996448958
2,0.0,7,1.1407125860101353
2,0.0,8,1.1878997627941017
2,0.0,9,1.1977531934916315
2,0.0,10,1.2152886991555814
2,0.0,11,1.2017288807160917
2,0.0,12,1.1149510529265763
2,0.0,13,1.082247259631949
2,0.0,14,1.1157118413662277
2,0.0,15,1.1447050574825586
2,0.0,16,1.13593414732484
2,0.0,17,1.1197909241703328
2,0.0,18,1.1728980337460797
2,0.0,19,1.1269423366075988
2,0.0,20,1.1566065824740193
2,0.0,21,1.2106363305775636
2,0.0,22,1.2263417359847355
2,0.0,23,1.2236124416861687
2,0.0,24,1.2657447682443406
2,0.0,25,1.3194587668188287
2,0.0,26,1.365542001613247
2,0.0,27,1.35340490038468
2,0.0,28,1.3728382006591957
2,0.0,29,1.3628275449741984
2,0.0,30,1.3150349940202113
2,0.0,31,1.308852548441037
2,0.0,32,1.1490208135489064
2,0.0,33,1.1565296527618214
2,0.0,34,1.1620170910376377
2,0.0,35,1.098088752294075
2,0.0,36,1.09682693213497
2,0.0,37,1.139163115195045
2,0.0,38,1.0941716410834152
2,0.0,39,1.1029976705280506
2,0.0,40,1.0872597292416646
2,0.0,41,1.1610457856031342
2,0.0,42,1.2415043817118498
2,0.0,43,1.2468544458239557
2,0.0,44,1.3130459628729847
2,0.0,45,1.2835328466830305
2,0.0,46,1.2319876074674327
2,0.0,47,1.1754483092447674
2,0.0,48,1.1358881044985878
2,0.0,49,1.1361523491735674
2,0.0,50,1.1456470739825044
2,0.0,51,1.1407604925977515
2,0.0,52,1.0832768185692205
2,0.0,53,1.050877980478727
2,0.0,54,1.0049888698124139
2,0.0,55,0.9945559076404819
2,0.0,56,0.9197864846585122
2,0.0,57,0.9324959632160852
2,0.0,58,0.8458147686521577
2,0.0,59,0.8389132170566446
2,0.0,60,0.7943258497780407
2,0.0,61,0.767758404158041
2,0.0,62,0.7751635345025132
2,0.0,63,0.7775265207413774
2,0.0,64,0.7692221605728871
2,0.0,65,0.784295592659847
2,0.0,66,0.7918330231013574
2,0.0,67,0.7189225203629244
2,0.0,68,0.7165809190728359
2,0.0,69,0.7020583600299046
2,0.0,70,0.6850631184351591
2,0.0,71,0.7019294374817122
2,0.0,72,0.7117381550802427
2,0.0,73,0.7178383022538876
2,0.0,74,0.6870936706822359
2,0.0,75,0.6392360838919869
2,0.0,76,0.6106373095853327
2,0.0,77,0.5823738809104996
2,0.0,78,0.5733271508612838
2,0.0,79,0.5640351619643071
2,0.0,80,0.5627114294749695
2,0.0,81,0.5777887241275083
2,0.0,82,0.6174788330654384
2,0.0,83,0.6038709881570986
2,0.0,84,0.6424442851651251
2,0.0,85,0.6327712696725515
2,0.0,86,0.6710770262777164
2,0.0,87,0.6570817748494285
2,0.0,88,0.6820641276173736
2,0.0,89,0.6718749895351166
2,0.0,90,0.6768071769919061
2,0.0,91,0.6941268614067628
2,0.0,92,0.6907301313180161
2,0.0,93,0.708093796755053
2,0.0,94,0.6777026234159953
2,0.0,95,0.6141072151210533
2,0.0,96,0.5897650150286069
2,0.0,97,0.6272996964408001
2,0.0,98,0.6281896522963738
2,0.0,99,0.6291548308890277
2,0.0,100,0.6318104450215609
2,0.0,101,0.5708684286159167
2,0.0,102,0.5510690045992769
2,0.0,103,0.5467084529484262
2,0.0,104,0.545446912255142
2,0.0,105,0.5656114224525455
2,0.0,106,0.5477239053364188
2,0.0,107,0.5705110483921044
2,0.0,108,0.5931963680032912
2,0.0,109,0.5662511980152354
2,0.0,110,0.5597534525726144
2,0.0,111,0.5905363881525483
2,0.0,112,0.5914499132704267
2,0.0,113,0.5110108771291607
2,0.0,114,0.5103207148017951
2,0.0,115,0.5151209175180865
2,0.0,116,0.5367462919759979
2,0.0,117,0.5157472132878125
2,0.0,118,0.5491636264252078
2,0.0,119,0.5890686342827917
2,0.0,120,0.5869838129393264
2,1.0,0,1.0
2,1.0,1,1.0412519050734084
2,1.0,2,1.0422052379953266
2,1.0,3,1.0320819316791539
2,1.0,4,0.9989408029300815
2,1.0,5,1.0723463001848896
2,1.0,6,1.0822002533522008
2,1.0,7,1.1371774698625203
2,1.0,8,1.1829097351396411
2,1.0,9,1.1769350647921437
2,1.0,10,1.1870411645983785
2,1.0,11,1.1489458547228097
2,1.0,12,1.0875475005923343
2,1.0,13,1.065609364270639
2,1.0,14,1.096598201479687
2,1.0,15,1.0963581618865075
2,1.0,16,1.1032389940908185
2,1.0,17,1.0954125040627494
2,1.0,18,1.1425081710480367
2,1.0,19,1.2087074588998443
2,1.0,20,1.233819587474239
2,1.0,21,1.2770268027310716
2,1.0,22,1.2960535311995132
2,1.0,23,1.3024032513333503
2,1.0,24,1.3453179950959298
2,1.0,25,1.4017534909316225
2,1.0,26,1.4478620730802765
2,1.0,27,1.4187824792880197
2,1.0,28,1.4463728773284208
2,1.0,29,1.4170183996808206
2,1.0,30,1.4226273457634606
2,1.0,31,1.4008225827522238
2,1.0,32,1.287575878826934
2,1.0,33,1.2924517389554455
2,1.0,34,1.29858409286879
2,1.0,35,1.2747675416935862
2,1.0,36,1.256087353713705
2,1.0,37,1.3109066714102093
2,1.0,38,1.2568522547410752
2,1.0,39,1.2648213665521175
2,1.0,40,1.26697840359918
2,1.0,41,1.3332761554142722
2,1.0,42,1.4199587426800107
2,1.0,43,1.454799326117785
2,1.0,44,1.5083922724759498
2,1.0,45,1.471346986786767
2,1.0,46,1.4325633207892803
2,1.0,47,1.3935825252286573
2,1.0,48,1.3894776218758877
2,1.0,49,1.4072648613326961
2,1.0,50,1.4116958278823655
2,1.0,51,1.3990813059024325
2,1.0,52,1.3354635311417724
2,1.0,53,1.3033145412508995
2,1.0,54,1.2273316132642393
2,1.0,55,1.2019673824617174
2,1.0,56,1.1254409897636661
2,1.0,57,1.1404283639305755
2,1.0,58,1.0848886033167098
2,1.0,59,1.0950064252453922
2,1.0,60,1.0330081062526277
2,1.0,61,0.9928305764538279
2,1.0,62,1.0108774886643512
2,1.0,63,1.019426319427824
2,1.0,64,1.0162309481751317
2,1.0,65,1.0194041235775035
2,1.0,66,1.0332503776997943
2,1.0,67,0.9538663842059344
2,1.0,68,0.9499026367602407
2,1.0,69,0.9502133620357139
2,1.0,70,0.9328814403990716
2,1.0,71,0.9528401766022249
2,1.0,72,0.9824085347022234
2,1.0,73,1.0002971082054914
2,1.0,74,1.0001031462702017
2,1.0,75,0.9623500534468359
2,1.0,76,0.9087251621183997
2,1.0,77,0.8773880585645609
2,1.0,78,0.8788996531363769
2,1.0,79,0.8661108242985401
2,1.0,80,0.8588500126515579
2,1.0,81,0.8877834158512944
2,1.0,82,0.9454760797594223
2,1.0,83,0.926231935443846
2,1.0,84,0.9965455972584807
2,1.0,85,1.0015073781859538
2,1.0,86,1.0644159399588478
2,1.0,87,1.0428796185767475
2,1.0,88,1.0554634237771094
2,1.0,89,1.0559568946891955
2,1.0,90,1.0630698579203381
2,1.0,91,1.069041754990791
2,1.0,92,1.0736053610096352
2,1.0,93,1.0795158752379497
2,1.0,94,1.0440334912807796
2,1.0,95,1.0267625815476575
2,1.0,96,1.0341263371648053
2,1.0,97,1.0869261223968314
2,1.0,98,1.0948536835180243
2,1.0,99,1.1052614794515003
2,1.0,100,1.114456141952907
2,1.0,101,1.0493885326008863
2,1.0,102,1.0542216799974053
2,1.0,103,1.0391600134382493
2,1.0,104,1.0449556606132335
2,1.0,105,1.073595346442734
2,1.0,106,1.0578279531248498
2,1.0,107,1.0996480169449903
2,1.0,108,1.1835381541161523
2,1.0,109,1.1357588486960006
2,1.0,110,1.126821902471028
2,1.0,111,1.1972120296337998
2,1.0,112,1.2019268886035888
2,1.0,113,1.1366235710846164
2,1.0,114,1.1699999562015253
2,1.0,115,1.1849601411217183
2,1.0,116,1.2343995095071452
2,1.0,117,1.1869682978326292
2,1.0,118,1.2573175328654942
2,1.0,119,1.2997954289645117
2,1.0,120,1.305711540314117
2,3.0,0,1.0
2,3.0,1,1.0431808092708654
2,3.0,2,1.0597556325018809
2,3.0,3,1.0679088940398245
2,3.0,4,1.0286989408975178
2,3.0,5,1.0998931745588936
2,3.0,6,1.1071488621140764
2,3.0,7,1.1331684235965231
2,3.0,8,1.1461899472406247
2,3.0,9,1.104682818610161
2,3.0,10,1.1208024411405044
2,3.0,11,1.072292874637398
2,3.0,12,1.0407497266702568
2,3.0,13,1.047188212527001
2,3.0,14,1.062647298512692
2,3.0,15,1.0753288021852754
2,3.0,16,1.0960898783695023
2,3.0,17,1.0875232059003708
2,3.0,18,1.1215618241145677
2,3.0,19,1.1797415963128544
2,3.0,20,1.2082308371641892
2,3.0,21,1.241929142589717
2,3.0,22,1.258212014411649
2,3.0,23,1.2655010955951815
2,3.0,24,1.260345678950114
2,3.0,25,1.3039731841328164
2,3.0,26,1.3513257917778487
2,3.0,27,1.280558874226942
2,3.0,28,1.335269951718062
2,3.0,29,1.3283142845126439
2,3.0,30,1.3697822245693627
2,3.0,31,1.3545002853511943
2,3.0,32,1.2629163404242085
2,3.0,33,1.2623616011994605
2,3.0,34,1.2812334129487333
2,3.0,35,1.2664863771092871
2,3.0,36,1.2418052067302998
2,3.0,37,1.3004407329399401
2,3.0,38,1.2532393884375306
2,3.0,39,1.2599139383671423
2,3.0,40,1.3084748170869709
2,3.0,41,1.3874624640065103
2,3.0,42,1.4763529373795614
2,3.0,43,1.5212867607750957
2,3.0,44,1.5522939511281433
2,3.0,45,1.524813623058797
2,3.0,46,1.5262098888497322
2,3.0,47,1.4743262134256667
2,3.0,48,1.5043174082510984
2,3.0,49,1.5237998159851196
2,3.0,50,1.5573989358077294
2,3.0,51,1.5422434407356223
2,3.0,52,1.5466381436930035
2,3.0,53,1.4958110983281228
2,3.0,54,1.440249567607014
2,3.0,55,1.4356964190968775
2,3.0,56,1.4049895574952245
2,3.0,57,1.445483935823196
2,3.0,58,1.3945699566289025
2,3.0,59,1.3972950221781528
2,3.0,60,1.37640686100909
2,3.0,61,1.3529450192055208
2,3.0,62,1.3728794405319258
2,3.0,63,1.3848327607649673
2,3.0,64,1.381048886231074
2,3.0,65,1.3696487774084114
2,3.0,66,1.3824769463462911
2,3.0,67,1.3184956166995299
2,3.0,68,1.330989247004708
2,3.0,69,1.3446799143035366
2,3.0,70,1.3551001182976876
2,3.0,71,1.3762795762618416
2,3.0,72,1.3999047360084713
2,3.0,73,1.4124622195684227
2,3.0,74,1.3960236418321537
2,3.0,75,1.338041759726029
2,3.0,76,1.2648587488595084
2,3.0,77,1.2520787003990599
2,3.0,78,1.2606990220092205
2,3.0,79,1.2364787558509236
2,3.0,80,1.2191538393133239
2,3.0,81,1.2633357699426917
2,3.0,82,1.3293241876163255
2,3.0,83,1.2804567654682961
2,3.0,84,1.3766032528236645
2,3.0,85,1.3808952175451694
2,3.0,86,1.4584864822929098
2,3.0,87,1.4360679169850046
2,3.0,88,1.41980827438168
2,3.0,89,1.4291242893106315
2,3.0,90,1.4365337925605985
2,3.0,91,1.4394921398879394
2,3.0,92,1.4469236526325828
2,3.0,93,1.4376307441838383
2,3.0,94,1.3934342527634558
2,3.0,95,1.4070656010153066
2,3.0,96,1.4332338289594333
2,3.0,97,1.5029054188233868
2,3.0,98,1.5079730218259588
2,3.0,99,1.5584109535814623
2,3.0,100,1.5754343497722598
2,3.0,101,1.54402944645356
2,3.0,102,1.588618488682093
2,3.0,103,1.567709247728456
2,3.0,104,1.5663968117839855
2,3.0,105,1.5775579822422336
2,3.0,106,1.6147273215187274
2,3.0,107,1.644779358573493
2,3.0,108,1.7041709716025373
2,3.0,109,1.6817012885300586
2,3.0,110,1.6511643600862007
2,3.0,111,1.746046417173016
2,3.0,112,1.7537112167554072
2,3.0,113,1.7617511441015337
2,3.0,114,1.8327068663222745
2,3.0,115,1.8712144841100917
2,3.0,116,1.9572719230720876
2,3.0,117,1.9419160951117351
2,3.0,118,2.007650167071423
2,3.0,119,2.0808668054713184
2,3.0,120,2.0731042708203766
2,10.0,0,1.0
2,10.0,1,1.0291354791388876
2,10.0,2,1.0476007343612357
2,10.0,3,1.0556428586128683
2,10.0,4,1.0074166807563862
2,10.0,5,1.0802753248975154
2,10.0,6,1.0610282184951794
2,10.0,7,1.1091919939455839
2,10.0,8,1.1024636477987613
2,10.0,9,1.0456127837500908
2,10.0,10,1.0711660362299895
2,10.0,11,1.066313577334095
2,10.0,12,1.0444298919814452
2,10.0,13,1.0282055675138788
2,10.0,14,1.0371153573753122
2,10.0,15,1.0657117827241216
2,10.0,16,1.0977170604700561
2,10.0,17,1.0886776531713855
2,10.0,18,1.1318881195295485
2,10.0,19,1.1046837524994413
2,10.0,20,1.116989375618859
2,10.0,21,1.153318913158553
2,10.0,22,1.1653536770434705
2,10.0,23,1.1564727444634428
2,10.0,24,1.175933001783352
2,10.0,25,1.171037124639372
2,10.0,26,1.1652619776894346
2,10.0,27,1.1142539399714826
2,10.0,28,1.143880658372181
2,10.0,29,1.1458192909541294
2,10.0,30,1.196885699143078
2,10.0,31,1.1931908686022474
2,10.0,32,1.1278395388588145
2,10.0,33,1.1126752061900111
2,10.0,34,1.1360371583903723
2,10.0,35,1.143101943691463
2,10.0,36,1.1384539310943438
2,10.0,37,1.1631669814803087
2,10.0,38,1.1059395932812095
2,10.0,39,1.1097276567095142
2,10.0,40,1.1211459676196467
2,10.0,41,1.148845296565706
2,10.0,42,1.2009408592642516
2,10.0,43,1.1977364120406453
2,10.0,44,1.2115986547721616
2,10.0,45,1.1709178926491113
2,10.0,46,1.1706994605295804
2,10.0,47,1.1160585030886108
2,10.0,48,1.1369934736565717
2,10.0,49,1.1680331593621116
2,10.0,50,1.173755317043595
2,10.0,51,1.1715875490808658
2,10.0,52,1.1324345030011158
2,10.0,53,1.1389902914221972
2,10.0,54,1.110234581454735
2,10.0,55,1.1216042265265769
2,10.0,56,1.1179830248241014
2,10.0,57,1.1511392875100792
2,10.0,58,1.1203981636379146
2,10.0,59,1.1260291457915386
2,10.0,60,1.1672490236978768
2,10.0,61,1.1602322418385398
2,10.0,62,1.18706774739926
2,10.0,63,1.190713062745736
2,10.0,64,1.1847222299143452
2,10.0,65,1.150737773709986
2,10.0,66,1.1679626192299717
2,10.0,67,1.1237740369676927
2,10.0,68,1.1358277950553153
2,10.0,69,1.1579927768073854
2,10.0,70,1.1751908410226952
2,10.0,71,1.1781739070446395
2,10.0,72,1.1783222893289689
2,10.0,73,1.1819812889101877
2,10.0,74,1.1924513218516626
2,10.0,75,1.176386942379258
2,10.0,76,1.149009557890246
2,10.0,77,1.1610631808227305
2,10.0,78,1.1892244191083217
2,10.0,79,1.166326131615599
2,10.0,80,1.1683618568957572
2,10.0,81,1.2099123317652314
2,10.0,82,1.2431586517001962
2,10.0,83,1.183989984073667
2,10.0,84,1.2836299120855714
2,10.0,85,1.3083125708378232
2,10.0,86,1.3168027398060669
2,10.0,87,1.249805844772141
2,10.0,88,1.2411090075013878
2,10.0,89,1.22011779769216
2,10.0,90,1.22907988532054
2,10.0,91,1.2387264280885164
2,10.0,92,1.2475739908354182
2,10.0,93,1.200784151750069
2,10.0,94,1.1482967549067564
2,10.0,95,1.149168166843161
2,10.0,96,1.1795224349596771
2,10.0,97,1.2075862823704517
2,10.0,98,1.2116704117583892
2,10.0,99,1.2296515463985425
2,10.0,100,1.2217419414880102
2,10.0,101,1.1789084583046407
2,10.0,102,1.2080445504823158
2,10.0,103,1.184736369858712
2,10.0,104,1.1629304830762508
2,10.0,105,1.1935541382477346
2,10.0,106,1.223877434458941
2,10.0,107,1.2507446748114233
2,10.0,108,1.2990358396010726
2,10.0,109,1.2773281623749408
2,10.0,110,1.2715430792536182
2,10.0,111,1.3685472260425555
2,10.0,112,1.3905105903456616
2,10.0,113,1.3982208985410807
2,10.0,114,1.4632491867521817
2,10.0,115,1.4890821879146519
2,10.0,116,1.542147040573928
2,10.0,117,1.5333029509635518
2,10.0,118,1.5721230741890346
2,10.0,119,1.6150808135811265
2,10.0,120,1.6139234932081896
3,0.0,0,1.0
3,0.0,1,1.0329326632357154
3,0.0,2,0.9756687508790852
3,0.0,3,0.9768433466795232
3,0.0,4,0.9083376708559434
3,0.0,5,0.9044438113077111
3,0.0,6,0.8915656826232883
3,0.0,7,0.897293747881901
3,0.0,8,0.849833473625382
3,0.0,9,0.8520046377348669
3,0.0,10,0.8540387757601814
3,0.0,11,0.8138828983265987
3,0.0,12,0.8377142175771166
3,0.0,13,0.8514280832164299
3,0.0,14,0.843138014822507
3,0.0,15,0.8078542821086818
3,0.0,16,0.7747617025927566
3,0.0,17,0.7739851143409856
3,0.0,18,0.7917074054201967
3,0.0,19,0.8006862567110989
3,0.0,20,0.8856211023916046
3,0.0,21,0.922679217188159
3,0.0,22,0.9465644863060625
3,0.0,23,0.9668379904813902
3,0.0,24,0.9878635702447466
3,0.0,25,1.020576737833285
3,0.0,26,1.0045671655085129
3,0.0,27,1.0191913435040918
3,0.0,28,1.0087736518184423
3,0.0,29,1.0106893974733386
3,0.0,30,1.0569238482556287
3,0.0,31,1.0677510465736142
3,0.0,32,1.0560213651282615
3,0.0,33,1.0852840241044253
3,0.0,34,1.1291101589314685
3,0.0,35,1.135060137238474
3,0.0,36,1.0907259712856863
3,0.0,37,1.0507746601665071
3,0.0,38,1.1294478492664966
3,0.0,39,1.0608842098316655
3,0.0,40,1.053425508481286
3,0.0,41,1.0106985065756897
3,0.0,42,1.0201982772515386
3,0.0,43,1.0226557582435232
3,0.0,44,0.9950356894178854
3,0.0,45,1.0187498703477915
3,0.0,46,1.058014243968905
3,0.0,47,1.0752932161327358
3,0.0,48,1.0096135945216007
3,0.0,49,0.9898559775470425
3,0.0,50,1.011291945190899
3,0.0,51,1.0062823241428918
3,0.0,52,1.0229113950211421
3,0.0,53,1.0432822634010246
3,0.0,54,1.0590061817010719
3,0.0,55,0.9679696022381316
3,0.0,56,0.8878049596267917
3,0.0,57,0.9199940860637144
3,0.0,58,0.9258562455029347
3,0.0,59,0.919164268255876
3,0.0,60,0.925237214916113
3,0.0,61,0.805823326581564
3,0.0,62,0.8205258942701052
3,0.0,63,0.8518150464778883
3,0.0,64,0.8247851606084537
3,0.0,65,0.8631199088890502
3,0.0,66,0.869137161144231
3,0.0,67,0.8309669296799206
3,0.0,68,0.8285584049330416
3,0.0,69,0.8214727916358419
3,0.0,70,0.8230324751933239
3,0.0,71,0.8022170407884162
3,0.0,72,0.8366778245667661
3,0.0,73,0.750310370123845
3,0.0,74,0.7348027583872814
3,0.0,75,0.7152342691008132
3,0.0,76,0.7099965616878169
3,0.0,77,0.7265432867782586
3,0.0,78,0.7493384338884158
3,0.0,79,0.7221386371031845
3,0.0,80,0.7317157212541978
3,0.0,81,0.7218799778675418
3,0.0,82,0.7306343851225215
3,0.0,83,0.6685398397847047
3,0.0,84,0.7002152754341542
3,0.0,85,0.7118116633527616
3,0.0,86,0.7552310753534606
3,0.0,87,0.8098727750325786
3,0.0,88,0.8025741417251457
3,0.0,89,0.841945223198637
3,0.0,90,0.8345928426995288
3,0.0,91,0.7968778630997352
3,0.0,92,0.7922093868134406
3,0.0,93,0.8240240714661543
3,0.0,94,0.8203704064259203
3,0.0,95,0.8312760637126365
3,0.0,96,0.8413906378775532
3,0.0,97,0.8522367333470012
3,0.0,98,0.8290778126519821
3,0.0,99,0.8385300745751003
3,0.0,100,0.9147153959715372
3,0.0,101,0.8833347897144976
3,0.0,102,0.8365462399008023
3,0.0,103,0.8336169551274415
3,0.0,104,0.85509459637927
3,0.0,105,0.8729264943928432
3,0.0,106,0.8929953067402814
3,0.0,107,0.8803368248488797
3,0.0,108,0.8918266609580345
3,0.0,109,0.8436129171261874
3,0.0,110,0.8038011124034642
3,0.0,111,0.7696926540637673
3,0.0,112,0.7738973162520923
3,0.0,113,0.7349879413316418
3,0.0,114,0.7026394300621903
3,0.0,115,0.7093498782154671
3,0.0,116,0.7354942520916716
3,0.0,117,0.7289005232574393
3,0.0,118,0.648665401339838
3,0.0,119,0.6403279079856967
3,0.0,120,0.607728705316566
3,1.0,0,1.0
3,1.0,1,1.0148747297705292
3,1.0,2,0.992320862270355
3,1.0,3,0.9984132892662435
3,1.0,4,0.9383594158107174
3,1.0,5,0.9284416639401681
3,1.0,6,0.9087185983642571
3,1.0,7,0.9144513366863414
3,1.0,8,0.8917820188496892
3,1.0,9,0.8692074577546055
3,1.0,10,0.8780630072772453
3,1.0,11,0.8832014022961345
3,1.0,12,0.9195777043349359
3,1.0,13,0.9190162584505909
3,1.0,14,0.9166662786774651
3,1.0,15,0.9030016049594095
3,1.0,16,0.8944643322686527
3,1.0,17,0.874928288008127
3,1.0,18,0.8961400631345354
3,1.0,19,0.9108679895810475
3,1.0,20,0.9668921767396313
3,1.0,21,1.0019458301137576
3,1.0,22,1.0216075394773296
3,1.0,23,1.032073094939048
3,1.0,24,1.0660406868060857
3,1.0,25,1.0859490552636522
3,1.0,26,1.0812737067649987
3,1.0,27,1.0745914884302996
3,1.0,28,1.100715286166864
3,1.0,29,1.1201544477742413
3,1.0,30,1.1875560311506284
3,1.0,31,1.212656549832577
3,1.0,32,1.199379113475213
3,1.0,33,1.2261402104159085
3,1.0,34,1.27344928512935
3,1.0,35,1.3016222886498316
3,1.0,36,1.2578093607586778
3,1.0,37,1.2004167920928344
3,1.0,38,1.2684193520605564
3,1.0,39,1.256449599295542
3,1.0,40,1.2483407344067328
3,1.0,41,1.2191924307932112
3,1.0,42,1.2320271150797075
3,1.0,43,1.2425546298550234
3,1.0,44,1.2285443005138008
3,1.0,45,1.255334848701499
3,1.0,46,1.3124421390978416
3,1.0,47,1.339502026014081
3,1.0,48,1.2810019576998388
3,1.0,49,1.2735217079159162
3,1.0,50,1.313803735852454
3,1.0,51,1.349062693233927
3,1.0,52,1.3743094942046574
3,1.0,53,1.4341716947076906
3,1.0,54,1.4620218709401893
3,1.0,55,1.334433397758035
3,1.0,56,1.2331331077715175
3,1.0,57,1.3021396799788194
3,1.0,58,1.3076103956897982
3,1.0,59,1.3073259357125242
3,1.0,60,1.306316452867953
3,1.0,61,1.193966436155294
3,1.0,62,1.265621034846098
3,1.0,63,1.3209545677368506
3,1.0,64,1.3147962409687906
3,1.0,65,1.3804592622275031
3,1.0,66,1.3841129617728174
3,1.0,67,1.3614604152667802
3,1.0,68,1.3546929384666468
3,1.0,69,1.3769217068758557
3,1.0,70,1.3777471393003125
3,1.0,71,1.344089611392409
3,1.0,72,1.3541379529899384
3,1.0,73,1.252096752387144
3,1.0,74,1.2552936369288061
3,1.0,75,1.2322937995391228
3,1.0,76,1.196332687515678
3,1.0,77,1.1920216773388865
3,1.0,78,1.1938771661285308
3,1.0,79,1.1802524616548227
3,1.0,80,1.2015160767926156
3,1.0,81,1.2059191126848636
3,1.0,82,1.2173957062944407
3,1.0,83,1.1419946828199432
3,1.0,84,1.1972442344535112
3,1.0,85,1.2224548535906965
3,1.0,86,1.3240541513306345
3,1.0,87,1.394997413101913
3,1.0,88,1.3718710479194856
3,1.0,89,1.4218005512591312
3,1.0,90,1.398967670548182
3,1.0,91,1.348072717706646
3,1.0,92,1.3428435949748647
3,1.0,93,1.4053238448241794
3,1.0,94,1.3982665892604622
3,1.0,95,1.4168545540365312
3,1.0,96,1.4201302030896472
3,1.0,97,1.4635027436862473
3,1.0,98,1.4394785144644644
3,1.0,99,1.4851768507607301
3,1.0,100,1.5701207147019054
3,1.0,101,1.5562296301879848
3,1.0,102,1.5478495084588155
3,1.0,103,1.5617355601748035
3,1.0,104,1.6013783147531395
3,1.0,105,1.6347729998683704
3,1.0,106,1.672356866065285
3,1.0,107,1.6411396948616321
3,1.0,108,1.7068790532264664
3,1.0,109,1.66109467602771
3,1.0,110,1.6327895781099637
3,1.0,111,1.5691597035515803
3,1.0,112,1.5683538739663936
3,1.0,113,1.5860580922487644
3,1.0,114,1.5415015543298611
3,1.0,115,1.614325113066184
3,1.0,116,1.6869915740199464
3,1.0,117,1.68635106226691
3,1.0,118,1.4979670982358282
3,1.0,119,1.482293999253277
3,1.0,120,1.4164879227258975
3,3.0,0,1.0
3,3.0,1,0.9977777583273042
3,3.0,2,1.004488035663632
3,3.0,3,0.9898905990440852
3,3.0,4,0.9379515807344638
3,3.0,5,0.943160305259215
3,3.0,6,0.9471867928257381
3,3.0,7,0.9555307420785909
3,3.0,8,0.9352288554582061
3,3.0,9,0.9156499266338396
3,3.0,10,0.9295022569745419
3,3.0,11,0.9380474105844332
3,3.0,12,0.9794926730115943
3,3.0,13,0.9841885590936017
3,3.0,14,0.9798936972225267
3,3.0,15,1.006584573850281
3,3.0,16,1.0177375198945584
3,3.0,17,1.0230898485272153
3,3.0,18,1.0318149796351208
3,3.0,19,1.0388461192610117
3,3.0,20,1.0454025429159566
3,3.0,21,1.089136645134279
3,3.0,22,1.1062663541315494
3,3.0,23,1.1400766605497077
3,3.0,24,1.1692664879122991
3,3.0,25,1.1735922284917848
3,3.0,26,1.1820631395952161
3,3.0,27,1.1706951086664705
3,3.0,28,1.1798652663423412
3,3.0,29,1.1825672531071092
3,3.0,30,1.289806480294138
3,3.0,31,1.299725705994354
3,3.0,32,1.3007044248734267
3,3.0,33,1.314623260802206
3,3.0,34,1.3490490819490004
3,3.0,35,1.382078521224774
3,3.0,36,1.3397074587896547
3,3.0,37,1.2797192014626717
3,3.0,38,1.3249261022588281
3,3.0,39,1.3354953973821877
3,3.0,40,1.3591564106363283
3,3.0,41,1.3778942369759752
3,3.0,42,1.3978231879166185
3,3.0,43,1.4462132142501833
3,3.0,44,1.4103534041142005
3,3.0,45,1.4133470553458898
3,3.0,46,1.4726689639502268
3,3.0,47,1.5202190137593514
3,3.0,48,1.5154721802369395
3,3.0,49,1.562430295022801
3,3.0,50,1.595333848106738
3,3.0,51,1.6360636202903474
3,3.0,52,1.708573195734934
3,3.0,53,1.7858203797369856
3,3.0,54,1.8617877680516992
3,3.0,55,1.758598278469418
3,3.0,56,1.6488933003262585
3,3.0,57,1.744975527429317
3,3.0,58,1.7451584148497612
3,3.0,59,1.7587587565946008
3,3.0,60,1.8179591281732825
3,3.0,61,1.7715124178227022
3,3.0,62,1.8458845553525163
3,3.0,63,1.8680882424825898
3,3.0,64,1.8973442112167995
3,3.0,65,2.0010507842958734
3,3.0,66,2.0676828071255415
3,3.0,67,2.1598116309639748
3,3.0,68,2.1810232894869617
3,3.0,69,2.203546660955332
3,3.0,70,2.216102564213033
3,3.0,71,2.1811398138225417
3,3.0,72,2.223869778492336
3,3.0,73,2.0722115001375907
3,3.0,74,2.153698978201642
3,3.0,75,2.1344957080059843
3,3.0,76,2.0677856993485912
3,3.0,77,2.0641470140724745
3,3.0,78,2.028556029030349
3,3.0,79,1.971335323571697
3,3.0,80,1.9767293069671512
3,3.0,81,1.9908395866054338
3,3.0,82,2.0093552082316353
3,3.0,83,1.938301559883303
3,3.0,84,2.0190291444613027
3,3.0,85,2.043765937751161
3,3.0,86,2.205723527741852
3,3.0,87,2.307072271654995
3,3.0,88,2.309976729428257
3,3.0,89,2.4182255443189526
3,3.0,90,2.380583803532333
3,3.0,91,2.318909771424257
3,3.0,92,2.336425842017545
3,3.0,93,2.4770807379235684
3,3.0,94,2.4378401145102058
3,3.0,95,2.4591597387472754
3,3.0,96,2.402580559515219
3,3.0,97,2.4805853282763617
3,3.0,98,2.4445785205484087
3,3.0,99,2.54047469337795
3,3.0,100,2.639551168408465
3,3.0,101,2.6007966412486394
3,3.0,102,2.671443585969235
3,3.0,103,2.6988757055828207
3,3.0,104,2.7663709946703485
3,3.0,105,2.8236362900809744
3,3.0,106,2.8885524396158884
3,3.0,107,2.8192754163632103
3,3.0,108,2.988732158567259
3,3.0,109,2.9171717840988824
3,3.0,110,2.973332937658776
3,3.0,111,2.8609612361377263
3,3.0,112,2.8501025549164294
3,3.0,113,2.9863332688887825
3,3.0,114,2.901509764340483
3,3.0,115,3.0683236473430444
3,3.0,116,3.2121398717678415
3,3.0,117,3.356736053524854
3,3.0,118,3.15723214205997
3,3.0,119,3.108384035130001
3,3.0,120,3.1130311667693746
3,10.0,0,1.0
3,10.0,1,0.9971197400742813
3,10.0,2,1.01030981072119
3,10.0,3,0.9931380436336024
3,10.0,4,0.943900269711068
3,10.0,5,0.9637668445535823
3,10.0,6,0.976889403171812
3,10.0,7,0.9757017884143664
3,10.0,8,0.9577259393286272
3,10.0,9,0.944695467170694
3,10.0,10,0.9618878561330424
3,10.0,11,0.9329608416014151
3,10.0,12,0.9677740761176511
3,10.0,13,0.9591940901387377
3,10.0,14,0.9533614028899037
3,10.0,15,0.9996909711830243
3,10.0,16,1.010915364961531
3,10.0,17,1.0172855887879708
3,10.0,18,1.0237222606937142
3,10.0,19,1.0298489310526395
3,10.0,20,1.0418609599034891
3,10.0,21,1.067048164074094
3,10.0,22,1.0910716653163581
3,10.0,23,1.1153066750294347
3,10.0,24,1.1546879398627514
3,10.0,25,1.1685196636716375
3,10.0,26,1.1740058009013963
3,10.0,27,1.1595596056488964
3,10.0,28,1.166219000664924
3,10.0,29,1.1691189215020124
3,10.0,30,1.2597299457526723
3,10.0,31,1.2538579066007438
3,10.0,32,1.2631566315652383
3,10.0,33,1.2477707085496588
3,10.0,34,1.2746129779134996
3,10.0,35,1.314255530708459
3,10.0,36,1.2731552245777737
3,10.0,37,1.2522116544708752
3,10.0,38,1.330794983816272
3,10.0,39,1.3359781421399095
3,10.0,40,1.4032086169322255
3,10.0,41,1.4180457433089406
3,10.0,42,1.4694632726411605
3,10.0,43,1.4781305469276043
3,10.0,44,1.4071749697922111
3,10.0,45,1.3872981461088745
3,10.0,46,1.42038286534726
3,10.0,47,1.4378929554247233
3,10.0,48,1.3859342841234241
3,10.0,49,1.3795534520272739
3,10.0,50,1.4165823177241863
3,10.0,51,1.4549170041187236
3,10.0,52,1.5262033643319508
3,10.0,53,1.5894224476679353
3,10.0,54,1.6298240408152334
3,10.0,55,1.5766694999695614
3,10.0,56,1.5196457394866196
3,10.0,57,1.5922605292721819
3,10.0,58,1.5859381642584458
3,10.0,59,1.6034578368077341
3,10.0,60,1.636489079047477
3,10.0,61,1.60598574712934
3,10.0,62,1.6553143970977233
3,10.0,63,1.653676542890115
3,10.0,64,1.690123587059262
3,10.0,65,1.7671988161509138
3,10.0,66,1.8061051306061973
3,10.0,67,1.8440080568786896
3,10.0,68,1.8619560740603478
3,10.0,69,1.9264607271312009
3,10.0,70,1.9371045567651186
3,10.0,71,1.9012574519857999
3,10.0,72,2.0036164227360187
3,10.0,73,1.8657754159264095
3,10.0,74,1.940034795347025
3,10.0,75,1.924747228975755
3,10.0,76,1.8800982208645645
3,10.0,77,1.876251187788436
3,10.0,78,1.899885501401392
3,10.0,79,1.8812804030496022
3,10.0,80,1.863414174678733
3,10.0,81,1.874861412374371
3,10.0,82,1.9259789580872064
3,10.0,83,1.881983521838486
3,10.0,84,1.9159599528652163
3,10.0,85,1.956366263678049
3,10.0,86,2.0539650761843795
3,10.0,87,2.1054566473400786
3,10.0,88,2.1744769796497483
3,10.0,89,2.2592787830143255
3,10.0,90,2.251024680304871
3,10.0,91,2.23887972170471
3,10.0,92,2.288041244198739
3,10.0,93,2.433438077661556
3,10.0,94,2.385187083572055
3,10.0,95,2.352849148876721
3,10.0,96,2.2052011095764983
3,10.0,97,2.2504316555929997
3,10.0,98,2.1866383624742647
3,10.0,99,2.220135376413755
3,10.0,100,2.277320006094502
3,10.0,101,2.2965444759855504
3,10.0,102,2.2583882118020466
3,10.0,103,2.3077522124811227
3,10.0,104,2.349336908238393
3,10.0,105,2.3696402002901533
3,10.0,106,2.367354356471509
3,10.0,107,2.262234455516039
3,10.0,108,2.2140600529498737
3,10.0,109,2.245079348678307
3,10.0,110,2.1802162352123764
3,10.0,111,2.131043400199459
3,10.0,112,2.091646150576732
3,10.0,113,2.163241117218213
3,10.0,114,2.1130267304682797
3,10.0,115,2.164964171232257
3,10.0,116,2.1302391237336997
3,10.0,117,2.207863567852397
3,10.0,118,2.090111891458977
3,10.0,119,2.0903831484524047
3,10.0,120,2.0816663205992874
4,0.0,0,1.0
4,0.0,1,0.98325533520041
4,0.0,2,0.9758585808106376
4,0.0,3,0.9938911389922915
4,0.0,4,0.9336087988509822
4,0.0,5,0.9246308022646408
4,0.0,6,1.0191149882525372
4,0.0,7,0.934273261906852
4,0.0,8,0.8796363350379048
4,0.0,9,0.8758591793170478
4,0.0,10,0.9563666080530391
4,0.0,11,0.9672649193300615
4,0.0,12,1.0531775694911356
4,0.0,13,1.0975382090171588
4,0.0,14,1.1084619963607338
4,0.0,15,1.0710818696607096
4,0.0,16,0.9663301913847618
4,0.0,17,0.9106128477039003
4,0.0,18,0.900351587207208
4,0.0,19,0.8831313232783591
4,0.0,20,0.791636074934617
4,0.0,21,0.7378351447855762
4,0.0,22,0.7265645491701591
4,0.0,23,0.7255396512101805
4,0.0,24,0.7380159614541433
4,0.0,25,0.6986386409850988
4,0.0,26,0.6808485830340177
4,0.0,27,0.6807559273784666
4,0.0,28,0.7218982619363651
4,0.0,29,0.7182993843080242
4,0.0,30,0.65532180404196
4,0.0,31,0.6743525072338494
4,0.0,32,0.6653802977844375
4,0.0,33,0.6599608148800784
4,0.0,34,0.6464133732314827
4,0.0,35,0.5916890195460393
4,0.0,36,0.6401841303955027
4,0.0,37,0.6072303571717477
4,0.0,38,0.646066081392381
4,0.0,39,0.6448135716500526
4,0.0,40,0.6174950679075776
4,0.0,41,0.5999189762908779
4,0.0,42,0.6329892551221509
4,0.0,43,0.6408330125616034
4,0.0,44,0.6284905605512833
4,0.0,45,0.66849305509431
4,0.0,46,0.6894132391817702
4,0.0,47,0.6563813640662312
4,0.0,48,0.6257660179715568
4,0.0,49,0.6494781924272841
4,0.0,50,0.6975520919002091
4,0.0,51,0.6536039208512279
4,0.0,52,0.6523420235176416
4,0.0,53,0.6561581042910969
4,0.0,54,0.6244736379766647
4,0.0,55,0.5943210922268071
4,0.0,56,0.6001904045093294
4,0.0,57,0.5830991740456444
4,0.0,58,0.6223415024132031
4,0.0,59,0.5974665749097142
4,0.0,60,0.5846293452206333
4,0.0,61,0.6239393455207217
4,0.0,62,0.6239491436703036
4,0.0,63,0.5860216742557798
4,0.0,64,0.5741880098485842
4,0.0,65,0.5432870410738584
4,0.0,66,0.5651284220928717
4,0.0,67,0.551002155264348
4,0.0,68,0.5725142528889844
4,0.0,69,0.5342143042610941
4,0.0,70,0.5602425179057914
4,0.0,71,0.5432589293627238
4,0.0,72,0.537992613881859
4,0.0,73,0.5220164515050961
4,0.0,74,0.5305567654444943
4,0.0,75,0.5418676227987257
4,0.0,76,0.5369650696045241
4,0.0,77,0.4966271965529686
4,0.0,78,0.4611894170853374
4,0.0,79,0.4554745056930522
4,0.0,80,0.48960687746292836
4,0.0,81,0.49069588715939916
4,0.0,82,0.5090562008708657
4,0.0,83,0.5341954395067109
4,0.0,84,0.5603605616368915
4,0.0,85,0.5636852676402155
4,0.0,86,0.5177229748376067
4,0.0,87,0.48771363596232675
4,0.0,88,0.48187965747164363
4,0.0,89,0.47760641226427947
4,0.0,90,0.48634423973826757
4,0.0,91,0.40515735693905575
4,0.0,92,0.4143287173870113
4,0.0,93,0.4038435895296965
4,0.0,94,0.4300126377009173
4,0.0,95,0.4361510417003551
4,0.0,96,0.4198757786894162
4,0.0,97,0.38862335546978166
4,0.0,98,0.37483079296454824
4,0.0,99,0.37944665522403115
4,0.0,100,0.37200436290646594
4,0.0,101,0.37753263835962925
4,0.0,102,0.3815257448459073
4,0.0,103,0.3962308368801067
4,0.0,104,0.3855203006403885
4,0.0,105,0.3806801635126213
4,0.0,106,0.384812517689279
4,0.0,107,0.38655340885245204
4,0.0,108,0.3618153051869869
4,0.0,109,0.37431951905294913
4,0.0,110,0.40175718914626574
4,0.0,111,0.39031279429453913
4,0.0,112,0.3959678590401201
4,0.0,113,0.39692561622161243
4,0.0,114,0.42032574272945616
4,0.0,115,0.40657842367409797
4,0.0,116,0.38073169422523573
4,0.0,117,0.3856008242810255
4,0.0,118,0.3941213450288312
4,0.0,119,0.3857495333309897
4,0.0,120,0.3555595656530731
4,1.0,0,1.0
4,1.0,1,0.989488616932473
4,1.0,2,1.0252711179598584
4,1.0,3,1.0487269079304942
4,1.0,4,0.9945903118683982
4,1.0,5,0.9957566412016594
4,1.0,6,1.0539253273454108
4,1.0,7,0.9768430371853816
4,1.0,8,0.9387492073047281
4,1.0,9,0.9544790745636403
4,1.0,10,1.0200234112111954
4,1.0,11,1.03015266540515
4,1.0,12,1.1012246274607878
4,1.0,13,1.1314667523253092
4,1.0,14,1.1539360969807906
4,1.0,15,1.1153364696621224
4,1.0,16,1.0522502424117934
4,1.0,17,1.0296310460632994
4,1.0,18,1.0352315571427935
4,1.0,19,1.0278950882756206
4,1.0,20,0.9450217594849045
4,1.0,21,0.8727466572738615
4,1.0,22,0.867840714271646
4,1.0,23,0.8675865431899848
4,1.0,24,0.9049296741081716
4,1.0,25,0.8551541985676706
4,1.0,26,0.8466389404967017
4,1.0,27,0.845749931459945
4,1.0,28,0.8725614972343965
4,1.0,29,0.8718380846193514
4,1.0,30,0.8241830922112201
4,1.0,31,0.8453460114705944
4,1.0,32,0.8245574690362041
4,1.0,33,0.8140190765623238
4,1.0,34,0.7882818411957623
4,1.0,35,0.7372372783598695
4,1.0,36,0.7933970295604115
4,1.0,37,0.7587309804932456
4,1.0,38,0.846901069772269
4,1.0,39,0.8392229477340778
4,1.0,40,0.8267147754056481
4,1.0,41,0.803392946206453
4,1.0,42,0.8367108732684662
4,1.0,43,0.8543887499703472
4,1.0,44,0.8359363001924891
4,1.0,45,0.8911002602181932
4,1.0,46,0.9235843305097625
4,1.0,47,0.9082788514169792
4,1.0,48,0.8759597325173881
4,1.0,49,0.8986151409211339
4,1.0,50,0.9744772976343538
4,1.0,51,0.9100233040660293
4,1.0,52,0.8958791543485981
4,1.0,53,0.895009118783229
4,1.0,54,0.8736011604107833
4,1.0,55,0.841749639160773
4,1.0,56,0.8464828154769696
4,1.0,57,0.8375356595983322
4,1.0,58,0.8682000145096664
4,1.0,59,0.8294289115980988
4,1.0,60,0.8037340368927279
4,1.0,61,0.8655638714814385
4,1.0,62,0.8823419242804588
4,1.0,63,0.8731224424680769
4,1.0,64,0.8532663080220857
4,1.0,65,0.8364340902896235
4,1.0,66,0.8575394694199946
4,1.0,67,0.8404327114860991
4,1.0,68,0.8681530703463416
4,1.0,69,0.8124653230263056
4,1.0,70,0.8275403035553288
4,1.0,71,0.8213792363621244
4,1.0,72,0.8160245803341364
4,1.0,73,0.8441047887275923
4,1.0,74,0.8879120121194936
4,1.0,75,0.9173232387694638
4,1.0,76,0.9300262189188409
4,1.0,77,0.8658298409826202
4,1.0,78,0.8470687733407152
4,1.0,79,0.848892935524003
4,1.0,80,0.8758365916015997
4,1.0,81,0.8840905115607476
4,1.0,82,0.9176418865757036
4,1.0,83,0.9719759579460233
4,1.0,84,1.0181338065414174
4,1.0,85,1.0242989166344503
4,1.0,86,0.9342564705263507
4,1.0,87,0.8935351109442976
4,1.0,88,0.8499332255333858
4,1.0,89,0.844169963433073
4,1.0,90,0.8468958064439196
4,1.0,91,0.7511534147163733
4,1.0,92,0.7861057918753183
4,1.0,93,0.766892948032537
4,1.0,94,0.807905122889147
4,1.0,95,0.8182957846964792
4,1.0,96,0.8007317498177399
4,1.0,97,0.7638691161433789
4,1.0,98,0.7416177050023108
4,1.0,99,0.750337559563284
4,1.0,100,0.7495978324826117
4,1.0,101,0.7602441621950347
4,1.0,102,0.7575697579965355
4,1.0,103,0.7850198888770135
4,1.0,104,0.7761115897725939
4,1.0,105,0.757325502295424
4,1.0,106,0.7487155450304263
4,1.0,107,0.7543296686103724
4,1.0,108,0.7277098392336435
4,1.0,109,0.7521799272634874
4,1.0,110,0.8058857960523828
4,1.0,111,0.7959359231979519
4,1.0,112,0.8164709325050231
4,1.0,113,0.8218842064293369
4,1.0,114,0.8742806105484738
4,1.0,115,0.84329435010442
4,1.0,116,0.807576844096964
4,1.0,117,0.8287760224322285
4,1.0,118,0.8422465281099927
4,1.0,119,0.8281843153156311
4,1.0,120,0.7901585794477819
4,3.0,0,1.0
4,3.0,1,1.002082495321279
4,3.0,2,1.0393779681703397
4,3.0,3,1.0385679138108286
4,3.0,4,1.0043628897411552
4,3.0,5,1.0178731303504391
4,3.0,6,1.0542854303974085
4,3.0,7,1.0075664117707308
4,3.0,8,0.9586414403828993
4,3.0,9,0.9879650765356459
4,3.0,10,1.0394284023565146
4,3.0,11,1.051358440879203
4,3.0,12,1.0634939179301575
4,3.0,13,1.0897104050582882
4,3.0,14,1.1152976144931432
4,3.0,15,1.0586455420097376
4,3.0,16,1.013342264749822
4,3.0,17,0.9982240376490153
4,3.0,18,1.0090340403235212
4,3.0,19,1.0197985320979104
4,3.0,20,0.9549265815920112
4,3.0,21,0.9081856232856459
4,3.0,22,0.9066458190734881
4,3.0,23,0.8948595060430318
4,3.0,24,0.9218046882527269
4,3.0,25,0.8764836422819703
4,3.0,26,0.9012621236420152
4,3.0,27,0.8990258065267219
4,3.0,28,0.9170170820963583
4,3.0,29,0.8964915306733299
4,3.0,30,0.847207270791533
4,3.0,31,0.8725844822951123
4,3.0,32,0.8519552684995705
4,3.0,33,0.8453621450386384
4,3.0,34,0.8175128833562242
4,3.0,35,0.7843534460787079
4,3.0,36,0.8302380306496578
4,3.0,37,0.7923375655825926
4,3.0,38,0.8751393701708969
4,3.0,39,0.8604060228799743
4,3.0,40,0.8473681482759042
4,3.0,41,0.8370034416222514
4,3.0,42,0.85401611999196
4,3.0,43,0.8680142243219225
4,3.0,44,0.8556489875594747
4,3.0,45,0.9098426397868834
4,3.0,46,0.9428593444108437
4,3.0,47,0.9310056844567671
4,3.0,48,0.8985259534011596
4,3.0,49,0.9196167968873322
4,3.0,50,0.9972699206961163
4,3.0,51,1.0054358567211
4,3.0,52,0.9832419010205142
4,3.0,53,0.9702606928785195
4,3.0,54,0.9475351982622587
4,3.0,55,0.9085349728595399
4,3.0,56,0.9165949497718905
4,3.0,57,0.9098422668431507
4,3.0,58,0.9441086409412873
4,3.0,59,0.9032807838551347
4,3.0,60,0.8857655656265326
4,3.0,61,0.9546351969355216
4,3.0,62,0.9666487103588245
4,3.0,63,0.9327487018639954
4,3.0,64,0.8986562592565228
4,3.0,65,0.9065055974856131
4,3.0,66,0.8872898914723125
4,3.0,67,0.8733530838165386
4,3.0,68,0.8898234453418983
4,3.0,69,0.8652203469907547
4,3.0,70,0.8588507838719068
4,3.0,71,0.8512875108682785
4,3.0,72,0.8682603388157639
4,3.0,73,0.8895157841252256
4,3.0,74,0.9454116973942209
4,3.0,75,0.9911031150666105
4,3.0,76,1.009497071186164
4,3.0,77,0.9531568681187624
4,3.0,78,0.9430752132724125
4,3.0,79,0.9355676185147532
4,3.0,80,0.9362896141216427
4,3.0,81,0.9637856073815589
4,3.0,82,0.98658410106706
4,3.0,83,1.0216485939541144
4,3.0,84,1.076401434448028
4,3.0,85,1.070619426815033
4,3.0,86,0.9938298568214872
4,3.0,87,0.966705594039878
4,3.0,88,0.96942034001207
4,3.0,89,0.9883990661432397
4,3.0,90,0.9869974159810989
4,3.0,91,0.9119345625210329
4,3.0,92,0.9625166580749746
4,3.0,93,0.9367450059148386
4,3.0,94,0.9621393875192643
4,3.0,95,0.9623730543597918
4,3.0,96,0.9493047194795469
4,3.0,97,0.9178120331425758
4,3.0,98,0.896745234783137
4,3.0,99,0.8848829599535525
4,3.0,100,0.9121572275244981
4,3.0,101,0.9271280922281416
4,3.0,102,0.9163813549732285
4,3.0,103,0.9451002227465755
4,3.0,104,0.9454393105324459
4,3.0,105,0.9598525010950951
4,3.0,106,0.943824236538299
4,3.0,107,0.9483186215718281
4,3.0,108,0.936829096967577
4,3.0,109,0.9712832210177222
4,3.0,110,1.0059590741858786
4,3.0,111,1.0067857702247218
4,3.0,112,1.0280890231880262
4,3.0,113,1.037616414547267
4,3.0,114,1.1076181168525
4,3.0,115,1.0727520871180733
4,3.0,116,1.018127362334148
4,3.0,117,1.0285944933674438
4,3.0,118,1.0515553276961989
4,3.0,119,1.0298877301131522
4,3.0,120,1.0201489759980127
4,10.0,0,1.0
4,10.0,1,1.007078947995995
4,10.0,2,1.0332063978549137
4,10.0,3,1.0301004153059374
4,10.0,4,1.0104473837776728
4,10.0,5,1.01138441650822
4,10.0,6,1.0458015637461877
4,10.0,7,0.9956126606948622
4,10.0,8,0.930838923717399
4,10.0,9,0.9604726590636649
4,10.0,10,1.009329164579958
4,10.0,11,1.022304057272942
4,10.0,12,0.9963001585654756
4,10.0,13,1.0020692438044763
4,10.0,14,1.0182203895950561
4,10.0,15,0.9778611001246971
4,10.0,16,0.9403394016615848
4,10.0,17,0.9490551530681648
4,10.0,18,0.9582951195466674
4,10.0,19,0.9536694654776149
4,10.0,20,0.9003845047150765
4,10.0,21,0.858600674752093
4,10.0,22,0.8503202317661126
4,10.0,23,0.8515946624948554
4,10.0,24,0.8664888723122328
4,10.0,25,0.8337287687109408
4,10.0,26,0.843327941872244
4,10.0,27,0.8455334664329903
4,10.0,28,0.8716852776094468
4,10.0,29,0.8528613724654528
4,10.0,30,0.8097697338131117
4,10.0,31,0.8206298636606971
4,10.0,32,0.8032547237759478
4,10.0,33,0.8134083204189829
4,10.0,34,0.8126577600557687
4,10.0,35,0.7782391793007397
4,10.0,36,0.8080954485006673
4,10.0,37,0.7744737243370117
4,10.0,38,0.8378144801782628
4,10.0,39,0.8213102936666627
4,10.0,40,0.8022933262232984
4,10.0,41,0.79288939958346
4,10.0,42,0.8303769408517184
4,10.0,43,0.8263483716484792
4,10.0,44,0.8297400952362071
4,10.0,45,0.8719854747743608
4,10.0,46,0.9097760678830383
4,10.0,47,0.9238267768650091
4,10.0,48,0.8957273068829774
4,10.0,49,0.888519557593444
4,10.0,50,0.9589387185432631
4,10.0,51,0.9318848527454276
4,10.0,52,0.9230478761192386
4,10.0,53,0.9123469787170281
4,10.0,54,0.9080831716015125
4,10.0,55,0.8812938221522378
4,10.0,56,0.8831066936776804
4,10.0,57,0.8470362092194779
4,10.0,58,0.8686764863982565
4,10.0,59,0.8330620919513003
4,10.0,60,0.8259565938867829
4,10.0,61,0.8869045709292303
4,10.0,62,0.8938592731567118
4,10.0,63,0.9069351702356145
4,10.0,64,0.8969240479742979
4,10.0,65,0.8837259425931929
4,10.0,66,0.8809633153647471
4,10.0,67,0.8542375441507105
4,10.0,68,0.8803472605066995
4,10.0,69,0.8507823223980667
4,10.0,70,0.8309161727865336
4,10.0,71,0.8044546302484008
4,10.0,72,0.8120377589503018
4,10.0,73,0.8415797473530334
4,10.0,74,0.8695059541834635
4,10.0,75,0.922545666291836
4,10.0,76,0.9361181744799
4,10.0,77,0.9052066010822852
4,10.0,78,0.9025629470178719
4,10.0,79,0.8951432134155372
4,10.0,80,0.9069523265434114
4,10.0,81,0.9202859540128367
4,10.0,82,0.950361027365384
4,10.0,83,0.9775780830374234
4,10.0,84,1.0298173147358094
4,10.0,85,1.0270509448624932
4,10.0,86,0.9692033340612447
4,10.0,87,0.9431609219669271
4,10.0,88,0.9282761135541062
4,10.0,89,0.9380055711241686
4,10.0,90,0.9328150011368698
4,10.0,91,0.878951867912639
4,10.0,92,0.9316468358014705
4,10.0,93,0.9045629520564604
4,10.0,94,0.9307295736915819
4,10.0,95,0.9308342117037779
4,10.0,96,0.9237237016457518
4,10.0,97,0.8915113711762442
4,10.0,98,0.8852052037584485
4,10.0,99,0.875918470732006
4,10.0,100,0.9046514645710868
4,10.0,101,0.9155600779785046
4,10.0,102,0.8901653595249845
4,10.0,103,0.9179662609502622
4,10.0,104,0.9088362266133336
4,10.0,105,0.9196691306482127
4,10.0,106,0.9147847707283915
4,10.0,107,0.9257368496792571
4,10.0,108,0.9365444366537107
4,10.0,109,0.9742976326090502
4,10.0,110,0.9801241993100126
4,10.0,111,0.9795251926862453
4,10.0,112,1.0049428043803188
4,10.0,113,1.0123711060096263
4,10.0,114,1.0543254001545674
4,10.0,115,1.0321170965366515
4,10.0,116,0.972447010062749
4,10.0,117,0.9792445263242938
4,10.0,118,1.0049325077181832
4,10.0,119,0.9881963732930383
4,10.0,120,0.9850622365568888
5,0.0,0,1.0
5,0.0,1,0.9935936316321152
5,0.0,2,0.9979881762739561
5,0.0,3,1.040491281582352
5,0.0,4,1.0501487335980182
5,0.0,5,1.0716398318157883
5,0.0,6,1.070372449891915
5,0.0,7,1.119567744412023
5,0.0,8,1.165518297099231
5,0.0,9,1.110318101071258
5,0.0,10,1.144516352605415
5,0.0,11,1.1529672940586715
5,0.0,12,1.1074106513641353
5,0.0,13,1.0600924121307524
5,0.0,14,1.1263193656676382
5,0.0,15,1.0703950960182385
5,0.0,16,1.0382541742247844
5,0.0,17,1.0640855250677923
5,0.0,18,1.0802490995418008
5,0.0,19,1.1264863045438285
5,0.0,20,1.1295345758937516
5,0.0,21,1.087421331679313
5,0.0,22,1.0763054459147259
5,0.0,23,1.1179125382556157
5,0.0,24,1.1250264760642859
5,0.0,25,1.1495254594181512
5,0.0,26,1.1052289449467656
5,0.0,27,1.1017407233217502
5,0.0,28,1.0607389054884957
5,0.0,29,1.0107480398701147
5,0.0,30,1.0101654824292596
5,0.0,31,0.9997317503091516
5,0.0,32,1.0895905957715417
5,0.0,33,1.0868183162497644
5,0.0,34,1.0734764061030169
5,0.0,35,1.0545827970482229
5,0.0,36,1.060620978622202
5,0.0,37,1.0337266823339073
5,0.0,38,1.0209029429545735
5,0.0,39,0.9423341291371397
5,0.0,40,0.904075900141937
5,0.0,41,0.8337707870933281
5,0.0,42,0.8429665473973856
5,0.0,43,0.8235627248548911
5,0.0,44,0.8062524072427131
5,0.0,45,0.796087899012521
5,0.0,46,0.7901197022413173
5,0.0,47,0.7851386400637038
5,0.0,48,0.7936276949126686
5,0.0,49,0.7699029392442502
5,0.0,50,0.7726797682843405
5,0.0,51,0.7422219060973992
5,0.0,52,0.7293285714745941
5,0.0,53,0.711195536646719
5,0.0,54,0.7030295351955352
5,0.0,55,0.6753955419188432
5,0.0,56,0.6771059682931874
5,0.0,57,0.6627560430810099
5,0.0,58,0.6367671563247577
5,0.0,59,0.6446481224326064
5,0.0,60,0.6611472703052501
5,0.0,61,0.7121351729189336
5,0.0,62,0.6831867425242383
5,0.0,63,0.729584817908452
5,0.0,64,0.7214991825928366
5,0.0,65,0.7162012654024199
5,0.0,66,0.7155961990645295
5,0.0,67,0.7396073828893909
5,0.0,68,0.7257060261731297
5,0.0,69,0.7016346798086404
5,0.0,70,0.7195655495286519
5,0.0,71,0.762102177547008
5,0.0,72,0.7627157273970111
5,0.0,73,0.8326416491105363
5,0.0,74,0.81839592083087
5,0.0,75,0.7489157128955027
5,0.0,76,0.7291611685904659
5,0.0,77,0.7720948734861109
5,0.0,78,0.7619340704572507
5,0.0,79,0.757195846212004
5,0.0,80,0.7335610229214246
5,0.0,81,0.6769016167654157
5,0.0,82,0.6676919022296663
5,0.0,83,0.6774604983053155
5,0.0,84,0.619372056531633
5,0.0,85,0.6117218562008326
5,0.0,86,0.631403517020859
5,0.0,87,0.6194943005465748
5,0.0,88,0.6367430069296711
5,0.0,89,0.6051646808111502
5,0.0,90,0.6138708036080353
5,0.0,91,0.6102657708764884
5,0.0,92,0.5965470893953144
5,0.0,93,0.5874359031906925
5,0.0,94,0.5573094430318799
5,0.0,95,0.5659929212079389
5,0.0,96,0.5809399046337202
5,0.0,97,0.5669193216210058
5,0.0,98,0.6053632835760977
5,0.0,99,0.6241103586835738
5,0.0,100,0.6426703766940606
5,0.0,101,0.614913242527563
5,0.0,102,0.6308279197901824
5,0.0,103,0.5905947658768835
5,0.0,104,0.5767264114280319
5,0.0,105,0.5901636783976891
5,0.0,106,0.5872840662464125
5,0.0,107,0.5963654192941877
5,0.0,108,0.6606618770876566
5,0.0,109,0.6453721618697225
5,0.0,110,0.6578555216199158
5,0.0,111,0.6503371141461521
5,0.0,112,0.6530702610611082
5,0.0,113,0.6463988394467466
5,0.0,114,0.6502493981036329
5,0.0,115,0.6583013423253311
5,0.0,116,0.6205396986269979
5,0.0,117,0.5643262940601759
5,0.0,118,0.5556641283321918
5,0.0,119,0.587256124697416
5,0.0,120,0.5982952190263752
5,1.0,0,1.0
5,1.0,1,0.990011515776732
5,1.0,2,1.0178922039812794
5,1.0,3,1.053974597128159
5,1.0,4,1.0710067631066453
5,1.0,5,1.1309050104790141
5,1.0,6,1.1378642792962823
5,1.0,7,1.1792381380927492
5,1.0,8,1.1961500554923044
5,1.0,9,1.1737199462121368
5,1.0,10,1.2398335905784463
5,1.0,11,1.2603415058992384
5,1.0,12,1.2489250995313146
5,1.0,13,1.2047470772695723
5,1.0,14,1.263725035275408
5,1.0,15,1.2018868895860095
5,1.0,16,1.1996563304104628
5,1.0,17,1.230053877462971
5,1.0,18,1.2508455235353138
5,1.0,19,1.2465563225231853
5,1.0,20,1.2536533330411255
5,1.0,21,1.2520507975125135
5,1.0,22,1.2464654460863167
5,1.0,23,1.2904087653637306
5,1.0,24,1.284511262803832
5,1.0,25,1.3129804754939423
5,1.0,26,1.3011433640933272
5,1.0,27,1.2937662048523735
5,1.0,28,1.2884418899341774
5,1.0,29,1.2345203131058555
5,1.0,30,1.2590006532998308
5,1.0,31,1.240411700961965
5,1.0,32,1.337880159132915
5,1.0,33,1.334461654861621
5,1.0,34,1.313875918717608
5,1.0,35,1.296559938287176
5,1.0,36,1.3169726863728313
5,1.0,37,1.2998659065886438
5,1.0,38,1.3089981170789613
5,1.0,39,1.216566490546035
5,1.0,40,1.1877852958328612
5,1.0,41,1.2158060204582994
5,1.0,42,1.2470384522234306
5,1.0,43,1.2415139307479548
5,1.0,44,1.2464000735482272
5,1.0,45,1.222563075004129
5,1.0,46,1.2110104791580651
5,1.0,47,1.2048803957338534
5,1.0,48,1.2006625758932417
5,1.0,49,1.162600959274793
5,1.0,50,1.1836191864290193
5,1.0,51,1.1785295813718326
5,1.0,52,1.1479722685958391
5,1.0,53,1.124706535042558
5,1.0,54,1.163044138181845
5,1.0,55,1.1407952145885885
5,1.0,56,1.15509733482344
5,1.0,57,1.1323160784944868
5,1.0,58,1.0922584177109593
5,1.0,59,1.1014505592254107
5,1.0,60,1.1355853279239192
5,1.0,61,1.175895708189641
5,1.0,62,1.1544762270955713
5,1.0,63,1.2338435942949226
5,1.0,64,1.2051680174088581
5,1.0,65,1.1960399650780498
5,1.0,66,1.210413466967112
5,1.0,67,1.2438228180393522
5,1.0,68,1.2380543755085687
5,1.0,69,1.2002627531868926
5,1.0,70,1.2388832173626663
5,1.0,71,1.3094996495753526
5,1.0,72,1.2912237038674608
5,1.0,73,1.40344420412109
5,1.0,74,1.3783919250889558
5,1.0,75,1.324784673161871
5,1.0,76,1.3297158549670094
5,1.0,77,1.4101677580354084
5,1.0,78,1.434350179042584
5,1.0,79,1.4161063649507875
5,1.0,80,1.359104146027851
5,1.0,81,1.3004391922891771
5,1.0,82,1.2926292441264546
5,1.0,83,1.3288785269025456
5,1.0,84,1.259289918574802
5,1.0,85,1.2477267337421396
5,1.0,86,1.2851918184367677
5,1.0,87,1.2745354591230496
5,1.0,88,1.3168688793228416
5,1.0,89,1.2654628530696919
5,1.0,90,1.2812786152666775
5,1.0,91,1.286056667549997
5,1.0,92,1.2624387592610575
5,1.0,93,1.240141582725762
5,1.0,94,1.2149176713005763
5,1.0,95,1.2009662325495403
5,1.0,96,1.2267971076139141
5,1.0,97,1.2176892654893758
5,1.0,98,1.2500074630835185
5,1.0,99,1.2812469386377887
5,1.0,100,1.3222413304482628
5,1.0,101,1.2814065401329517
5,1.0,102,1.315867864229398
5,1.0,103,1.2679567833952219
5,1.0,104,1.2620842198697484
5,1.0,105,1.3186210850994717
5,1.0,106,1.3009850041619604
5,1.0,107,1.295084308402351
5,1.0,108,1.4371201199875863
5,1.0,109,1.4157291971704737
5,1.0,110,1.4473105457674684
5,1.0,111,1.4225385315791823
5,1.0,112,1.4425266924424074
5,1.0,113,1.4758402929257683
5,1.0,114,1.4929837472710363
5,1.0,115,1.5032009052173938
5,1.0,116,1.4288205487288985
5,1.0,117,1.3244201428624465
5,1.0,118,1.288521434294027
5,1.0,119,1.3303601226880084
5,1.0,120,1.331914761068479
5,3.0,0,1.0
5,3.0,1,0.9932885287431308
5,3.0,2,1.0170743024411657
5,3.0,3,1.0348968677063963
5,3.0,4,1.053366273378125
5,3.0,5,1.1021016830577435
5,3.0,6,1.110843995358908
5,3.0,7,1.1411242079768011
5,3.0,8,1.1341482066919162
5,3.0,9,1.12155667666772
5,3.0,10,1.1853243218753577
5,3.0,11,1.2028037070982267
5,3.0,12,1.2260655497557473
5,3.0,13,1.18462669905197
5,3.0,14,1.244993435493938
5,3.0,15,1.2391131681097736
5,3.0,16,1.23252343734699
5,3.0,17,1.2374208532150022
5,3.0,18,1.2583872971626227
5,3.0,19,1.2668285415735603
5,3.0,20,1.291785932120802
5,3.0,21,1.365133821523883
5,3.0,22,1.384424431409443
5,3.0,23,1.436749033931839
5,3.0,24,1.4318805126721106
5,3.0,25,1.4271456108788918
5,3.0,26,1.414351282159378
5,3.0,27,1.3922713414918622
5,3.0,28,1.3867253557898995
5,3.0,29,1.399216745772646
5,3.0,30,1.4358620249238405
5,3.0,31,1.4392964823153414
5,3.0,32,1.5569438773537476
5,3.0,33,1.5542164906804428
5,3.0,34,1.5662710940741296
5,3.0,35,1.562261149986985
5,3.0,36,1.5679161168720115
5,3.0,37,1.5546096899179536
5,3.0,38,1.640602925514594
5,3.0,39,1.5555891912595594
5,3.0,40,1.543482397138571
5,3.0,41,1.5959847191065077
5,3.0,42,1.6332609730216943
5,3.0,43,1.5990110363502739
5,3.0,44,1.601841451932916
5,3.0,45,1.5587207559952065
5,3.0,46,1.5102159240595403
5,3.0,47,1.5182551395411954
5,3.0,48,1.57897978197567
5,3.0,49,1.5417858451247752
5,3.0,50,1.5700800576014813
5,3.0,51,1.5504299741818965
5,3.0,52,1.5212050322372195
5,3.0,53,1.4850490739790636
5,3.0,54,1.633165785987816
5,3.0,55,1.6288602570681185
5,3.0,56,1.6631904433333649
5,3.0,57,1.6511676809474618
5,3.0,58,1.6333010930967735
5,3.0,59,1.632010670329566
5,3.0,60,1.7069281035595398
5,3.0,61,1.7159073371628781
5,3.0,62,1.6716782274457511
5,3.0,63,1.7426175591255775
5,3.0,64,1.7074420226274207
5,3.0,65,1.7562240957341777
5,3.0,66,1.8008695820440557
5,3.0,67,1.768522265084872
5,3.0,68,1.7629961267696896
5,3.0,69,1.687088481978494
5,3.0,70,1.6458868557767687
5,3.0,71,1.7322331743134973
5,3.0,72,1.7015964271681778
5,3.0,73,1.8432728940568062
5,3.0,74,1.809376896233891
5,3.0,75,1.7653824059981242
5,3.0,76,1.7905165674362857
5,3.0,77,1.8990679621955406
5,3.0,78,1.9409334308255217
5,3.0,79,1.8927649159362276
5,3.0,80,1.8106557973260784
5,3.0,81,1.7489745062734319
5,3.0,82,1.8855896413361921
5,3.0,83,1.981652283113294
5,3.0,84,1.978853848931579
5,3.0,85,1.888117159830968
5,3.0,86,1.8751333782902961
5,3.0,87,1.8047243852178212
5,3.0,88,1.830672448809201
5,3.0,89,1.7165685112631333
5,3.0,90,1.753741973381266
5,3.0,91,1.7300153009628372
5,3.0,92,1.6984313005067735
5,3.0,93,1.7032781394933318
5,3.0,94,1.6588539872318213
5,3.0,95,1.6380172054289066
5,3.0,96,1.6576976961900007
5,3.0,97,1.6713344085055717
5,3.0,98,1.6161370997053432
5,3.0,99,1.6050116310669584
5,3.0,100,1.578664395430554
5,3.0,101,1.4682380030207498
5,3.0,102,1.4947259407170586
5,3.0,103,1.4469376555068092
5,3.0,104,1.4806418589742676
5,3.0,105,1.5094184312108168
5,3.0,106,1.491139219227083
5,3.0,107,1.503533399581847
5,3.0,108,1.6312531391309313
5,3.0,109,1.6000550393381605
5,3.0,110,1.6438401502911866
5,3.0,111,1.5707029156586416
5,3.0,112,1.6124718339604829
5,3.0,113,1.6879176269968597
5,3.0,114,1.6950076131404779
5,3.0,115,1.7057651033206258
5,3.0,116,1.6179380287719736
5,3.0,117,1.5408164289672837
5,3.0,118,1.5051086385615835
5,3.0,119,1.5409863552007999
5,3.0,120,1.553953464685016
5,10.0,0,1.0
5,10.0,1,0.9755574597949555
5,10.0,2,0.994500535500564
5,10.0,3,1.0140314047431553
5,10.0,4,1.020685199411221
5,10.0,5,1.0665588707887796
5,10.0,6,1.060617827849944
5,10.0,7,1.0809728933072495
5,10.0,8,1.0760982225912405
5,10.0,9,1.0643490524135462
5,10.0,10,1.0855148765982634
5,10.0,11,1.0890627118353886
5,10.0,12,1.0966937374917218
5,10.0,13,1.0592593688565535
5,10.0,14,1.110558086432903
5,10.0,15,1.091543577273752
5,10.0,16,1.1044051123952676
5,10.0,17,1.1234422712568353
5,10.0,18,1.1289064095251213
5,10.0,19,1.1619523253121318
5,10.0,20,1.1951543578833723
5,10.0,21,1.2453273267971
5,10.0,22,1.2790995143972472
5,10.0,23,1.341828905900034
5,10.0,24,1.3215534020674933
5,10.0,25,1.2988375590643615
5,10.0,26,1.2853601370125465
5,10.0,27,1.3138682807687323
5,10.0,28,1.2931335566337414
5,10.0,29,1.2559570845589736
5,10.0,30,1.293990017355475
5,10.0,31,1.3074762420612154
5,10.0,32,1.3836041262082015
5,10.0,33,1.3794010237146073
5,10.0,34,1.387391421347784
5,10.0,35,1.3889162890360267
5,10.0,36,1.426354508792948
5,10.0,37,1.4135177100011158
5,10.0,38,1.5035374794376
5,10.0,39,1.4251923591905502
5,10.0,40,1.4274985383879142
5,10.0,41,1.415713399968843
5,10.0,42,1.4322297598179887
5,10.0,43,1.433474097394686
5,10.0,44,1.4306782994266065
5,10.0,45,1.4123786455521865
5,10.0,46,1.3897696816637377
5,10.0,47,1.366344627970514
5,10.0,48,1.3784486944025376
5,10.0,49,1.3728727204838957
5,10.0,50,1.3779270272853128
5,10.0,51,1.3331604833720423
5,10.0,52,1.3014301367731402
5,10.0,53,1.2633394472069666
5,10.0,54,1.337145328055602
5,10.0,55,1.3119449317190754
5,10.0,56,1.2960877162506896
5,10.0,57,1.2925748579025431
5,10.0,58,1.2810922243731593
5,10.0,59,1.2673822114951712
5,10.0,60,1.316688155922411
5,10.0,61,1.3534568291694604
5,10.0,62,1.3451148462257023
5,10.0,63,1.3815322641705605
5,10.0,64,1.3478820727412841
5,10.0,65,1.374404297190211
5,10.0,66,1.3901239906036529
5,10.0,67,1.3986516221227665
5,10.0,68,1.3906872823810343
5,10.0,69,1.3759212153398006
5,10.0,70,1.3685361728393795
5,10.0,71,1.3843014238211067
5,10.0,72,1.3422700062090174
5,10.0,73,1.370730548478509
5,10.0,74,1.4039428725928853
5,10.0,75,1.3457459284944076
5,10.0,76,1.310087224955931
5,10.0,77,1.3022366180068456
5,10.0,78,1.2827887223577967
5,10.0,79,1.3111571754868376
5,10.0,80,1.277723018020564
5,10.0,81,1.2853576674473226
5,10.0,82,1.3159200662871728
5,10.0,83,1.312542020085863
5,10.0,84,1.2879335044073337
5,10.0,85,1.2565842463387986
5,10.0,86,1.2812409381932193
5,10.0,87,1.2932593905331793
5,10.0,88,1.32839086494675
5,10.0,89,1.2742623882157997
5,10.0,90,1.3296760485353478
5,10.0,91,1.3394231182443488
5,10.0,92,1.2957802851409141
5,10.0,93,1.287770765197557
5,10.0,94,1.2642380500818542
5,10.0,95,1.2401485368696528
5,10.0,96,1.2175068064369943
5,10.0,97,1.245815577071565
5,10.0,98,1.301152712045371
5,10.0,99,1.3185847231155858
5,10.0,100,1.3391627545421043
5,10.0,101,1.30074977085672
5,10.0,102,1.3127228233616086
5,10.0,103,1.276226448361218
5,10.0,104,1.2848678559064253
5,10.0,105,1.295533493331539
5,10.0,106,1.3095953730497205
5,10.0,107,1.34723708991621
5,10.0,108,1.4377172457949061
5,10.0,109,1.4388523473129526
5,10.0,110,1.4556528162241995
5,10.0,111,1.4022756785427293
5,10.0,112,1.42565457364702
5,10.0,113,1.485098108393487
5,10.0,114,1.4954069944623
5,10.0,115,1.4974612171148491
5,10.0,116,1.4129049283158301
5,10.0,117,1.347332662705938
5,10.0,118,1.3368442833048166
5,10.0,119,1.3990542521798617
5,10.0,120,1.3815923896014346
6,0.0,0,1.0
6,0.0,1,1.0690787519766627
6,0.0,2,1.0711235540922663
6,0.0,3,1.15430341063657
6,0.0,4,1.2935430827808327
6,0.0,5,1.289280747713494
6,0.0,6,1.2849570267184274
6,0.0,7,1.2941890134664054
6,0.0,8,1.3438443188614309
6,0.0,9,1.3163765547077546
6,0.0,10,1.3637338839419206
6,0.0,11,1.3575217094270817
6,0.0,12,1.3218098224155308
6,0.0,13,1.326761098092527
6,0.0,14,1.3227174473590864
6,0.0,15,1.265241071815386
6,0.0,16,1.2188065352852495
6,0.0,17,1.2520127300774735
6,0.0,18,1.219160358455464
6,0.0,19,1.3431239413272553
6,0.0,20,1.3108090626307598
6,0.0,21,1.2708900149250288
6,0.0,22,1.3211495176176267
6,0.0,23,1.2313301990122223
6,0.0,24,1.1686184250305407
6,0.0,25,1.130274711185602
6,0.0,26,1.181532120947851
6,0.0,27,1.1862100105527265
6,0.0,28,1.2207577876333109
6,0.0,29,1.316303493615073
6,0.0,30,1.2926914672105585
6,0.0,31,1.3065751836421047
6,0.0,32,1.3294561618527643
6,0.0,33,1.351722426237151
6,0.0,34,1.2986372736664857
6,0.0,35,1.292890941863185
6,0.0,36,1.2674090620910696
6,0.0,37,1.1555575518080976
6,0.0,38,1.1721351741468835
6,0.0,39,1.2004096002449494
6,0.0,40,1.217768563460373
6,0.0,41,1.2142495411863392
6,0.0,42,1.1970326067571917
6,0.0,43,1.093286792200415
6,0.0,44,1.0661122147053526
6,0.0,45,0.9924972388482318
6,0.0,46,0.9091909811935582
6,0.0,47,0.9842115135711579
6,0.0,48,0.9961930610808619
6,0.0,49,1.0124938265794385
6,0.0,50,1.0048914680437153
6,0.0,51,1.0019567724709122
6,0.0,52,1.080700592284628
6,0.0,53,1.1429640245599852
6,0.0,54,1.172244980530314
6,0.0,55,1.215959314139086
6,0.0,56,1.2365541505988717
6,0.0,57,1.2239491688493338
6,0.0,58,1.2047941802268711
6,0.0,59,1.1930532495340291
6,0.0,60,1.1578975786568504
6,0.0,61,1.1927682701185596
6,0.0,62,1.2021678344990825
6,0.0,63,1.187185679192907
6,0.0,64,1.1897203616871281
6,0.0,65,1.1303782934080489
6,0.0,66,1.1587802119275725
6,0.0,67,1.1854053968241882
6,0.0,68,1.1635423388533044
6,0.0,69,1.1783853319857922
6,0.0,70,1.2550891907180717
6,0.0,71,1.2404693017698587
6,0.0,72,1.169458780664827
6,0.0,73,1.1235906269160447
6,0.0,74,1.1087262510465177
6,0.0,75,1.1033362498210142
6,0.0,76,1.1733927856753081
6,0.0,77,1.3238517690979312
6,0.0,78,1.3335519589749172
6,0.0,79,1.3136416167034357
6,0.0,80,1.2541970556692896
6,0.0,81,1.1981017546587027
6,0.0,82,1.232823613878111
6,0.0,83,1.2329658736682747
6,0.0,84,1.2265332712680201
6,0.0,85,1.1835055858305663
6,0.0,86,1.2352305861295843
6,0.0,87,1.2023282849017958
6,0.0,88,1.237511346370725
6,0.0,89,1.2251834648736644
6,0.0,90,1.2595145485610753
6,0.0,91,1.2557905930723638
6,0.0,92,1.2386330644311956
6,0.0,93,1.132915061757848
6,0.0,94,1.107842193585823
6,0.0,95,1.1469654227309989
6,0.0,96,1.207343349264513
6,0.0,97,1.138656662893963
6,0.0,98,1.1277647634231012
6,0.0,99,1.1550015952632549
6,0.0,100,1.1416671740996998
6,0.0,101,1.1551156297732352
6,0.0,102,1.123897793447764
6,0.0,103,1.1670969810426721
6,0.0,104,1.1157350293349435
6,0.0,105,1.1773205118435635
6,0.0,106,1.1148389171906912
6,0.0,107,1.1728400676079966
6,0.0,108,1.1870599362527456
6,0.0,109,1.2019608381667768
6,0.0,110,1.2070009309873788
6,0.0,111,1.2292823815273293
6,0.0,112,1.2294482806776132
6,0.0,113,1.22680882540505
6,0.0,114,1.2017348142233275
6,0.0,115,1.1602983632799362
6,0.0,116,1.1994202448102116
6,0.0,117,1.1932123848487108
6,0.0,118,1.1385456434402392
6,0.0,119,1.0255276054661244
6,0.0,120,1.0156555448410782
6,1.0,0,1.0
6,1.0,1,1.0476775875831943
6,1.0,2,1.0446753025165951
6,1.0,3,1.100327152158226
6,1.0,4,1.2005143948622388
6,1.0,5,1.2092691035054681
6,1.0,6,1.153402095362079
6,1.0,7,1.1742919477024758
6,1.0,8,1.2343425211621728
6,1.0,9,1.2254967967119188
6,1.0,10,1.2690882298206723
6,1.0,11,1.2484007434668392
6,1.0,12,1.2170052539873486
6,1.0,13,1.2149975803975461
6,1.0,14,1.206955934824701
6,1.0,15,1.1574633703293498
6,1.0,16,1.1032265442160993
6,1.0,17,1.1437789324675813
6,1.0,18,1.1847506287303682
6,1.0,19,1.2770736975476218
6,1.0,20,1.2606327564217292
6,1.0,21,1.2426805269448147
6,1.0,22,1.2939135838227362
6,1.0,23,1.306669605399427
6,1.0,24,1.2577566455990097
6,1.0,25,1.2146578712257978
6,1.0,26,1.250024105057376
6,1.0,27,1.2485361109045388
6,1.0,28,1.2837543968809064
6,1.0,29,1.3842536989153578
6,1.0,30,1.4202740396844957
6,1.0,31,1.438462634565857
6,1.0,32,1.4745959470864576
6,1.0,33,1.4909988196927744
6,1.0,34,1.431794198197248
6,1.0,35,1.3751046426382907
6,1.0,36,1.388572223140011
6,1.0,37,1.3790320185770875
6,1.0,38,1.4186678473652459
6,1.0,39,1.4094406011171863
6,1.0,40,1.4264696670186436
6,1.0,41,1.4210018345290032
6,1.0,42,1.4084535199082682
6,1.0,43,1.3107992228172836
6,1.0,44,1.2711255753073205
6,1.0,45,1.2820639794616644
6,1.0,46,1.2691103738043845
6,1.0,47,1.3666758996809156
6,1.0,48,1.3585893858409734
6,1.0,49,1.4057084117735679
6,1.0,50,1.391546073117274
6,1.0,51,1.3968266459619116
6,1.0,52,1.4822557476412388
6,1.0,53,1.5955821332322797
6,1.0,54,1.633064555490943
6,1.0,55,1.6957538712548617
6,1.0,56,1.730266852254126
6,1.0,57,1.733270997748895
6,1.0,58,1.712295763266702
6,1.0,59,1.6828292992676983
6,1.0,60,1.6660270489394562
6,1.0,61,1.7716047633478376
6,1.0,62,1.83124619578179
6,1.0,63,1.8105658645201161
6,1.0,64,1.8505688637380024
6,1.0,65,1.7930160641855128
6,1.0,66,1.8709753433493288
6,1.0,67,1.8990899341920564
6,1.0,68,1.8815996613006447
6,1.0,69,1.8985879576468228
6,1.0,70,2.010281622148566
6,1.0,71,2.02659057453813
6,1.0,72,1.9427599890797327
6,1.0,73,1.899235848187972
6,1.0,74,1.9480386504906713
6,1.0,75,2.018484295676355
6,1.0,76,2.1578127552204607
6,1.0,77,2.4390037448688737
6,1.0,78,2.4379923390726703
6,1.0,79,2.5767026951273877
6,1.0,80,2.385695232664744
6,1.0,81,2.279982552527341
6,1.0,82,2.385905001126266
6,1.0,83,2.4086773849903294
6,1.0,84,2.39611088638805
6,1.0,85,2.3206962117808274
6,1.0,86,2.4122254841313944
6,1.0,87,2.3919910338609682
6,1.0,88,2.4168937671812114
6,1.0,89,2.3885120556565678
6,1.0,90,2.4940747428848464
6,1.0,91,2.4889715353676727
6,1.0,92,2.394688053363777
6,1.0,93,2.3127131640478797
6,1.0,94,2.2781888399266608
6,1.0,95,2.3519654383501223
6,1.0,96,2.4423316891562665
6,1.0,97,2.3380713626868173
6,1.0,98,2.317903039996779
6,1.0,99,2.3271848292377406
6,1.0,100,2.287747378849173
6,1.0,101,2.3259637885538695
6,1.0,102,2.347344897239445
6,1.0,103,2.4381772347368957
6,1.0,104,2.3072594262208033
6,1.0,105,2.4237959629184354
6,1.0,106,2.3901048729438448
6,1.0,107,2.5206204446129634
6,1.0,108,2.5529868332621932
6,1.0,109,2.5714066996495304
6,1.0,110,2.6022479184572713
6,1.0,111,2.6806842401457414
6,1.0,112,2.6821548579609225
6,1.0,113,2.8164902486812586
6,1.0,114,2.845738050403293
6,1.0,115,2.765827174890974
6,1.0,116,2.8308243619195212
6,1.0,117,2.8676613459060025
6,1.0,118,2.7502907374607655
6,1.0,119,2.7845962623020637
6,1.0,120,2.8417624038566256
6,3.0,0,1.0
6,3.0,1,1.0412644559761688
6,3.0,2,1.035431894020664
6,3.0,3,1.0810914594452872
6,3.0,4,1.131408550353345
6,3.0,5,1.1376468422617283
6,3.0,6,1.1103096171390525
6,3.0,7,1.137741324603837
6,3.0,8,1.1897234985702685
6,3.0,9,1.1942033301034418
6,3.0,10,1.2516940295009165
6,3.0,11,1.277129672078413
6,3.0,12,1.26212893748449
6,3.0,13,1.2627900429091916
6,3.0,14,1.2708763557835154
6,3.0,15,1.2376933590555437
6,3.0,16,1.1347873531747008
6,3.0,17,1.1629581350655762
6,3.0,18,1.1529177666980492
6,3.0,19,1.2203942113334703
6,3.0,20,1.2100292772532288
6,3.0,21,1.226406061599074
6,3.0,22,1.265330587977
6,3.0,23,1.2674311309251898
6,3.0,24,1.238733129849603
6,3.0,25,1.214007528465499
6,3.0,26,1.1989825155546376
6,3.0,27,1.2348796060083695
6,3.0,28,1.2596034820612156
6,3.0,29,1.3142898985283962
6,3.0,30,1.3183185839102969
6,3.0,31,1.329281595850512
6,3.0,32,1.368075669742431
6,3.0,33,1.3960796064559802
6,3.0,34,1.3449033623724596
6,3.0,35,1.3398811935812092
6,3.0,36,1.3678443530225297
6,3.0,37,1.3689031750564038
6,3.0,38,1.4628048438184726
6,3.0,39,1.4761785690877132
6,3.0,40,1.4895683496232452
6,3.0,41,1.5026779877277892
6,3.0,42,1.485908255981668
6,3.0,43,1.4165208861601393
6,3.0,44,1.4121742520109324
6,3.0,45,1.4239146588439229
6,3.0,46,1.4974786472428891
6,3.0,47,1.6058031618431794
6,3.0,48,1.5811580743520806
6,3.0,49,1.6307408050087542
6,3.0,50,1.6340667318087823
6,3.0,51,1.6461921954929655
6,3.0,52,1.7660038775271798
6,3.0,53,1.8981344948837187
6,3.0,54,1.9524509824436518
6,3.0,55,2.0385180347765415
6,3.0,56,2.0842423301092188
6,3.0,57,2.1116127686208714
6,3.0,58,2.101613545692267
6,3.0,59,2.0545840040924763
6,3.0,60,2.076702596104125
6,3.0,61,2.1453741877917207
6,3.0,62,2.243953653861445
6,3.0,63,2.1657441296290774
6,3.0,64,2.269656311237635
6,3.0,65,2.2436113629722523
6,3.0,66,2.3043220136295224
6,3.0,67,2.3245325427191306
6,3.0,68,2.333235687353656
6,3.0,69,2.3281082485829696
6,3.0,70,2.4414237973374955
6,3.0,71,2.5363790098434116
6,3.0,72,2.442134743292676
6,3.0,73,2.395352549975502
6,3.0,74,2.4629368941413916
6,3.0,75,2.551701150004326
6,3.0,76,2.6966173831395555
6,3.0,77,3.031385086519
6,3.0,78,3.1947766823964496
6,3.0,79,3.261431422115495
6,3.0,80,3.0970842233564544
6,3.0,81,2.9701156884031517
6,3.0,82,3.1037134031256084
6,3.0,83,3.1350658623421643
6,3.0,84,3.1187096657741256
6,3.0,85,3.043788433374409
6,3.0,86,3.0799412202827186
6,3.0,87,3.0974270702811304
6,3.0,88,3.2079793688093035
6,3.0,89,3.145705625042694
6,3.0,90,3.3014364328374803
6,3.0,91,3.3933941495949087
6,3.0,92,3.2970130779059925
6,3.0,93,3.2045188517381207
6,3.0,94,3.1689533118950655
6,3.0,95,3.3162178688795487
6,3.0,96,3.4911035495787828
6,3.0,97,3.4698630011850824
6,3.0,98,3.4484265380975785
6,3.0,99,3.392901571255065
6,3.0,100,3.3457894599024267
6,3.0,101,3.439266700740089
6,3.0,102,3.492300644816521
6,3.0,103,3.5899158446720474
6,3.0,104,3.4474285040923824
6,3.0,105,3.635933707324491
6,3.0,106,3.5325752993387054
6,3.0,107,3.78217879880715
6,3.0,108,3.878062888729195
6,3.0,109,3.872293759502201
6,3.0,110,3.9527398488081573
6,3.0,111,4.063399487135641
6,3.0,112,4.092795355840615
6,3.0,113,4.255867561723212
6,3.0,114,4.358105738287949
6,3.0,115,4.391449715065603
6,3.0,116,4.494451096321497
6,3.0,117,4.644865339621053
6,3.0,118,4.505833938875676
6,3.0,119,4.319250845964205
6,3.0,120,4.4582706237351655
6,10.0,0,1.0
6,10.0,1,1.0354068434631138
6,10.0,2,1.0317781758480666
6,10.0,3,1.0780087825641247
6,10.0,4,1.119226746865788
6,10.0,5,1.106375611062014
6,10.0,6,1.0804998382955868
6,10.0,7,1.1002207016848986
6,10.0,8,1.125892214239501
6,10.0,9,1.136383251067951
6,10.0,10,1.1735210720970888
6,10.0,11,1.1894827986052792
6,10.0,12,1.171166830104476
6,10.0,13,1.1680690293067812
6,10.0,14,1.1664418858898555
6,10.0,15,1.134606763459873
6,10.0,16,1.0410596195397188
6,10.0,17,1.0571187536007738
6,10.0,18,1.030658075330291
6,10.0,19,1.0655123880884338
6,10.0,20,1.0469533673006806
6,10.0,21,1.0574486429077463
6,10.0,22,1.0732909974126499
6,10.0,23,1.0546492964279865
6,10.0,24,1.0650336273228505
6,10.0,25,1.057112329822888
6,10.0,26,1.061473856328172
6,10.0,27,1.0668758212553717
6,10.0,28,1.0602399889013092
6,10.0,29,1.0954180140196554
6,10.0,30,1.103611856043596
6,10.0,31,1.0950923189219606
6,10.0,32,1.0992622309007094
6,10.0,33,1.1638822308940626
6,10.0,34,1.1718893311414735
6,10.0,35,1.1552989877463358
6,10.0,36,1.1648568634619787
6,10.0,37,1.1699568066058308
6,10.0,38,1.2343225380256855
6,10.0,39,1.2143915913044177
6,10.0,40,1.1542672592177756
6,10.0,41,1.132718497795577
6,10.0,42,1.1423326913236767
6,10.0,43,1.147262612832945
6,10.0,44,1.1715139528723901
6,10.0,45,1.1700501283209102
6,10.0,46,1.1801137307541962
6,10.0,47,1.2589733976741395
6,10.0,48,1.2384171361315852
6,10.0,49,1.2475480816117512
6,10.0,50,1.2198818892485066
6,10.0,51,1.2373838676207516
6,10.0,52,1.3101711953125579
6,10.0,53,1.404487997985387
6,10.0,54,1.3806789179203496
6,10.0,55,1.454716058613236
6,10.0,56,1.5435022666278602
6,10.0,57,1.5879722505618612
6,10.0,58,1.5630066361350414
6,10.0,59,1.5896025121174246
6,10.0,60,1.5741967708552647
6,10.0,61,1.581845086307341
6,10.0,62,1.630231743156019
6,10.0,63,1.57901305335819
6,10.0,64,1.5997954409784523
6,10.0,65,1.6037979579073895
6,10.0,66,1.662396667535723
6,10.0,67,1.6692676362864514
6,10.0,68,1.7058644843145405
6,10.0,69,1.6858557108245495
6,10.0,70,1.7870836745119034
6,10.0,71,1.839757197747727
6,10.0,72,1.7975792328092464
6,10.0,73,1.7264357689755332
6,10.0,74,1.6364129372300074
6,10.0,75,1.6247448400017181
6,10.0,76,1.6568959495337572
6,10.0,77,1.7929836174994631
6,10.0,78,1.8254085549872174
6,10.0,79,1.8438885116954502
6,10.0,80,1.707822954177058
6,10.0,81,1.6677115360751615
6,10.0,82,1.7492739471065748
6,10.0,83,1.7058319621311022
6,10.0,84,1.7286574968502992
6,10.0,85,1.722515636681442
6,10.0,86,1.781056976930342
6,10.0,87,1.8197362227913796
6,10.0,88,1.847472314100034
6,10.0,89,1.8049072337644898
6,10.0,90,1.885329491257926
6,10.0,91,1.9049935029421166
6,10.0,92,1.8882608997263886
6,10.0,93,1.8586176039747682
6,10.0,94,1.8388717112056903
6,10.0,95,1.916513588574148
6,10.0,96,2.0214015426233813
6,10.0,97,2.0861707262846125
6,10.0,98,2.0755651418402192
6,10.0,99,2.0226756844648155
6,10.0,100,2.002879371038149
6,10.0,101,2.0034134988771086
6,10.0,102,2.02533439695469
6,10.0,103,2.065709900176129
6,10.0,104,2.0212704852909082
6,10.0,105,2.1308340291226537
6,10.0,106,2.0844847032877234
6,10.0,107,2.2365756018315808
6,10.0,108,2.294115038953786
6,10.0,109,2.2946049848074237
6,10.0,110,2.3850573588610313
6,10.0,111,2.4381957413839013
6,10.0,112,2.4514596435602045
6,10.0,113,2.530104101770704
6,10.0,114,2.543959437607922
6,10.0,115,2.579826279624633
6,10.0,116,2.637405848472199
6,10.0,117,2.739677466224483
6,10.0,118,2.72155709776792
6,10.0,119,2.5402386081506076
6,10.0,120,2.590117670761067
7,0.0,0,1.0
7,0.0,1,1.014524504054272
7,0.0,2,1.0174819764979572
7,0.0,3,1.0054079627194679
7,0.0,4,0.9105837421683494
7,0.0,5,0.8642388059068103
7,0.0,6,0.8624255338775214
7,0.0,7,0.9022696164601701
7,0.0,8,0.8652893134392049
7,0.0,9,0.8428029357031198
7,0.0,10,0.788176268714499
7,0.0,11,0.7730449179600555
7,0.0,12,0.7471548976848406
7,0.0,13,0.7396390461349954
7,0.0,14,0.7592981962012285
7,0.0,15,0.7747626979589646
7,0.0,16,0.7720746158589576
7,0.0,17,0.746227826266581
7,0.0,18,0.7581194005561944
7,0.0,19,0.7636079733334039
7,0.0,20,0.7391025102097284
7,0.0,21,0.7993353215597715
7,0.0,22,0.7701664302616216
7,0.0,23,0.7631503986661139
7,0.0,24,0.7818898715797871
7,0.0,25,0.7992518324319906
7,0.0,26,0.7647131212202837
7,0.0,27,0.7833971663619721
7,0.0,28,0.7769358576279326
7,0.0,29,0.7553901983738777
7,0.0,30,0.7827616008364191
7,0.0,31,0.7758374622933333
7,0.0,32,0.7604002595623051
7,0.0,33,0.7568387620986615
7,0.0,34,0.6854186980170139
7,0.0,35,0.6870762633154907
7,0.0,36,0.696098225367152
7,0.0,37,0.6878479947358296
7,0.0,38,0.6331923052387093
7,0.0,39,0.6231940461885784
7,0.0,40,0.6131497008296622
7,0.0,41,0.5825765971402445
7,0.0,42,0.5594899543241328
7,0.0,43,0.5230114265521013
7,0.0,44,0.5210933126822905
7,0.0,45,0.5082934717092821
7,0.0,46,0.4904191994309298
7,0.0,47,0.48395477350065247
7,0.0,48,0.46279209023310314
7,0.0,49,0.46670892994454843
7,0.0,50,0.4720597946254855
7,0.0,51,0.49630568598769037
7,0.0,52,0.49514663365499445
7,0.0,53,0.49035108178604275
7,0.0,54,0.48042637831065327
7,0.0,55,0.4813695790021072
7,0.0,56,0.48566416559582404
7,0.0,57,0.45669479235939836
7,0.0,58,0.45206825718576876
7,0.0,59,0.4589845079455749
7,0.0,60,0.46340033218368853
7,0.0,61,0.4766675320802768
7,0.0,62,0.4304809659447216
7,0.0,63,0.434760873715218
7,0.0,64,0.4196397404005936
7,0.0,65,0.41614102289814825
7,0.0,66,0.4237027033196103
7,0.0,67,0.4191124009163784
7,0.0,68,0.40899654646251926
7,0.0,69,0.41467027900799813
7,0.0,70,0.43568757407883624
7,0.0,71,0.43591925633974865
7,0.0,72,0.4455405669471217
7,0.0,73,0.46059574996750674
7,0.0,74,0.4922820157450723
7,0.0,75,0.48103157924579915
7,0.0,76,0.44776518970562573
7,0.0,77,0.4227512254553706
7,0.0,78,0.4262048431679045
7,0.0,79,0.4026543183329023
7,0.0,80,0.4047979554018701
7,0.0,81,0.4196884048723636
7,0.0,82,0.41721609758767975
7,0.0,83,0.42560430941955896
7,0.0,84,0.4057140115931293
7,0.0,85,0.40428018420492845
7,0.0,86,0.4006509365229283
7,0.0,87,0.43630313546747784
7,0.0,88,0.462383432149501
7,0.0,89,0.4197851425547164
7,0.0,90,0.4548158135688319
7,0.0,91,0.47467504372326874
7,0.0,92,0.4432932265599636
7,0.0,93,0.44409333586203287
7,0.0,94,0.44781671903635
7,0.0,95,0.43852832388442703
7,0.0,96,0.4544436873277615
7,0.0,97,0.469223804363121
7,0.0,98,0.5249143931941915
7,0.0,99,0.5032561073643352
7,0.0,100,0.48941218696757416
7,0.0,101,0.44085798765788764
7,0.0,102,0.40787400103744054
7,0.0,103,0.4265456755441618
7,0.0,104,0.4157595466156769
7,0.0,105,0.43709456061176044
7,0.0,106,0.44998701997970136
7,0.0,107,0.4539976697721206
7,0.0,108,0.4438549132759475
7,0.0,109,0.4974353843797035
7,0.0,110,0.46683239856608055
7,0.0,111,0.4745013720709657
7,0.0,112,0.4956471347431416
7,0.0,113,0.5083413258223513
7,0.0,114,0.5462721093375632
7,0.0,115,0.5309090386328744
7,0.0,116,0.5229172587900516
7,0.0,117,0.5085117466497527
7,0.0,118,0.5094756711289093
7,0.0,119,0.5146525504060531
7,0.0,120,0.5203054934271336
7,1.0,0,1.0
7,1.0,1,1.0049045712223525
7,1.0,2,1.0346827521376543
7,1.0,3,1.0327201313138998
7,1.0,4,0.9488839170780795
7,1.0,5,0.8906843176873593
7,1.0,6,0.9079781183026241
7,1.0,7,0.9444633637889932
7,1.0,8,0.8995013369642203
7,1.0,9,0.9027447363889285
7,1.0,10,0.8410469925365581
7,1.0,11,0.8016792017799994
7,1.0,12,0.7841269914803711
7,1.0,13,0.8024904572428968
7,1.0,14,0.8308001404795553
7,1.0,15,0.8468245042904882
7,1.0,16,0.844119620911996
7,1.0,17,0.8151129822919654
7,1.0,18,0.8404578477641912
7,1.0,19,0.8570624841224778
7,1.0,20,0.8476896468399696
7,1.0,21,0.9272538013761813
7,1.0,22,0.8915631631861074
7,1.0,23,0.8869542149097325
7,1.0,24,0.9010729760810947
7,1.0,25,0.9210197787284606
7,1.0,26,0.8977110996303482
7,1.0,27,0.9463181458705784
7,1.0,28,0.9440293032348301
7,1.0,29,0.9281413873438066
7,1.0,30,0.9788973702933406
7,1.0,31,0.9902953711652773
7,1.0,32,0.974255233667984
7,1.0,33,0.9789960566968877
7,1.0,34,0.8814373643629659
7,1.0,35,0.9031654332527832
7,1.0,36,0.9274806996195865
7,1.0,37,0.9398543426668906
7,1.0,38,0.8937312735883842
7,1.0,39,0.877726291654528
7,1.0,40,0.8495587459525771
7,1.0,41,0.8094228185088078
7,1.0,42,0.8072714330351707
7,1.0,43,0.7845302923275667
7,1.0,44,0.8050794264065306
7,1.0,45,0.7647172520927235
7,1.0,46,0.7367619625529722
7,1.0,47,0.7302696819837698
7,1.0,48,0.7394797561252231
7,1.0,49,0.7478202636980872
7,1.0,50,0.7442391370598546
7,1.0,51,0.7584509367152723
7,1.0,52,0.7686184228909567
7,1.0,53,0.7687395634395766
7,1.0,54,0.7589360292209695
7,1.0,55,0.7645157101950745
7,1.0,56,0.7699787224231571
7,1.0,57,0.7310479700398645
7,1.0,58,0.7273935283484556
7,1.0,59,0.7306655297242972
7,1.0,60,0.7530648682727074
7,1.0,61,0.7742356468291274
7,1.0,62,0.7273343678290991
7,1.0,63,0.7329709618148547
7,1.0,64,0.7154705917291407
7,1.0,65,0.7152678221326625
7,1.0,66,0.7273290583361686
7,1.0,67,0.7257007286702276
7,1.0,68,0.7080539837686143
7,1.0,69,0.71828160070585
7,1.0,70,0.7552228958512024
7,1.0,71,0.7614280763091198
7,1.0,72,0.7813973737156801
7,1.0,73,0.7982733194853187
7,1.0,74,0.8532821572902363
7,1.0,75,0.8526521305575071
7,1.0,76,0.8182664865950153
7,1.0,77,0.7778543285208083
7,1.0,78,0.7832257594596631
7,1.0,79,0.7818174910304098
7,1.0,80,0.7798442255709662
7,1.0,81,0.8148263878444596
7,1.0,82,0.8043830310022739
7,1.0,83,0.8255729503379937
7,1.0,84,0.8073189466040516
7,1.0,85,0.843936390647286
7,1.0,86,0.8596123892251782
7,1.0,87,0.9353148842334403
7,1.0,88,1.0174489182320454
7,1.0,89,0.9618672431937285
7,1.0,90,1.0469278373681967
7,1.0,91,1.0918584949379384
7,1.0,92,1.051806345814781
7,1.0,93,1.022948769951726
7,1.0,94,1.0645769719987106
7,1.0,95,1.0369545834233505
7,1.0,96,1.020594878228625
7,1.0,97,1.0550374602426202
7,1.0,98,1.1806561753127625
7,1.0,99,1.1381100013183878
7,1.0,100,1.1880123751304648
7,1.0,101,1.1361816263330116
7,1.0,102,1.1307879090125281
7,1.0,103,1.1848982155269083
7,1.0,104,1.1849731430076702
7,1.0,105,1.2368861303586833
7,1.0,106,1.2518960081182424
7,1.0,107,1.289124472317379
7,1.0,108,1.2482755773948744
7,1.0,109,1.4076862747841794
7,1.0,110,1.3573450639081965
7,1.0,111,1.397582279165096
7,1.0,112,1.4498838181318103
7,1.0,113,1.5180066524988296
7,1.0,114,1.611431658017353
7,1.0,115,1.5672696655805753
7,1.0,116,1.5899365697396917
7,1.0,117,1.5794137981776653
7,1.0,118,1.6001619424395501
7,1.0,119,1.6474609628927577
7,1.0,120,1.650526683584918
7,3.0,0,1.0
7,3.0,1,1.0050887222558125
7,3.0,2,1.0189409739962414
7,3.0,3,1.0333384195703756
7,3.0,4,0.971832504197112
7,3.0,5,0.926941460596126
7,3.0,6,0.9925587631024441
7,3.0,7,1.01329842408731
7,3.0,8,0.9776066811012634
7,3.0,9,0.9726828571521334
7,3.0,10,0.9371310558332668
7,3.0,11,0.9110222959387629
7,3.0,12,0.9164127423950658
7,3.0,13,0.9244864765520823
7,3.0,14,0.9685329185637547
7,3.0,15,1.0154134155669157
7,3.0,16,1.0431305754665603
7,3.0,17,1.005717358486122
7,3.0,18,1.0325226415010333
7,3.0,19,1.0486572998972097
7,3.0,20,1.0423181160533501
7,3.0,21,1.1310531109946078
7,3.0,22,1.0905256336012388
7,3.0,23,1.0912973680072267
7,3.0,24,1.1170853522823263
7,3.0,25,1.1789091403483263
7,3.0,26,1.1938554514073374
7,3.0,27,1.304146702115169
7,3.0,28,1.3174017969434872
7,3.0,29,1.29235645713032
7,3.0,30,1.3598586163729225
7,3.0,31,1.369957723266467
7,3.0,32,1.3546869292008301
7,3.0,33,1.3727883654031061
7,3.0,34,1.250835781944749
7,3.0,35,1.2846158678349868
7,3.0,36,1.32284164236865
7,3.0,37,1.388287367316083
7,3.0,38,1.359335249753221
7,3.0,39,1.3299862121136508
7,3.0,40,1.301301964902372
7,3.0,41,1.262281939909246
7,3.0,42,1.287679979740716
7,3.0,43,1.3187340927838773
7,3.0,44,1.3641916992463323
7,3.0,45,1.2713342233490128
7,3.0,46,1.246799182152023
7,3.0,47,1.2197761262359628
7,3.0,48,1.231980467105265
7,3.0,49,1.224078734962431
7,3.0,50,1.2422141743234976
7,3.0,51,1.2287822514780056
7,3.0,52,1.2819331037929074
7,3.0,53,1.3012098710622195
7,3.0,54,1.2815633891414786
7,3.0,55,1.2889995076581342
7,3.0,56,1.2888249069442579
7,3.0,57,1.277040173187446
7,3.0,58,1.3307097229318816
7,3.0,59,1.3306481487978559
7,3.0,60,1.3923693387839144
7,3.0,61,1.417433199058272
7,3.0,62,1.3311950516775002
7,3.0,63,1.3329535129756578
7,3.0,64,1.3037308505128857
7,3.0,65,1.3251854643614567
7,3.0,66,1.3087381228490942
7,3.0,67,1.3263671531632453
7,3.0,68,1.304773813340477
7,3.0,69,1.3276533824026402
7,3.0,70,1.37964959387282
7,3.0,71,1.4085857709199259
7,3.0,72,1.4581566520854021
7,3.0,73,1.5052546740306956
7,3.0,74,1.5754553340960185
7,3.0,75,1.5772988967872725
7,3.0,76,1.5153037760535408
7,3.0,77,1.448003592487039
7,3.0,78,1.47320957019871
7,3.0,79,1.4651070695285273
7,3.0,80,1.4852177600914387
7,3.0,81,1.5176911266110809
7,3.0,82,1.467583179384538
7,3.0,83,1.4717277737841967
7,3.0,84,1.475554501394008
7,3.0,85,1.5368850846118203
7,3.0,86,1.5557317408047133
7,3.0,87,1.6787025038591707
7,3.0,88,1.811465333397819
7,3.0,89,1.811350542230748
7,3.0,90,1.9595706683577667
7,3.0,91,1.9900067790754017
7,3.0,92,1.9660463542434494
7,3.0,93,1.980681321663235
7,3.0,94,2.1572903424074896
7,3.0,95,2.0892330556174725
7,3.0,96,2.097505385577463
7,3.0,97,2.2091713777406636
7,3.0,98,2.390245294861173
7,3.0,99,2.284222543199162
7,3.0,100,2.375566272808084
7,3.0,101,2.3430269234829098
7,3.0,102,2.29708679837226
7,3.0,103,2.4035004559675572
7,3.0,104,2.427606124091807
7,3.0,105,2.554174369283355
7,3.0,106,2.525273674320593
7,3.0,107,2.53885923577307
7,3.0,108,2.5313423517817477
7,3.0,109,2.8813090594687965
7,3.0,110,2.74517176862346
7,3.0,111,2.8866030526074686
7,3.0,112,3.0978564557576456
7,3.0,113,3.2489433029798414
7,3.0,114,3.3984994942096103
7,3.0,115,3.349602216541246
7,3.0,116,3.4588792134570623
7,3.0,117,3.441902331133557
7,3.0,118,3.59774374278529
7,3.0,119,3.6756814928136357
7,3.0,120,3.6360766613756534
7,10.0,0,1.0
7,10.0,1,1.0068697494989223
7,10.0,2,1.0099152846560893
7,10.0,3,1.0313186598944601
7,10.0,4,0.99345367792257
7,10.0,5,0.9622189259621016
7,10.0,6,1.0299624101667935
7,10.0,7,1.047052471436155
7,10.0,8,1.0063227005827422
7,10.0,9,1.0022391242787767
7,10.0,10,0.979707075247736
7,10.0,11,0.9444562761037689
7,10.0,12,0.9531201626657764
7,10.0,13,0.9502508710114798
7,10.0,14,0.9755689198243357
7,10.0,15,1.0387899554322848
7,10.0,16,1.0754420719297222
7,10.0,17,1.0209649699926047
7,10.0,18,1.0342125373608226
7,10.0,19,1.054834005199608
7,10.0,20,1.0434260841341059
7,10.0,21,1.0762483764317126
7,10.0,22,1.0567388655140266
7,10.0,23,1.0571564862116056
7,10.0,24,1.0608626941447055
7,10.0,25,1.0783236623049148
7,10.0,26,1.0573277688977818
7,10.0,27,1.139620733757437
7,10.0,28,1.173203841118623
7,10.0,29,1.1331220948808476
7,10.0,30,1.1612534276719506
7,10.0,31,1.1471643691456945
7,10.0,32,1.1533784571643542
7,10.0,33,1.1944749060458515
7,10.0,34,1.108436285883819
7,10.0,35,1.1201731512209394
7,10.0,36,1.1719198575953114
7,10.0,37,1.1920069250148693
7,10.0,38,1.164348967942675
7,10.0,39,1.1493416072180678
7,10.0,40,1.1022431028021644
7,10.0,41,1.0834950604698323
7,10.0,42,1.1174274962066832
7,10.0,43,1.1296434663264197
7,10.0,44,1.1743050776601085
7,10.0,45,1.1034285916374234
7,10.0,46,1.0694554344886058
7,10.0,47,1.0579968348980726
7,10.0,48,1.073552429095724
7,10.0,49,1.0918440285298803
7,10.0,50,1.0953939099718673
7,10.0,51,1.1014291402309673
7,10.0,52,1.1440908476321068
7,10.0,53,1.1634469073036704
7,10.0,54,1.1636869240199477
7,10.0,55,1.1738866283728773
7,10.0,56,1.1658695700881787
7,10.0,57,1.145210654038853
7,10.0,58,1.198947076156465
7,10.0,59,1.1892492003025619
7,10.0,60,1.2201644241003813
7,10.0,61,1.2509890855887595
7,10.0,62,1.2048484144977096
7,10.0,63,1.2030532586175888
7,10.0,64,1.1779877509884011
7,10.0,65,1.186923009707251
7,10.0,66,1.1631202097071007
7,10.0,67,1.167904464747999
7,10.0,68,1.1509920785411472
7,10.0,69,1.1670037942451859
7,10.0,70,1.2151006560797835
7,10.0,71,1.249015653125432
7,10.0,72,1.3024221428264873
7,10.0,73,1.3689895366208598
7,10.0,74,1.4477036842118516
7,10.0,75,1.4593115427420242
7,10.0,76,1.4083164338186782
7,10.0,77,1.37310671172192
7,10.0,78,1.4033731537178986
7,10.0,79,1.3621389083759134
7,10.0,80,1.3587183524747526
7,10.0,81,1.3925572348730086
7,10.0,82,1.3815951382771299
7,10.0,83,1.4055659883171459
7,10.0,84,1.400363033214613
7,10.0,85,1.5091369022175574
7,10.0,86,1.4756139641397694
7,10.0,87,1.5591767222788508
7,10.0,88,1.607838226977607
7,10.0,89,1.6228157414447182
7,10.0,90,1.7086662892657318
7,10.0,91,1.7785253086434891
7,10.0,92,1.7831742332040459
7,10.0,93,1.7949441931600083
7,10.0,94,1.9188998060069509
7,10.0,95,1.8892878098934258
7,10.0,96,1.9309890222147508
7,10.0,97,2.0224085405967904
7,10.0,98,2.2183732109269725
7,10.0,99,2.125667745471973
7,10.0,100,2.24298025481362
7,10.0,101,2.2478150292259436
7,10.0,102,2.1663260676428355
7,10.0,103,2.2387133261924532
7,10.0,104,2.2409198886236443
7,10.0,105,2.3378301141437663
7,10.0,106,2.4526706345716627
7,10.0,107,2.504926487503414
7,10.0,108,2.4587899372471695
7,10.0,109,2.7368954593729735
7,10.0,110,2.6297001479050124
7,10.0,111,2.7397471727529448
7,10.0,112,2.9761930966691126
7,10.0,113,3.09724356145432
7,10.0,114,3.2110317693024104
7,10.0,115,3.1620440839407222
7,10.0,116,3.230365295021972
7,10.0,117,3.350564008590721
7,10.0,118,3.4174985075832556
7,10.0,119,3.5943962060885664
7,10.0,120,3.5016743330991207
8,0.0,0,1.0
8,0.0,1,0.956159374276033
8,0.0,2,0.9390448309201018
8,0.0,3,0.9638392691669395
8,0.0,4,0.9166775814646585
8,0.0,5,0.9547799834492454
8,0.0,6,0.9185388467638314
8,0.0,7,0.888902601894984
8,0.0,8,0.8559863120979326
8,0.0,9,0.8703928710863245
8,0.0,10,0.8448409312552485
8,0.0,11,0.9022583431909428
8,0.0,12,0.8988683990353907
8,0.0,13,0.8993020048753216
8,0.0,14,0.9111506676607142
8,0.0,15,0.941870177081791
8,0.0,16,0.9325397594989082
8,0.0,17,0.9099083112091341
8,0.0,18,0.9592522037765225
8,0.0,19,0.8536617012843464
8,0.0,20,0.8045762902470722
8,0.0,21,0.8093661684229976
8,0.0,22,0.8408977813356394
8,0.0,23,0.7964593083183436
8,0.0,24,0.7197970197897362
8,0.0,25,0.8148665271297507
8,0.0,26,0.7771131045906311
8,0.0,27,0.7641808015109735
8,0.0,28,0.8008356864101872
8,0.0,29,0.7887605965078746
8,0.0,30,0.7468439176365423
8,0.0,31,0.6909595914286737
8,0.0,32,0.7314693192293401
8,0.0,33,0.7269768315622644
8,0.0,34,0.6857276176882368
8,0.0,35,0.6826706797965898
8,0.0,36,0.7167444260644811
8,0.0,37,0.7477135492701767
8,0.0,38,0.7495319346658633
8,0.0,39,0.7182544907554
8,0.0,40,0.7228833883890267
8,0.0,41,0.6285090045727579
8,0.0,42,0.6748112429316354
8,0.0,43,0.6673769893332702
8,0.0,44,0.7205375437557554
8,0.0,45,0.7369898006845385
8,0.0,46,0.8256338756625252
8,0.0,47,0.8114954817884432
8,0.0,48,0.8352681460777777
8,0.0,49,0.8007026712132136
8,0.0,50,0.7822213252353132
8,0.0,51,0.7599563155504296
8,0.0,52,0.7522285390638889
8,0.0,53,0.7373140669651552
8,0.0,54,0.7735903239261404
8,0.0,55,0.780389555362295
8,0.0,56,0.7820088777743258
8,0.0,57,0.7757970470348471
8,0.0,58,0.7889403876907164
8,0.0,59,0.838978251138314
8,0.0,60,0.8488461174937232
8,0.0,61,0.8413173579971364
8,0.0,62,0.8424303652316308
8,0.0,63,0.8132787147498133
8,0.0,64,0.7654498981074958
8,0.0,65,0.7611298993031376
8,0.0,66,0.7856441482586629
8,0.0,67,0.8622489936651563
8,0.0,68,0.8861124477394725
8,0.0,69,0.8229337782540563
8,0.0,70,0.8402522759184397
8,0.0,71,0.8224475522035553
8,0.0,72,0.8140392359134546
8,0.0,73,0.8571125779708039
8,0.0,74,0.8031479878129594
8,0.0,75,0.78263703170928
8,0.0,76,0.7849629774013751
8,0.0,77,0.7757906372211784
8,0.0,78,0.8021999066027584
8,0.0,79,0.7805468332752111
8,0.0,80,0.8172414757108237
8,0.0,81,0.8148241877692991
8,0.0,82,0.8380880871843167
8,0.0,83,0.8808709415355571
8,0.0,84,0.8558672960183582
8,0.0,85,0.8711452498603226
8,0.0,86,0.9032005152939729
8,0.0,87,0.9293956255728658
8,0.0,88,0.9123424277416514
8,0.0,89,0.9300241596866057
8,0.0,90,0.902824326665087
8,0.0,91,0.9185779512312563
8,0.0,92,0.93261306266288
8,0.0,93,0.9274598353476475
8,0.0,94,0.9022461351040801
8,0.0,95,0.9641032540183604
8,0.0,96,0.9665147074844743
8,0.0,97,0.9820566912379465
8,0.0,98,1.0385055109452972
8,0.0,99,1.0635908232486853
8,0.0,100,1.1689383195015037
8,0.0,101,1.2045136103398706
8,0.0,102,1.1722150004224037
8,0.0,103,1.1461196552834476
8,0.0,104,1.2428079605335522
8,0.0,105,1.2396021866226319
8,0.0,106,1.2330406519883221
8,0.0,107,1.326201657215629
8,0.0,108,1.3167851593954312
8,0.0,109,1.3619718805631456
8,0.0,110,1.2937741716071762
8,0.0,111,1.3379128361769312
8,0.0,112,1.3634150064651245
8,0.0,113,1.1205318781992697
8,0.0,114,1.115347666886162
8,0.0,115,1.0603282957695952
8,0.0,116,1.0475012275869915
8,0.0,117,1.0067872215637252
8,0.0,118,0.9620840535544426
8,0.0,119,0.9271306674003648
8,0.0,120,0.9393198197090439
8,1.0,0,1.0
8,1.0,1,0.9949645848401895
8,1.0,2,1.0075745388937014
8,1.0,3,1.0219843346297137
8,1.0,4,0.9961728195819508
8,1.0,5,1.0247256362824213
8,1.0,6,1.0073717315478885
8,1.0,7,0.9731778321376647
8,1.0,8,0.9590921833826836
8,1.0,9,1.0094391822354385
8,1.0,10,0.9569127082064979
8,1.0,11,0.9979158333977889
8,1.0,12,0.9849289924555011
8,1.0,13,0.9774311495540793
8,1.0,14,0.9885464985258409
8,1.0,15,0.9981536003120938
8,1.0,16,1.0081592209703854
8,1.0,17,1.014052168797939
8,1.0,18,1.0681740435423601
8,1.0,19,1.0289547151509115
8,1.0,20,1.002381741146521
8,1.0,21,1.0286831347058956
8,1.0,22,1.0751492723562255
8,1.0,23,1.0645993684807808
8,1.0,24,0.941995485747269
8,1.0,25,0.9994167358814888
8,1.0,26,0.9862837356992984
8,1.0,27,0.9387712755246168
8,1.0,28,0.967123434879694
8,1.0,29,0.9315262872417888
8,1.0,30,0.8998744707408721
8,1.0,31,0.846232168971865
8,1.0,32,0.8817918641092186
8,1.0,33,0.8796803618680415
8,1.0,34,0.8294081216052676
8,1.0,35,0.8211668432893364
8,1.0,36,0.8379098299921817
8,1.0,37,0.8794769801200831
8,1.0,38,0.8798701461357915
8,1.0,39,0.8593714084106158
8,1.0,40,0.8786302474178305
8,1.0,41,0.823840048139009
8,1.0,42,0.8592358746653971
8,1.0,43,0.8542159414330411
8,1.0,44,0.9112258156143677
8,1.0,45,0.9364105393863044
8,1.0,46,1.028598887738322
8,1.0,47,1.0277004018398177
8,1.0,48,1.0484641902771281
8,1.0,49,1.040872877835542
8,1.0,50,1.0179995928739525
8,1.0,51,1.0195494734367485
8,1.0,52,1.005048556665846
8,1.0,53,0.9894972209776661
8,1.0,54,1.0389119154321635
8,1.0,55,1.043185447900256
8,1.0,56,1.0481182364121127
8,1.0,57,1.048886560491146
8,1.0,58,1.0688058943463405
8,1.0,59,1.1026861448088119
8,1.0,60,1.1039956208156276
8,1.0,61,1.1058763527564113
8,1.0,62,1.091233117569257
8,1.0,63,1.0779682260925056
8,1.0,64,1.0040695376957736
8,1.0,65,1.0370313426109865
8,1.0,66,1.0698235231052438
8,1.0,67,1.1491737352467781
8,1.0,68,1.187295678094354
8,1.0,69,1.1274342555673162
8,1.0,70,1.1537638398370058
8,1.0,71,1.1281616035242714
8,1.0,72,1.1216162984131246
8,1.0,73,1.1649040550234684
8,1.0,74,1.090020178681178
8,1.0,75,1.073178164742363
8,1.0,76,1.0868671666575032
8,1.0,77,1.0494596387166324
8,1.0,78,1.0694342723637014
8,1.0,79,1.042326339520144
8,1.0,80,1.0856426684100864
8,1.0,81,1.068877264058587
8,1.0,82,1.0997440311179458
8,1.0,83,1.109234994881505
8,1.0,84,1.0983461026210248
8,1.0,85,1.1458370368353803
8,1.0,86,1.2155957478001864
8,1.0,87,1.2673368355627939
8,1.0,88,1.2460563812683845
8,1.0,89,1.2621693579294562
8,1.0,90,1.2568587113335064
8,1.0,91,1.2737854718619235
8,1.0,92,1.2881581043940638
8,1.0,93,1.282825553708709
8,1.0,94,1.248099845087311
8,1.0,95,1.3160954664017868
8,1.0,96,1.3590459160737303
8,1.0,97,1.4046204681109031
8,1.0,98,1.479469107036569
8,1.0,99,1.5053048019446509
8,1.0,100,1.642621035182542
8,1.0,101,1.6984998505800757
8,1.0,102,1.6819771587346497
8,1.0,103,1.6729844133175213
8,1.0,104,1.8046169902294673
8,1.0,105,1.836804881153833
8,1.0,106,1.8423068837976622
8,1.0,107,1.9213999456710384
8,1.0,108,1.9352522070347258
8,1.0,109,2.0751146538902754
8,1.0,110,1.9827133313266248
8,1.0,111,1.9564241699633396
8,1.0,112,2.017547228700149
8,1.0,113,1.7168074388331012
8,1.0,114,1.6939417640335488
8,1.0,115,1.5675493908575184
8,1.0,116,1.562754160784076
8,1.0,117,1.5109838746505588
8,1.0,118,1.4769792730181002
8,1.0,119,1.4829377218164779
8,1.0,120,1.5331186889589192
8,3.0,0,1.0
8,3.0,1,1.0197783837822776
8,3.0,2,1.033312109510477
8,3.0,3,1.0524727332664516
8,3.0,4,1.0736623758046078
8,3.0,5,1.093779678588758
8,3.0,6,1.1059104244105744
8,3.0,7,1.0759343782417394
8,3.0,8,1.0665981525224402
8,3.0,9,1.1419957173939113
8,3.0,10,1.0946476123436004
8,3.0,11,1.120256448848566
8,3.0,12,1.1347031339721523
8,3.0,13,1.1549686836510527
8,3.0,14,1.1623535263561664
8,3.0,15,1.15784609043853
8,3.0,16,1.1621037038070712
8,3.0,17,1.1821508516386987
8,3.0,18,1.2431673197548714
8,3.0,19,1.2658573831658742
8,3.0,20,1.24901887104867
8,3.0,21,1.2762226833848824
8,3.0,22,1.3085859090415528
8,3.0,23,1.3294055255582329
8,3.0,24,1.227927342391529
8,3.0,25,1.2732148300143242
8,3.0,26,1.225620071934558
8,3.0,27,1.1854986461304973
8,3.0,28,1.1997506196523373
8,3.0,29,1.1581363501568689
8,3.0,30,1.1286924409133767
8,3.0,31,1.0904043411014142
8,3.0,32,1.1416324133868228
8,3.0,33,1.1597741234901937
8,3.0,34,1.1122775929907127
8,3.0,35,1.1244598641219725
8,3.0,36,1.1291839891429711
8,3.0,37,1.17102537838285
8,3.0,38,1.1541956798556363
8,3.0,39,1.1308080510192737
8,3.0,40,1.1625913562965937
8,3.0,41,1.1107485671743267
8,3.0,42,1.1165919049568154
8,3.0,43,1.0989288054758468
8,3.0,44,1.1539009256267703
8,3.0,45,1.1822737899221107
8,3.0,46,1.273827776501644
8,3.0,47,1.2685398788462452
8,3.0,48,1.2881982844063604
8,3.0,49,1.282855719467242
8,3.0,50,1.3263563081489222
8,3.0,51,1.334875678375035
8,3.0,52,1.3379506224698074
8,3.0,53,1.329086700217218
8,3.0,54,1.3893829313788013
8,3.0,55,1.3966864716498246
8,3.0,56,1.4235810569641227
8,3.0,57,1.4570898784544253
8,3.0,58,1.4440359903009479
8,3.0,59,1.4650037304688486
8,3.0,60,1.4415494106183884
8,3.0,61,1.4583105133049428
8,3.0,62,1.4139326886558412
8,3.0,63,1.4081234824251159
8,3.0,64,1.2942482927879713
8,3.0,65,1.336323272150984
8,3.0,66,1.3730854420401852
8,3.0,67,1.462304512562802
8,3.0,68,1.5132288928657232
8,3.0,69,1.46780089360351
8,3.0,70,1.5087803352314706
8,3.0,71,1.4541751397686145
8,3.0,72,1.4615367811172626
8,3.0,73,1.519422588590839
8,3.0,74,1.4343954581574796
8,3.0,75,1.3958919441213498
8,3.0,76,1.4296935041620114
8,3.0,77,1.3715570179228183
8,3.0,78,1.3882757028559038
8,3.0,79,1.3319381480773964
8,3.0,80,1.359349957053374
8,3.0,81,1.354753887938356
8,3.0,82,1.370162907859191
8,3.0,83,1.3822159092660182
8,3.0,84,1.381886933029493
8,3.0,85,1.452163897206538
8,3.0,86,1.57113617611645
8,3.0,87,1.564757248480105
8,3.0,88,1.5497139500541548
8,3.0,89,1.551713763839393
8,3.0,90,1.5322863675748335
8,3.0,91,1.5571155831502463
8,3.0,92,1.6067237134811687
8,3.0,93,1.5952009974867154
8,3.0,94,1.6061798766802007
8,3.0,95,1.6845617441120138
8,3.0,96,1.6910204592408058
8,3.0,97,1.7073108616041837
8,3.0,98,1.787374439149867
8,3.0,99,1.8048291303301178
8,3.0,100,1.9328102149075619
8,3.0,101,2.028612558270036
8,3.0,102,1.9799084101081539
8,3.0,103,2.0245147903801795
8,3.0,104,2.164782897067616
8,3.0,105,2.1869086764995234
8,3.0,106,2.19423213058993
8,3.0,107,2.290345364321313
8,3.0,108,2.2845317233382283
8,3.0,109,2.4645271993325477
8,3.0,110,2.38194226249607
8,3.0,111,2.23739342813406
8,3.0,112,2.313732636366564
8,3.0,113,2.0499401092769793
8,3.0,114,2.0469342199890113
8,3.0,115,1.94589723157182
8,3.0,116,1.984942252353192
8,3.0,117,1.9483152349196147
8,3.0,118,1.9918800596052566
8,3.0,119,1.936065507469621
8,3.0,120,1.9610738577326836
8,10.0,0,1.0
8,10.0,1,1.0179920197228745
8,10.0,2,1.0367151325954074
8,10.0,3,1.0497870068809498
8,10.0,4,1.0853716383077219
8,10.0,5,1.1133855934227286
8,10.0,6,1.1459050948492127
8,10.0,7,1.1314272399897063
8,10.0,8,1.1049070138301285
8,10.0,9,1.1679083099185275
8,10.0,10,1.1389006776541026
8,10.0,11,1.1583159688613143
8,10.0,12,1.1431874665270436
8,10.0,13,1.1240419528193728
8,10.0,14,1.1290235869991614
8,10.0,15,1.1280452922338189
8,10.0,16,1.148780881499272
8,10.0,17,1.1635858638638616
8,10.0,18,1.2043574734586586
8,10.0,19,1.2104922128801312
8,10.0,20,1.190658240784106
8,10.0,21,1.2162067355813233
8,10.0,22,1.2345785093986201
8,10.0,23,1.2453361207292106
8,10.0,24,1.1343538048439452
8,10.0,25,1.176898101913075
8,10.0,26,1.1598036857677045
8,10.0,27,1.1131814815472454
8,10.0,28,1.13291340343251
8,10.0,29,1.0975140323227337
8,10.0,30,1.0850343356613874
8,10.0,31,1.0612957306478914
8,10.0,32,1.1060738012273452
8,10.0,33,1.1107646396955364
8,10.0,34,1.0763406874474204
8,10.0,35,1.0728869410110364
8,10.0,36,1.0695405785048933
8,10.0,37,1.0996218327781175
8,10.0,38,1.0807870805861353
8,10.0,39,1.0452829281058338
8,10.0,40,1.0732932139109084
8,10.0,41,1.0560290796039542
8,10.0,42,1.074708620616902
8,10.0,43,1.0637831172507692
8,10.0,44,1.1049912933615946
8,10.0,45,1.1175928235448733
8,10.0,46,1.1540156675122921
8,10.0,47,1.1485038491684616
8,10.0,48,1.1744627279973843
8,10.0,49,1.1348170356478695
8,10.0,50,1.1483541936936805
8,10.0,51,1.1808597026288699
8,10.0,52,1.184196987497912
8,10.0,53,1.192430756779493
8,10.0,54,1.2256613754563352
8,10.0,55,1.2467639631686736
8,10.0,56,1.2557436601709135
8,10.0,57,1.2854224621470485
8,10.0,58,1.297665797369874
8,10.0,59,1.2904209903694575
8,10.0,60,1.3006260486847687
8,10.0,61,1.2765717507888041
8,10.0,62,1.2584271226906703
8,10.0,63,1.2584452129203763
8,10.0,64,1.201003188817825
8,10.0,65,1.2409069584755337
8,10.0,66,1.2481975527825513
8,10.0,67,1.3114065166728177
8,10.0,68,1.3458731727363908
8,10.0,69,1.310460689069798
8,10.0,70,1.3289054956277884
8,10.0,71,1.2969492724031448
8,10.0,72,1.306928875786995
8,10.0,73,1.3526642447648534
8,10.0,74,1.283156439663637
8,10.0,75,1.2646965019830803
8,10.0,76,1.2874865908533024
8,10.0,77,1.2590785746139175
8,10.0,78,1.2390819338542358
8,10.0,79,1.21265102112673
8,10.0,80,1.218069991896133
8,10.0,81,1.2346082036084776
8,10.0,82,1.2569303099593658
8,10.0,83,1.2550741479783059
8,10.0,84,1.2476391870608503
8,10.0,85,1.2861595949022384
8,10.0,86,1.3895871132034157
8,10.0,87,1.4035051377418193
8,10.0,88,1.4146942744919007
8,10.0,89,1.4397405122778177
8,10.0,90,1.4097083598294846
8,10.0,91,1.401186922235034
8,10.0,92,1.4482237156064741
8,10.0,93,1.4291539288941635
8,10.0,94,1.4458816995137014
8,10.0,95,1.5099263013912356
8,10.0,96,1.4496489174439637
8,10.0,97,1.4426752021580815
8,10.0,98,1.484482294666062
8,10.0,99,1.519455014702865
8,10.0,100,1.5652596609359188
8,10.0,101,1.6261937982057042
8,10.0,102,1.5911356139087331
8,10.0,103,1.6218656699188203
8,10.0,104,1.6845141878643075
8,10.0,105,1.688509836561933
8,10.0,106,1.6581235412314763
8,10.0,107,1.7432298607871273
8,10.0,108,1.6963744621090728
8,10.0,109,1.816599609141384
8,10.0,110,1.7500733343774968
8,10.0,111,1.7089585108712184
8,10.0,112,1.7119347641980893
8,10.0,113,1.5813542758073547
8,10.0,114,1.5959783107138699
8,10.0,115,1.5615064975479562
8,10.0,116,1.6166172475700198
8,10.0,117,1.6469286084148353
8,10.0,118,1.6626819692396113
8,10.0,119,1.6338409021703595
8,10.0,120,1.6607829049322786
9,0.0,0,1.0
9,0.0,1,1.0459424508583037
9,0.0,2,1.0376863972522783
9,0.0,3,1.0165654995510738
9,0.0,4,1.0666098157654438
9,0.0,5,1.1218050592188973
9,0.0,6,1.1742926184316163
9,0.0,7,1.1233580921835675
9,0.0,8,1.1155888368086737
9,0.0,9,1.1839873471279816
9,0.0,10,1.1417736821910816
9,0.0,11,1.1832762968984503
9,0.0,12,1.1582703409591322
9,0.0,13,1.1316682587074698
9,0.0,14,1.112819607456832
9,0.0,15,1.0149353268709995
9,0.0,16,1.0196775108110345
9,0.0,17,1.000897817250092
9,0.0,18,1.0594971854248534
9,0.0,19,1.016966692502187
9,0.0,20,0.9822489704619214
9,0.0,21,1.0081592489769617
9,0.0,22,0.9152537782527047
9,0.0,23,0.9601544034907596
9,0.0,24,0.9207351690664547
9,0.0,25,0.8501252236426381
9,0.0,26,0.832713027325046
9,0.0,27,0.763651267164481
9,0.0,28,0.8613095055445841
9,0.0,29,0.8305533472938287
9,0.0,30,0.8381349289683013
9,0.0,31,0.8091255901467949
9,0.0,32,0.8039242521517316
9,0.0,33,0.7889904084414675
9,0.0,34,0.7942435318125162
9,0.0,35,0.7814807947650197
9,0.0,36,0.7561683150462167
9,0.0,37,0.7251472973545269
9,0.0,38,0.7511044182043864
9,0.0,39,0.7490048000623799
9,0.0,40,0.7420235050255224
9,0.0,41,0.7132234485563902
9,0.0,42,0.756333011187359
9,0.0,43,0.79873365038497
9,0.0,44,0.8698305182869321
9,0.0,45,0.8532436604121644
9,0.0,46,0.8739583321622861
9,0.0,47,0.8624033363208595
9,0.0,48,0.8791958942112393
9,0.0,49,0.922123105444859
9,0.0,50,0.9640429873556087
9,0.0,51,0.9814250807576073
9,0.0,52,0.954024904164178
9,0.0,53,0.9605259009898967
9,0.0,54,0.9730100990604968
9,0.0,55,0.9803399325489922
9,0.0,56,0.9683233740973053
9,0.0,57,0.9610890913299343
9,0.0,58,0.9254330774058585
9,0.0,59,0.9298520204661542
9,0.0,60,0.9616668481015664
9,0.0,61,0.9195265677820643
9,0.0,62,0.8469929080316349
9,0.0,63,0.8434026509629046
9,0.0,64,0.8048711632578794
9,0.0,65,0.7853800890245245
9,0.0,66,0.773585277006808
9,0.0,67,0.7590924407093246
9,0.0,68,0.7061241157596304
9,0.0,69,0.7246950669399905
9,0.0,70,0.7342925995507683
9,0.0,71,0.7012390057573401
9,0.0,72,0.6930247915570635
9,0.0,73,0.7560582792471281
9,0.0,74,0.6318287657614811
9,0.0,75,0.6396016781621693
9,0.0,76,0.6575340409160979
9,0.0,77,0.637611910067438
9,0.0,78,0.640017275740345
9,0.0,79,0.6531501593070048
9,0.0,80,0.6357650338707777
9,0.0,81,0.64707734747629
9,0.0,82,0.6207745489238511
9,0.0,83,0.6427966720891455
9,0.0,84,0.6837547034335417
9,0.0,85,0.6966129373841878
9,0.0,86,0.677090862940445
9,0.0,87,0.6508947830436405
9,0.0,88,0.6400914860288665
9,0.0,89,0.6351494457825337
9,0.0,90,0.6319878292522292
9,0.0,91,0.6568962211805454
9,0.0,92,0.625331813522686
9,0.0,93,0.6083327731891901
9,0.0,94,0.6054763407321456
9,0.0,95,0.6210573691494039
9,0.0,96,0.6360906311030389
9,0.0,97,0.6554763952250914
9,0.0,98,0.6768927817877209
9,0.0,99,0.6745534558405072
9,0.0,100,0.6814911826470651
9,0.0,101,0.6719405474233788
9,0.0,102,0.6957750994605497
9,0.0,103,0.7296479888466328
9,0.0,104,0.6875461116238217
9,0.0,105,0.6934330454559521
9,0.0,106,0.7049653895239795
9,0.0,107,0.6989854465612855
9,0.0,108,0.6714163859896083
9,0.0,109,0.745692458943905
9,0.0,110,0.7513146712398215
9,0.0,111,0.7612517494852394
9,0.0,112,0.7067775234261608
9,0.0,113,0.7082962465004199
9,0.0,114,0.6721668128593229
9,0.0,115,0.6952863784078058
9,0.0,116,0.7286526682026297
9,0.0,117,0.7433588777322073
9,0.0,118,0.8395033268820953
9,0.0,119,0.8359917011274668
9,0.0,120,0.7946086630508314
9,1.0,0,1.0
9,1.0,1,1.026302835536616
9,1.0,2,1.0369223651100496
9,1.0,3,1.0184528839081362
9,1.0,4,1.055963202276601
9,1.0,5,1.1476625327258734
9,1.0,6,1.20545794227781
9,1.0,7,1.2499160309037094
9,1.0,8,1.2478559958589002
9,1.0,9,1.324347867342885
9,1.0,10,1.3180137689115836
9,1.0,11,1.3731155825517138
9,1.0,12,1.3327441384021264
9,1.0,13,1.3082326270515368
9,1.0,14,1.2938433801362974
9,1.0,15,1.2552025480155022
9,1.0,16,1.255727131945046
9,1.0,17,1.2591881637204416
9,1.0,18,1.334752008580094
9,1.0,19,1.2954180483288493
9,1.0,20,1.2748744162838588
9,1.0,21,1.2741477328670971
9,1.0,22,1.224448805658191
9,1.0,23,1.2496376206772088
9,1.0,24,1.2208499915061126
9,1.0,25,1.1744712714372463
9,1.0,26,1.177613216949331
9,1.0,27,1.0962459457806746
9,1.0,28,1.226485078378595
9,1.0,29,1.1919350487979403
9,1.0,30,1.1720879050373016
9,1.0,31,1.1456102510513033
9,1.0,32,1.1385313893284663
9,1.0,33,1.139202883458196
9,1.0,34,1.1644695749141196
9,1.0,35,1.1527669800562754
9,1.0,36,1.11790965288797
9,1.0,37,1.1326059190475313
9,1.0,38,1.196127741785772
9,1.0,39,1.209093462630062
9,1.0,40,1.1677082701659127
9,1.0,41,1.123389092127751
9,1.0,42,1.1541363091121826
9,1.0,43,1.2312507845049516
9,1.0,44,1.3214305358514087
9,1.0,45,1.2977223094657158
9,1.0,46,1.3005899872541153
9,1.0,47,1.2901852336526918
9,1.0,48,1.3219447756084015
9,1.0,49,1.370964625736331
9,1.0,50,1.4425673200142186
9,1.0,51,1.4720253810959834
9,1.0,52,1.4238034062854188
9,1.0,53,1.4315382250802733
9,1.0,54,1.4706970530390504
9,1.0,55,1.4529055622293383
9,1.0,56,1.4736165459506816
9,1.0,57,1.4670669368346154
9,1.0,58,1.4127588461288874
9,1.0,59,1.4044161596145115
9,1.0,60,1.4413421436730505
9,1.0,61,1.3929633080907209
9,1.0,62,1.3223796939598629
9,1.0,63,1.3328981510963076
9,1.0,64,1.2778316890886314
9,1.0,65,1.2283408746785154
9,1.0,66,1.2691755773256372
9,1.0,67,1.2746561431419863
9,1.0,68,1.1986825361345859
9,1.0,69,1.2270462517375245
9,1.0,70,1.2443489471126128
9,1.0,71,1.1878731739789001
9,1.0,72,1.220238533000887
9,1.0,73,1.27749103914348
9,1.0,74,1.1412399355854668
9,1.0,75,1.1658963055061635
9,1.0,76,1.2001332251529953
9,1.0,77,1.1946994776898714
9,1.0,78,1.1871333583868475
9,1.0,79,1.2106922365108206
9,1.0,80,1.1925452217498431
9,1.0,81,1.2035002784156739
9,1.0,82,1.1680761450038992
9,1.0,83,1.219857243502194
9,1.0,84,1.2266957299987131
9,1.0,85,1.2322213131148287
9,1.0,86,1.214374114161917
9,1.0,87,1.1519172235050341
9,1.0,88,1.135520594195052
9,1.0,89,1.1278624770685075
9,1.0,90,1.1086186373847255
9,1.0,91,1.1581978349881836
9,1.0,92,1.1097999341929954
9,1.0,93,1.0878094246143708
9,1.0,94,1.0827016048740996
9,1.0,95,1.0949107664137954
9,1.0,96,1.1266886611423643
9,1.0,97,1.1610260960234162
9,1.0,98,1.198960312820447
9,1.0,99,1.1948167334458946
9,1.0,100,1.2057304607153463
9,1.0,101,1.2632346158297953
9,1.0,102,1.259533742546525
9,1.0,103,1.3251317827901117
9,1.0,104,1.303530730368743
9,1.0,105,1.3141074920253546
9,1.0,106,1.3652668982241383
9,1.0,107,1.3580014213877458
9,1.0,108,1.343270399588759
9,1.0,109,1.4858610735047182
9,1.0,110,1.4639074113308035
9,1.0,111,1.4939468879934592
9,1.0,112,1.3892979703161619
9,1.0,113,1.4231808790427556
9,1.0,114,1.3815166033082273
9,1.0,115,1.400838034404782
9,1.0,116,1.4797292659280665
9,1.0,117,1.5267866153822045
9,1.0,118,1.7059844012964642
9,1.0,119,1.7511568190470808
9,1.0,120,1.66020883431593
9,3.0,0,1.0
9,3.0,1,1.0147212351656383
9,3.0,2,1.0266958192738564
9,3.0,3,1.0244631993040623
9,3.0,4,1.0419436057459117
9,3.0,5,1.1053186738970138
9,3.0,6,1.160561511359698
9,3.0,7,1.2114580921809013
9,3.0,8,1.1794672174560714
9,3.0,9,1.2371812542835796
9,3.0,10,1.2220942187305952
9,3.0,11,1.2916541755527033
9,3.0,12,1.2234719666427922
9,3.0,13,1.2296107176129736
9,3.0,14,1.2467869295513216
9,3.0,15,1.2146544721975971
9,3.0,16,1.1972743795140277
9,3.0,17,1.185800028770206
9,3.0,18,1.2415133271592422
9,3.0,19,1.2009362833622403
9,3.0,20,1.179818186022383
9,3.0,21,1.1765559314246588
9,3.0,22,1.1187206639024923
9,3.0,23,1.1295175123317314
9,3.0,24,1.097373618161269
9,3.0,25,1.0652134447340489
9,3.0,26,1.0741904782329068
9,3.0,27,1.0409328650758112
9,3.0,28,1.1109132388220422
9,3.0,29,1.0700677303800457
9,3.0,30,1.0821957478643542
9,3.0,31,1.0481393727311539
9,3.0,32,1.0453065340426944
9,3.0,33,1.079091481687577
9,3.0,34,1.1518353150047946
9,3.0,35,1.1494941173045594
9,3.0,36,1.1442653311755724
9,3.0,37,1.1639639839145097
9,3.0,38,1.238256743122543
9,3.0,39,1.2570978975848415
9,3.0,40,1.2133422186825373
9,3.0,41,1.1814016677873511
9,3.0,42,1.140049084789837
9,3.0,43,1.236402880673485
9,3.0,44,1.3546292021433517
9,3.0,45,1.2922044566215831
9,3.0,46,1.2783729993451738
9,3.0,47,1.2797980959007549
9,3.0,48,1.3110821243866535
9,3.0,49,1.3404427230324703
9,3.0,50,1.4106576849568684
9,3.0,51,1.4280252787076344
9,3.0,52,1.3582274882902599
9,3.0,53,1.3663877285012613
9,3.0,54,1.442471290470605
9,3.0,55,1.3941469765740662
9,3.0,56,1.3649636665055194
9,3.0,57,1.3399377628432894
9,3.0,58,1.2917356745035944
9,3.0,59,1.2478946707229084
9,3.0,60,1.2905248446418225
9,3.0,61,1.2414145351377128
9,3.0,62,1.235502739317777
9,3.0,63,1.2487997908045019
9,3.0,64,1.1787210365342289
9,3.0,65,1.166433984380248
9,3.0,66,1.1942652179390971
9,3.0,67,1.2078782560542694
9,3.0,68,1.1758944247676797
9,3.0,69,1.2073536599242813
9,3.0,70,1.2095821863926397
9,3.0,71,1.162887236241347
9,3.0,72,1.2023082344843643
9,3.0,73,1.2391141106625159
9,3.0,74,1.225235302651693
9,3.0,75,1.2540158625000843
9,3.0,76,1.2840250630436174
9,3.0,77,1.2853218962022015
9,3.0,78,1.2807744188557404
9,3.0,79,1.3004414772436224
9,3.0,80,1.3087796429236218
9,3.0,81,1.3328824173885456
9,3.0,82,1.3106080944083474
9,3.0,83,1.350508606961485
9,3.0,84,1.3502279285869485
9,3.0,85,1.3352007377247457
9,3.0,86,1.3346795856477554
9,3.0,87,1.2626753263328199
9,3.0,88,1.2357338090311698
9,3.0,89,1.2295752762583991
9,3.0,90,1.2116318543232811
9,3.0,91,1.2049168153484007
9,3.0,92,1.1728549300931088
9,3.0,93,1.1353317582235245
9,3.0,94,1.1224143274396883
9,3.0,95,1.1356676721057757
9,3.0,96,1.1663093955360013
9,3.0,97,1.200674589850903
9,3.0,98,1.2393803442524682
9,3.0,99,1.2348511702067058
9,3.0,100,1.2460977618841436
9,3.0,101,1.3139605597534258
9,3.0,102,1.2992779592436612
9,3.0,103,1.3701524588277676
9,3.0,104,1.3988787888262402
9,3.0,105,1.4493663308255504
9,3.0,106,1.5227553065301684
9,3.0,107,1.5368784016620127
9,3.0,108,1.5239313121991471
9,3.0,109,1.6568661861964769
9,3.0,110,1.6153843770926468
9,3.0,111,1.633084519991378
9,3.0,112,1.582129419803393
9,3.0,113,1.6105475615321767
9,3.0,114,1.5507153143305255
9,3.0,115,1.5561920514374872
9,3.0,116,1.6435455308650355
9,3.0,117,1.627004801060771
9,3.0,118,1.664857885080463
9,3.0,119,1.7020712044945732
9,3.0,120,1.6259949268618163
9,10.0,0,1.0
9,10.0,1,1.013210115183542
9,10.0,2,1.0281186860822187
9,10.0,3,1.0303543201657899
9,10.0,4,1.025667768481683
9,10.0,5,1.0887084157978268
9,10.0,6,1.144394186510103
9,10.0,7,1.1731583658110527
9,10.0,8,1.136149013068382
9,10.0,9,1.2086907970567777
9,10.0,10,1.1902209833155333
9,10.0,11,1.241742597824827
9,10.0,12,1.2338795373148927
9,10.0,13,1.2163623864573645
9,10.0,14,1.2469109241618366
9,10.0,15,1.2224025498350464
9,10.0,16,1.1703026353755606
9,10.0,17,1.1432666777685487
9,10.0,18,1.194936676236894
9,10.0,19,1.1409950361706627
9,10.0,20,1.1413783623192282
9,10.0,21,1.1507446661663392
9,10.0,22,1.0955591051439901
9,10.0,23,1.110297358487652
9,10.0,24,1.0945373401310936
9,10.0,25,1.0656993028646708
9,10.0,26,1.067944352337205
9,10.0,27,1.0264270671800089
9,10.0,28,1.055710925028548
9,10.0,29,1.0347489430794292
9,10.0,30,1.0628797474210803
9,10.0,31,1.0283711675830889
9,10.0,32,1.054595236750949
9,10.0,33,1.0537636396467895
9,10.0,34,1.078254643865051
9,10.0,35,1.0794814986680519
9,10.0,36,1.1026608855004552
9,10.0,37,1.0789521389007832
9,10.0,38,1.1496861828349954
9,10.0,39,1.1560169951204677
9,10.0,40,1.1651754508346206
9,10.0,41,1.1527457632869056
9,10.0,42,1.136257310171519
9,10.0,43,1.188334336006855
9,10.0,44,1.2201989650735467
9,10.0,45,1.1911124737277923
9,10.0,46,1.1919414087213094
9,10.0,47,1.1909315898243058
9,10.0,48,1.1874919878305739
9,10.0,49,1.223537771147461
9,10.0,50,1.265259354312602
9,10.0,51,1.309498946352776
9,10.0,52,1.2780694513655602
9,10.0,53,1.2784108221903714
9,10.0,54,1.2768073207087016
9,10.0,55,1.2423729429413934
9,10.0,56,1.2527760923877684
9,10.0,57,1.2214846445790781
9,10.0,58,1.1839708956939592
9,10.0,59,1.1820738867691445
9,10.0,60,1.1669748753652116
9,10.0,61,1.1549568485022448
9,10.0,62,1.1732760857142146
9,10.0,63,1.1864971022967254
9,10.0,64,1.1334731554466255
9,10.0,65,1.1088672318598558
9,10.0,66,1.1296246813053985
9,10.0,67,1.1550579783407875
9,10.0,68,1.1613321660520264
9,10.0,69,1.1988444272225487
9,10.0,70,1.191215746033344
9,10.0,71,1.1670840068407913
9,10.0,72,1.1643468680116071
9,10.0,73,1.2265280983687825
9,10.0,74,1.2173498660072204
9,10.0,75,1.2600012982424273
9,10.0,76,1.275073372232629
9,10.0,77,1.266778367698341
9,10.0,78,1.2376797150604375
9,10.0,79,1.2237264463254178
9,10.0,80,1.2195036134095003
9,10.0,81,1.223620223203755
9,10.0,82,1.2173214537738781
9,10.0,83,1.2469882289376921
9,10.0,84,1.2496477620151962
9,10.0,85,1.2169621569005056
9,10.0,86,1.2520268839088915
9,10.0,87,1.2132220374080918
9,10.0,88,1.207807929419565
9,10.0,89,1.2020140103768464
9,10.0,90,1.203600726470926
9,10.0,91,1.2030535511239295
9,10.0,92,1.180996573489188
9,10.0,93,1.1235473305488575
9,10.0,94,1.1203557710296521
9,10.0,95,1.1251494259577193
9,10.0,96,1.1197854148751316
9,10.0,97,1.134647961764763
9,10.0,98,1.1630240386421697
9,10.0,99,1.1426478699453224
9,10.0,100,1.1545972913395917
9,10.0,101,1.1570369029293393
9,10.0,102,1.1784264921084961
9,10.0,103,1.226386718888368
9,10.0,104,1.2424971280274675
9,10.0,105,1.2852613026464075
9,10.0,106,1.3330749853530048
9,10.0,107,1.3421997655610596
9,10.0,108,1.3297312776354566
9,10.0,109,1.438891798627412
9,10.0,110,1.418270486050862
9,10.0,111,1.4261330903586222
9,10.0,112,1.4364428252197796
9,10.0,113,1.425300104167776
9,10.0,114,1.3496931695848142
9,10.0,115,1.3615756100841425
9,10.0,116,1.423284858954409
9,10.0,117,1.427621529581571
9,10.0,118,1.4748802712742424
9,10.0,119,1.510413134162012
9,10.0,120,1.448828168389478
10,0.0,0,1.0
10,0.0,1,1.0153195575595222
10,0.0,2,1.0597217286065046
10,0.0,3,1.025289222140116
10,0.0,4,1.0222248106768548
10,0.0,5,1.0377691710650296
10,0.0,6,1.0563627463389191
10,0.0,7,1.0638110380541654
10,0.0,8,1.0245628369808497
10,0.0,9,1.006326327721964
10,0.0,10,0.9595924653134587
10,0.0,11,0.9141379318304782
10,0.0,12,1.0383957676419198
10,0.0,13,0.9428436270403385
10,0.0,14,0.9080698812951805
10,0.0,15,0.889875443456453
10,0.0,16,0.9374405018189462
10,0.0,17,0.8917439020682012
10,0.0,18,0.8793728916105281
10,0.0,19,0.904943309857444
10,0.0,20,0.9271422113692478
10,0.0,21,0.9531075648988153
10,0.0,22,0.9495109702587341
10,0.0,23,0.9764276612897085
10,0.0,24,0.9898768454724242
10,0.0,25,0.9477066873559522
10,0.0,26,0.9337009065031616
10,0.0,27,0.8742878664686796
10,0.0,28,0.8915374946730343
10,0.0,29,0.8906520636949758
10,0.0,30,0.9280662906921235
10,0.0,31,0.9416827673270807
10,0.0,32,0.8729677564667964
10,0.0,33,0.8355251388120121
10,0.0,34,0.8103724315872497
10,0.0,35,0.8365805655901511
10,0.0,36,0.8054780665351634
10,0.0,37,0.8114338143710111
10,0.0,38,0.7716844996182856
10,0.0,39,0.7593308419798138
10,0.0,40,0.7436944832352808
10,0.0,41,0.6921344985784756
10,0.0,42,0.7161504480661872
10,0.0,43,0.7199467317497349
10,0.0,44,0.7956853132771786
10,0.0,45,0.784538451023383
10,0.0,46,0.7784825896960634
10,0.0,47,0.7654523974717803
10,0.0,48,0.7784186449305304
10,0.0,49,0.7215475600606371
10,0.0,50,0.7457634088447757
10,0.0,51,0.7396295888441251
10,0.0,52,0.7199101262387081
10,0.0,53,0.7923853860283135
10,0.0,54,0.8020349361869342
10,0.0,55,0.8013598583176451
10,0.0,56,0.8350059786109361
10,0.0,57,0.8237008693829747
10,0.0,58,0.7931459782969897
10,0.0,59,0.8380876537497999
10,0.0,60,0.8706921985711709
10,0.0,61,0.8962504006471386
10,0.0,62,0.8563561504800988
10,0.0,63,0.8456317031747752
10,0.0,64,0.7917970256195389
10,0.0,65,0.7640592031955442
10,0.0,66,0.7969696635264515
10,0.0,67,0.7770674108611978
10,0.0,68,0.7365047949829706
10,0.0,69,0.6685233341214111
10,0.0,70,0.7054679695449978
10,0.0,71,0.6743624694374075
10,0.0,72,0.6386361712596048
10,0.0,73,0.6250294672137383
10,0.0,74,0.6274036169110683
10,0.0,75,0.6046311221373248
10,0.0,76,0.6179492617796214
10,0.0,77,0.5736876609454782
10,0.0,78,0.539698789120675
10,0.0,79,0.5423662447526867
10,0.0,80,0.5370928287879276
10,0.0,81,0.5158725284821936
10,0.0,82,0.5264158219564866
10,0.0,83,0.5183243210291675
10,0.0,84,0.5189167118557876
10,0.0,85,0.5019022652996062
10,0.0,86,0.48764788440964285
10,0.0,87,0.45784364303391845
10,0.0,88,0.44942314846652337
10,0.0,89,0.42574715314394745
10,0.0,90,0.43975020113635277
10,0.0,91,0.4537625089815342
10,0.0,92,0.4713987997411777
10,0.0,93,0.4828452478932107
10,0.0,94,0.4894634361163506
10,0.0,95,0.4646372195616624
10,0.0,96,0.45585902282525215
10,0.0,97,0.4663621274287997
10,0.0,98,0.4333382094124764
10,0.0,99,0.4240803744330008
10,0.0,100,0.446857725980146
10,0.0,101,0.4420681754256571
10,0.0,102,0.4408536060323099
10,0.0,103,0.4423778106415522
10,0.0,104,0.418289455255956
10,0.0,105,0.4019439620751569
10,0.0,106,0.4118020787587817
10,0.0,107,0.39215555990748563
10,0.0,108,0.4009579768965004
10,0.0,109,0.3967352518527237
10,0.0,110,0.37523274051865074
10,0.0,111,0.36557892898893357
10,0.0,112,0.3753294397846653
10,0.0,113,0.3709124104785894
10,0.0,114,0.3725648355957315
10,0.0,115,0.37091017121278125
10,0.0,116,0.3723701697210066
10,0.0,117,0.3644690764358018
10,0.0,118,0.3283302491984906
10,0.0,119,0.3255526726395825
10,0.0,120,0.31729782018238545
10,1.0,0,1.0
10,1.0,1,1.0167372350476056
10,1.0,2,1.0576243293619998
10,1.0,3,1.0339833358412684
10,1.0,4,1.0283091657994798
10,1.0,5,1.0453085055627522
10,1.0,6,1.077106680888047
10,1.0,7,1.1017878978824394
10,1.0,8,1.0762790987892543
10,1.0,9,1.0816983734198207
10,1.0,10,1.0388007390556036
10,1.0,11,1.0075817689131525
10,1.0,12,1.1038039232478551
10,1.0,13,1.0291828757676382
10,1.0,14,1.0001653710062726
10,1.0,15,0.9988129356362154
10,1.0,16,1.0471076069126426
10,1.0,17,1.0064573921553939
10,1.0,18,1.0262784309656345
10,1.0,19,1.0657214504357475
10,1.0,20,1.074224029815226
10,1.0,21,1.125346346727667
10,1.0,22,1.119549486298302
10,1.0,23,1.124856931043201
10,1.0,24,1.137824180219511
10,1.0,25,1.074642204358479
10,1.0,26,1.0504919653861489
10,1.0,27,1.0113054552382688
10,1.0,28,1.012525722149537
10,1.0,29,1.0137586990676866
10,1.0,30,1.0616910007969458
10,1.0,31,1.0844636369798892
10,1.0,32,1.0152387118393906
10,1.0,33,0.9668774573057979
10,1.0,34,1.0112639891081314
10,1.0,35,1.1139992305517221
10,1.0,36,1.0825055871684284
10,1.0,37,1.0845724960282135
10,1.0,38,1.005877898124951
10,1.0,39,1.0036041223741643
10,1.0,40,0.9822262693328825
10,1.0,41,0.9280861505259694
10,1.0,42,0.9630652455932808
10,1.0,43,1.0125613341629123
10,1.0,44,1.1138790587644947
10,1.0,45,1.0667691092465712
10,1.0,46,1.055019875531689
10,1.0,47,1.0809216606417555
10,1.0,48,1.061859092780301
10,1.0,49,1.0117276758990783
10,1.0,50,1.0310727513240043
10,1.0,51,1.0424836528554624
10,1.0,52,1.0235302627438043
10,1.0,53,1.1234665222758022
10,1.0,54,1.1278053874097078
10,1.0,55,1.156555013249454
10,1.0,56,1.212808882698156
10,1.0,57,1.1888584136446894
10,1.0,58,1.134960914067633
10,1.0,59,1.1800421234571654
10,1.0,60,1.2344493001981744
10,1.0,61,1.271695532136165
10,1.0,62,1.2491193475296807
10,1.0,63,1.2330305054617354
10,1.0,64,1.1999275456560703
10,1.0,65,1.1741209063481701
10,1.0,66,1.2089322176611987
10,1.0,67,1.181565223577826
10,1.0,68,1.1265955693839598
10,1.0,69,1.0526692660589276
10,1.0,70,1.102233803419167
10,1.0,71,1.056170197452734
10,1.0,72,1.0045416558743652
10,1.0,73,0.984760322551732
10,1.0,74,0.9844597173162952
10,1.0,75,0.9594363849636447
10,1.0,76,0.9903645502743984
10,1.0,77,0.9429396778096877
10,1.0,78,0.9245048994318935
10,1.0,79,0.9607783478540528
10,1.0,80,0.9481385535522758
10,1.0,81,0.945781665574402
10,1.0,82,0.9696344078151684
10,1.0,83,0.9498513100127746
10,1.0,84,0.9649436701776865
10,1.0,85,0.9273025303794787
10,1.0,86,0.9104590074285711
10,1.0,87,0.87507792303313
10,1.0,88,0.8696293109197227
10,1.0,89,0.8350734532707308
10,1.0,90,0.8473770116265655
10,1.0,91,0.8571538359482366
10,1.0,92,0.9060427017695492
10,1.0,93,0.919086806138097
10,1.0,94,0.9379506156596865
10,1.0,95,0.8813818127254165
10,1.0,96,0.8466066817327845
10,1.0,97,0.8509569629411813
10,1.0,98,0.8361414915799616
10,1.0,99,0.8283451906657379
10,1.0,100,0.8787713734943662
10,1.0,101,0.8800512924162942
10,1.0,102,0.874496390878338
10,1.0,103,0.8905135233832042
10,1.0,104,0.8586652447089661
10,1.0,105,0.8176862452728273
10,1.0,106,0.8389344778059592
10,1.0,107,0.8004326726149145
10,1.0,108,0.8233741896146506
10,1.0,109,0.8115551846734186
10,1.0,110,0.7724655625172646
10,1.0,111,0.7633140961823279
10,1.0,112,0.7846876984021431
10,1.0,113,0.7908384460198765
10,1.0,114,0.7980656314683854
10,1.0,115,0.80005577486176
10,1.0,116,0.8027503234955061
10,1.0,117,0.7891129477826087
10,1.0,118,0.7178023987734655
10,1.0,119,0.7340360291676628
10,1.0,120,0.7212810175629598
10,3.0,0,1.0
10,3.0,1,1.0119504477327277
10,3.0,2,1.0296268358725469
10,3.0,3,0.9992966133207535
10,3.0,4,0.9843029518949916
10,3.0,5,0.9843483658824357
10,3.0,6,1.0169045950662932
10,3.0,7,1.0381765949673358
10,3.0,8,1.015680083293559
10,3.0,9,1.0123969835181685
10,3.0,10,0.9916399483601605
10,3.0,11,0.9748976341640642
10,3.0,12,1.0395118117211537
10,3.0,13,1.0065662296249054
10,3.0,14,0.9907466065790929
10,3.0,15,0.9867263013041009
10,3.0,16,1.0222470960463172
10,3.0,17,0.9988366625284044
10,3.0,18,1.0093949045920152
10,3.0,19,1.0802218104359358
10,3.0,20,1.0788260353249688
10,3.0,21,1.1054502048395383
10,3.0,22,1.0863678506670984
10,3.0,23,1.117645385613611
10,3.0,24,1.1082438875275957
10,3.0,25,1.0375379807112457
10,3.0,26,1.007615425772491
10,3.0,27,0.9832370008840939
10,3.0,28,0.9502414422371211
10,3.0,29,0.958417503663546
10,3.0,30,1.0033662366652534
10,3.0,31,1.0199178571690373
10,3.0,32,0.9827135229963598
10,3.0,33,0.9441508977658047
10,3.0,34,0.9504589783949122
10,3.0,35,1.0122800722802472
10,3.0,36,1.0156490644709362
10,3.0,37,1.0030632430833781
10,3.0,38,0.9328445061292586
10,3.0,39,0.945263857883655
10,3.0,40,0.9776807913912199
10,3.0,41,0.8942187100495669
10,3.0,42,0.9183787863756582
10,3.0,43,0.9305475106456633
10,3.0,44,0.9630288918261621
10,3.0,45,0.9412842607043107
10,3.0,46,0.9350266702660646
10,3.0,47,0.9604374708516166
10,3.0,48,0.9178649122000557
10,3.0,49,0.8823714561504953
10,3.0,50,0.9020872198541365
10,3.0,51,0.9099374884246816
10,3.0,52,0.8961820877076168
10,3.0,53,0.9736393022909207
10,3.0,54,0.9687081299689895
10,3.0,55,0.9923362790271502
10,3.0,56,1.044039446607464
10,3.0,57,1.009671588197974
10,3.0,58,0.9741344480254013
10,3.0,59,0.9949260543518675
10,3.0,60,1.0557794907450728
10,3.0,61,1.0789294223306505
10,3.0,62,1.1186321227044056
10,3.0,63,1.0978895236872492
10,3.0,64,1.081065296737935
10,3.0,65,1.069911019797956
10,3.0,66,1.0463298579318923
10,3.0,67,1.0265538126753981
10,3.0,68,0.988862114843908
10,3.0,69,0.9257015258645029
10,3.0,70,0.9988636101426993
10,3.0,71,0.9396988406771433
10,3.0,72,0.8694647212811647
10,3.0,73,0.8406173545273954
10,3.0,74,0.8460871985186095
10,3.0,75,0.8190422275823575
10,3.0,76,0.8411219694569125
10,3.0,77,0.8398380467200715
10,3.0,78,0.8263218804991816
10,3.0,79,0.8470780148382386
10,3.0,80,0.8355699334502606
10,3.0,81,0.8584775210874611
10,3.0,82,0.8812890326004731
10,3.0,83,0.8753230039942133
10,3.0,84,0.9048879552481061
10,3.0,85,0.8868056883571255
10,3.0,86,0.8459731752819268
10,3.0,87,0.8209097420868726
10,3.0,88,0.8173677840771633
10,3.0,89,0.7963561425856849
10,3.0,90,0.7739136784775483
10,3.0,91,0.7805859754306814
10,3.0,92,0.8231903254219308
10,3.0,93,0.8389286736312833
10,3.0,94,0.8603198134760155
10,3.0,95,0.8381683410641438
10,3.0,96,0.8345561843866783
10,3.0,97,0.8111661599432134
10,3.0,98,0.8161867035777796
10,3.0,99,0.8062790700148402
10,3.0,100,0.844669914821895
10,3.0,101,0.8616712005344989
10,3.0,102,0.858868580288069
10,3.0,103,0.8675612118925814
10,3.0,104,0.8337212076932781
10,3.0,105,0.7791838298434212
10,3.0,106,0.7728047253368749
10,3.0,107,0.7340454421323979
10,3.0,108,0.7595712413810842
10,3.0,109,0.7775353611415883
10,3.0,110,0.754771232952339
10,3.0,111,0.737941583948567
10,3.0,112,0.7559022548668888
10,3.0,113,0.7652469101713074
10,3.0,114,0.7749608007420817
10,3.0,115,0.7934379722009508
10,3.0,116,0.7944377231606691
10,3.0,117,0.8102999785562158
10,3.0,118,0.7796768694540492
10,3.0,119,0.7884524420295922
10,3.0,120,0.7906401622226092
10,10.0,0,1.0
10,10.0,1,1.0026078867897372
10,10.0,2,1.0139738438201356
10,10.0,3,0.9818164965763767
10,10.0,4,0.9736286444908359
10,10.0,5,0.968002033928079
10,10.0,6,0.9826037502387128
10,10.0,7,0.9936347998246969
10,10.0,8,0.9744773017662989
10,10.0,9,0.9884560179575805
10,10.0,10,0.9985406588175686
10,10.0,11,0.9792123909966111
10,10.0,12,1.069876118442854
10,10.0,13,1.0260495824727687
10,10.0,14,0.9995085683932882
10,10.0,15,0.9832003355290114
10,10.0,16,0.9944948827804883
10,10.0,17,0.972385973151461
10,10.0,18,0.9695899472942716
10,10.0,19,1.0256709549557284
10,10.0,20,1.0335145435997284
10,10.0,21,1.0683984539127371
10,10.0,22,1.0609902033288605
10,10.0,23,1.110528339401314
10,10.0,24,1.1215950073102674
10,10.0,25,1.0703457119097728
10,10.0,26,1.0446917392230708
10,10.0,27,1.0203175778344964
10,10.0,28,0.9906771935023698
10,10.0,29,0.9987580989555818
10,10.0,30,1.0326116586147442
10,10.0,31,1.0366591544081565
10,10.0,32,1.005141183861767
10,10.0,33,0.9665740480960825
10,10.0,34,0.9463387224735108
10,10.0,35,0.9863647140253001
10,10.0,36,1.0056757432555294
10,10.0,37,0.9761762186863298
10,10.0,38,0.9405459807203507
10,10.0,39,0.954431961748243
10,10.0,40,1.0017927065972476
10,10.0,41,0.9572877594800042
10,10.0,42,0.9742709766045357
10,10.0,43,1.0245922106036502
10,10.0,44,1.0614201614979375
10,10.0,45,1.062382402754531
10,10.0,46,1.051447767771733
10,10.0,47,1.0506843390078617
10,10.0,48,1.0188580381631018
10,10.0,49,0.9966638487330699
10,10.0,50,1.0028062887976947
10,10.0,51,0.9987422396814772
10,10.0,52,1.0000883135298095
10,10.0,53,1.0752290111284377
10,10.0,54,1.0708209199238627
10,10.0,55,1.0660250385832344
10,10.0,56,1.1080312530214658
10,10.0,57,1.0835191971599505
10,10.0,58,1.0360022387051562
10,10.0,59,1.0650682881181261
10,10.0,60,1.1110604244855533
10,10.0,61,1.1157892351104746
10,10.0,62,1.1825276509069693
10,10.0,63,1.1931487142368418
10,10.0,64,1.1865186125150928
10,10.0,65,1.1673328937813674
10,10.0,66,1.1846367331094556
10,10.0,67,1.1703987633271056
10,10.0,68,1.1493254586092345
10,10.0,69,1.0723398060351454
10,10.0,70,1.1456878720938084
10,10.0,71,1.1043711434490362
10,10.0,72,1.0557060338306339
10,10.0,73,1.0389797963174057
10,10.0,74,1.0394636117588643
10,10.0,75,1.0067258723376225
10,10.0,76,1.028584159745377
10,10.0,77,1.0148607843008648
10,10.0,78,0.9965210117734715
10,10.0,79,1.0109667859641869
10,10.0,80,1.0012621574759155
10,10.0,81,1.0191606231258452
10,10.0,82,1.0386089492619512
10,10.0,83,1.0290022421264975
10,10.0,84,1.0343252710280273
10,10.0,85,0.9976655170453979
10,10.0,86,0.9583012677231234
10,10.0,87,0.9433964057234694
10,10.0,88,0.9370063605268313
10,10.0,89,0.9271294275517905
10,10.0,90,0.880203952514981
10,10.0,91,0.8725548549677654
10,10.0,92,0.9156663041045844
10,10.0,93,0.9385930568284985
10,10.0,94,0.9635204915672823
10,10.0,95,0.9367513025856552
10,10.0,96,0.9179333847259867
10,10.0,97,0.9246773147139299
10,10.0,98,0.9279823179810456
10,10.0,99,0.9158084562383194
10,10.0,100,0.9260103134831105
10,10.0,101,0.9422827373610205
10,10.0,102,0.9267815629963836
10,10.0,103,0.9424111615649257
10,10.0,104,0.8919406022675699
10,10.0,105,0.8497206006987279
10,10.0,106,0.8498939478279754
10,10.0,107,0.8178942173592659
10,10.0,108,0.8490051255919732
10,10.0,109,0.8401918963590691
10,10.0,110,0.8221358987608818
10,10.0,111,0.8222493951671261
10,10.0,112,0.8461752151622491
10,10.0,113,0.8471414748906665
10,10.0,114,0.8665044647600691
10,10.0,115,0.8920531296655672
10,10.0,116,0.9190394123487733
10,10.0,117,0.9309529552726072
10,10.0,118,0.9054946663346869
10,10.0,119,0.9263486088889306
10,10.0,120,0.9230017707970078
11,0.0,0,1.0
11,0.0,1,0.9783889490641825
11,0.0,2,0.9942058126805176
11,0.0,3,0.94561130231096
11,0.0,4,0.9901968676041738
11,0.0,5,1.074309120689298
11,0.0,6,1.1449596276412939
11,0.0,7,1.0725062002401422
11,0.0,8,0.9861485385968008
11,0.0,9,1.0439351979521545
11,0.0,10,1.049362444628538
11,0.0,11,0.9633279457773513
11,0.0,12,0.968181767556521
11,0.0,13,0.9916217909090882
11,0.0,14,0.996758453761718
11,0.0,15,0.9828372452179286
11,0.0,16,0.9882608633711694
11,0.0,17,0.9696428786946251
11,0.0,18,0.9587774114217449
11,0.0,19,0.9553599816628257
11,0.0,20,0.9310879305940656
11,0.0,21,0.9911526356384927
11,0.0,22,1.0965134225988757
11,0.0,23,1.150927856565459
11,0.0,24,1.0755155230373812
11,0.0,25,1.0585554998790003
11,0.0,26,1.0083760694372896
11,0.0,27,0.9987874969646434
11,0.0,28,0.9999058235799686
11,0.0,29,1.0410098201529254
11,0.0,30,1.0631446472552049
11,0.0,31,1.037466007318772
11,0.0,32,1.0030403555427425
11,0.0,33,0.9699553069335421
11,0.0,34,0.8980006711022889
11,0.0,35,0.8681167482621591
11,0.0,36,0.8390957406727861
11,0.0,37,0.8599315850873099
11,0.0,38,0.8668626793101128
11,0.0,39,0.8494642107558816
11,0.0,40,0.8130689279527332
11,0.0,41,0.7783232575838089
11,0.0,42,0.8100707292227314
11,0.0,43,0.8131951313733851
11,0.0,44,0.844448926020975
11,0.0,45,0.828318988268169
11,0.0,46,0.8757610933663572
11,0.0,47,0.8791451306229375
11,0.0,48,0.8954103623736187
11,0.0,49,0.9117154737763241
11,0.0,50,0.9878276547187472
11,0.0,51,0.9447728435635623
11,0.0,52,0.8851791472500538
11,0.0,53,0.8595953765451592
11,0.0,54,0.810905935506617
11,0.0,55,0.7939341150622216
11,0.0,56,0.753808304678115
11,0.0,57,0.7486796158676605
11,0.0,58,0.728355315151172
11,0.0,59,0.7258147780584673
11,0.0,60,0.749576266604586
11,0.0,61,0.7593150055295541
11,0.0,62,0.7276147470792124
11,0.0,63,0.7249370159185312
11,0.0,64,0.7022792089297679
11,0.0,65,0.736028485732913
11,0.0,66,0.7258621063237929
11,0.0,67,0.6995695960503031
11,0.0,68,0.6820515869673177
11,0.0,69,0.6700536319375667
11,0.0,70,0.6375223754313267
11,0.0,71,0.658695247845989
11,0.0,72,0.6498659667153865
11,0.0,73,0.6706648373127567
11,0.0,74,0.6523556007073403
11,0.0,75,0.6726382547717891
11,0.0,76,0.6872324491668451
11,0.0,77,0.6642917734589042
11,0.0,78,0.6737698853527289
11,0.0,79,0.658435817561229
11,0.0,80,0.6677093439580642
11,0.0,81,0.6488298227634883
11,0.0,82,0.6193772878951987
11,0.0,83,0.6353060387544114
11,0.0,84,0.5982654752677532
11,0.0,85,0.6087846660513067
11,0.0,86,0.5990469673933955
11,0.0,87,0.5831791628318987
11,0.0,88,0.5129729003475599
11,0.0,89,0.531568268789072
11,0.0,90,0.5255179671756479
11,0.0,91,0.5221396575393448
11,0.0,92,0.539735932194559
11,0.0,93,0.5165340950022433
11,0.0,94,0.5257444370939385
11,0.0,95,0.47627253683743936
11,0.0,96,0.4718297194184346
11,0.0,97,0.4680432013232938
11,0.0,98,0.44881248547242625
11,0.0,99,0.4359428578863514
11,0.0,100,0.4336272173467821
11,0.0,101,0.46786398917994504
11,0.0,102,0.48235705093850934
11,0.0,103,0.4607602953716773
11,0.0,104,0.47188696242509603
11,0.0,105,0.46378122456094156
11,0.0,106,0.4545401788447921
11,0.0,107,0.46615574492038175
11,0.0,108,0.44536131947823154
11,0.0,109,0.4342519521558717
11,0.0,110,0.4320656610502279
11,0.0,111,0.4477336032271832
11,0.0,112,0.4633383982248785
11,0.0,113,0.47372149708083744
11,0.0,114,0.45941542848628075
11,0.0,115,0.44421893958923997
11,0.0,116,0.4579694562190184
11,0.0,117,0.45619425976692707
11,0.0,118,0.45203147388026443
11,0.0,119,0.4634435856625787
11,0.0,120,0.4517166302197218
11,1.0,0,1.0
11,1.0,1,0.9918958946864738
11,1.0,2,1.0091306523648276
11,1.0,3,0.967382689619056
11,1.0,4,1.021303802971405
11,1.0,5,1.079205263990376
11,1.0,6,1.147981477627279
11,1.0,7,1.0876127248056846
11,1.0,8,1.04616145265208
11,1.0,9,1.1186678217508321
11,1.0,10,1.1195813137012136
11,1.0,11,1.0572773944430411
11,1.0,12,1.0766649986535113
11,1.0,13,1.1154138775864753
11,1.0,14,1.1328800470365674
11,1.0,15,1.112239100308286
11,1.0,16,1.11937625046437
11,1.0,17,1.078170170593824
11,1.0,18,1.057077952469255
11,1.0,19,1.054708054770837
11,1.0,20,1.0647510394802537
11,1.0,21,1.1708697850738454
11,1.0,22,1.234115252980228
11,1.0,23,1.247923707712428
11,1.0,24,1.164120717030786
11,1.0,25,1.156157627012444
11,1.0,26,1.1256172144433965
11,1.0,27,1.1276669807646305
11,1.0,28,1.1440527903433315
11,1.0,29,1.2111701101516572
11,1.0,30,1.2464183709032346
11,1.0,31,1.258037737259496
11,1.0,32,1.2380280948743587
11,1.0,33,1.2060105442706266
11,1.0,34,1.1604200206297752
11,1.0,35,1.1703062789662813
11,1.0,36,1.1167814048936089
11,1.0,37,1.1496106294958346
11,1.0,38,1.165382499564036
11,1.0,39,1.142594588503172
11,1.0,40,1.1242098299296701
11,1.0,41,1.0700209118342312
11,1.0,42,1.135965643892269
11,1.0,43,1.1481102779866899
11,1.0,44,1.1624143619441951
11,1.0,45,1.1555085681726611
11,1.0,46,1.2110197892697407
11,1.0,47,1.2205412553565202
11,1.0,48,1.2224119321635343
11,1.0,49,1.2758098579698098
11,1.0,50,1.3637215450663738
11,1.0,51,1.3174974864384368
11,1.0,52,1.2424992794699197
11,1.0,53,1.2700417745063683
11,1.0,54,1.2299056851479797
11,1.0,55,1.227186341810605
11,1.0,56,1.1779032448569007
11,1.0,57,1.1963554965883156
11,1.0,58,1.1667540193569004
11,1.0,59,1.1750199990802492
11,1.0,60,1.2547284059869988
11,1.0,61,1.2893014440609945
11,1.0,62,1.256625266859875
11,1.0,63,1.2741287192677526
11,1.0,64,1.2429524364696065
11,1.0,65,1.2693742195752316
11,1.0,66,1.2551267764729628
11,1.0,67,1.2545097943158448
11,1.0,68,1.2472001003640498
11,1.0,69,1.2460639765284542
11,1.0,70,1.1947244157977392
11,1.0,71,1.2335411267981171
11,1.0,72,1.265764688948748
11,1.0,73,1.2720076917251728
11,1.0,74,1.2410986804817632
11,1.0,75,1.2658848126781486
11,1.0,76,1.2825307210930728
11,1.0,77,1.2465804940242229
11,1.0,78,1.2620668884022166
11,1.0,79,1.2637217490879165
11,1.0,80,1.2869117322110881
11,1.0,81,1.2534205923924056
11,1.0,82,1.2545940526172417
11,1.0,83,1.309592640348108
11,1.0,84,1.251274417453602
11,1.0,85,1.2757146377465385
11,1.0,86,1.2655712376658257
11,1.0,87,1.2071657211496916
11,1.0,88,1.1366767473238713
11,1.0,89,1.196886255493914
11,1.0,90,1.195991664973427
11,1.0,91,1.2312723518771116
11,1.0,92,1.2911252438054375
11,1.0,93,1.232451687823334
11,1.0,94,1.2744619098196106
11,1.0,95,1.2023231968588644
11,1.0,96,1.165019398500315
11,1.0,97,1.133909769213174
11,1.0,98,1.1160442579165588
11,1.0,99,1.1113635198964278
11,1.0,100,1.1006944290019554
11,1.0,101,1.1399341269067602
11,1.0,102,1.1655481229361206
11,1.0,103,1.1189314337818916
11,1.0,104,1.1453737264705848
11,1.0,105,1.151432275148162
11,1.0,106,1.138637004005227
11,1.0,107,1.173762473272051
11,1.0,108,1.129565382957671
11,1.0,109,1.1447704652516575
11,1.0,110,1.1381522561675488
11,1.0,111,1.1595060782205824
11,1.0,112,1.2057593867175953
11,1.0,113,1.24218419950544
11,1.0,114,1.1910857830998345
11,1.0,115,1.1469831829272055
11,1.0,116,1.192164621751134
11,1.0,117,1.2030519207242796
11,1.0,118,1.2143480616362519
11,1.0,119,1.1862816875492117
11,1.0,120,1.1600375560364045
11,3.0,0,1.0
11,3.0,1,1.0027853745302588
11,3.0,2,1.0164093452749297
11,3.0,3,0.980862490304608
11,3.0,4,1.0334031299390682
11,3.0,5,1.0664274557274518
11,3.0,6,1.1288577863549398
11,3.0,7,1.0781908690922066
11,3.0,8,1.0697079421035678
11,3.0,9,1.15026094164354
11,3.0,10,1.1651984255740742
11,3.0,11,1.1403823476632435
11,3.0,12,1.1666581818716981
11,3.0,13,1.1791424406672784
11,3.0,14,1.213281739363086
11,3.0,15,1.1761182962772592
11,3.0,16,1.159925769366229
11,3.0,17,1.1079065629228142
11,3.0,18,1.111629709782051
11,3.0,19,1.113705043812593
11,3.0,20,1.1185969211312123
11,3.0,21,1.22142001106496
11,3.0,22,1.2427771721038854
11,3.0,23,1.2407294709399201
11,3.0,24,1.1747717076657218
11,3.0,25,1.1692572775963201
11,3.0,26,1.156558903339393
11,3.0,27,1.1446591920904106
11,3.0,28,1.1577310877986322
11,3.0,29,1.2117795619052412
11,3.0,30,1.2326593585668069
11,3.0,31,1.2416855500016533
11,3.0,32,1.2335316592917787
11,3.0,33,1.2092538549303127
11,3.0,34,1.1910387248425485
11,3.0,35,1.1916676942121296
11,3.0,36,1.1253441385820855
11,3.0,37,1.1723095704017634
11,3.0,38,1.199145876462989
11,3.0,39,1.1598091286161274
11,3.0,40,1.1678435024418303
11,3.0,41,1.1515305454149793
11,3.0,42,1.2022684500697025
11,3.0,43,1.2244617972504808
11,3.0,44,1.247079577120538
11,3.0,45,1.2636246703364333
11,3.0,46,1.326431490222342
11,3.0,47,1.3751276389795142
11,3.0,48,1.3468478857580386
11,3.0,49,1.4264442298624214
11,3.0,50,1.502949077152904
11,3.0,51,1.491213811532657
11,3.0,52,1.4376239320615267
11,3.0,53,1.4345165649030382
11,3.0,54,1.3827684763809998
11,3.0,55,1.4159015579289387
11,3.0,56,1.379103440665318
11,3.0,57,1.4511000013274475
11,3.0,58,1.4250231112178784
11,3.0,59,1.4629857372891335
11,3.0,60,1.5576935701302699
11,3.0,61,1.6085494599549588
11,3.0,62,1.5999682527688408
11,3.0,63,1.6655479850995023
11,3.0,64,1.6266639794392905
11,3.0,65,1.673386223335236
11,3.0,66,1.6701784565882865
11,3.0,67,1.6792043942425696
11,3.0,68,1.6762977749472285
11,3.0,69,1.6581674868732708
11,3.0,70,1.610014684990447
11,3.0,71,1.681788424857193
11,3.0,72,1.784146720999491
11,3.0,73,1.814127309816205
11,3.0,74,1.8129222363453545
11,3.0,75,1.8671127993255652
11,3.0,76,1.8542497381914713
11,3.0,77,1.8208597343800699
11,3.0,78,1.8637695872965443
11,3.0,79,1.9055836284888996
11,3.0,80,1.9676484211824672
11,3.0,81,1.9318294801712275
11,3.0,82,1.9532841681680122
11,3.0,83,2.03092950083495
11,3.0,84,1.960175936436141
11,3.0,85,1.9964306260938134
11,3.0,86,2.0366508190722867
11,3.0,87,1.9950540920642639
11,3.0,88,1.861645691392633
11,3.0,89,1.9737960075568537
11,3.0,90,1.9994968354275473
11,3.0,91,2.0068668206624225
11,3.0,92,2.0844852591030034
11,3.0,93,2.0776172158032384
11,3.0,94,2.148181239068677
11,3.0,95,1.9843294951898423
11,3.0,96,1.9080901490819064
11,3.0,97,1.8515961146283426
11,3.0,98,1.8555075218366133
11,3.0,99,1.8774925552199813
11,3.0,100,1.8506921798711449
11,3.0,101,1.8626279043521572
11,3.0,102,1.9208135691375168
11,3.0,103,1.9579672022762613
11,3.0,104,2.0050746177859864
11,3.0,105,1.9937608448521367
11,3.0,106,1.9974051131927417
11,3.0,107,2.001082823002631
11,3.0,108,1.9447130096972731
11,3.0,109,1.979778304527884
11,3.0,110,1.9464461056561835
11,3.0,111,1.973465230497977
11,3.0,112,2.0916795985381444
11,3.0,113,2.1709906444156593
11,3.0,114,2.0406291945661774
11,3.0,115,2.0112314314657205
11,3.0,116,2.0918922465372884
11,3.0,117,2.057162628817014
11,3.0,118,2.104092268086083
11,3.0,119,2.032153608712805
11,3.0,120,2.0165437646817357
11,10.0,0,1.0
11,10.0,1,1.008189577587405
11,10.0,2,1.0120489153257806
11,10.0,3,0.9830564537384239
11,10.0,4,1.0418981656263187
11,10.0,5,1.0725396769999627
11,10.0,6,1.1059905860463424
11,10.0,7,1.0716802750562517
11,10.0,8,1.0399256250609465
11,10.0,9,1.1140420949961183
11,10.0,10,1.1367259619237742
11,10.0,11,1.1120443844693575
11,10.0,12,1.138448517707246
11,10.0,13,1.1538077993176425
11,10.0,14,1.1574875890611735
11,10.0,15,1.1647409102956916
11,10.0,16,1.166382516193755
11,10.0,17,1.1613408796713804
11,10.0,18,1.169131242703367
11,10.0,19,1.1663565788185133
11,10.0,20,1.1768521591740828
11,10.0,21,1.2344222268214908
11,10.0,22,1.3153033526180307
11,10.0,23,1.3238168238069845
11,10.0,24,1.2655432443857395
11,10.0,25,1.257748613218524
11,10.0,26,1.2225658126652756
11,10.0,27,1.2192890991928609
11,10.0,28,1.228630321481462
11,10.0,29,1.2870926370068574
11,10.0,30,1.3308102757073188
11,10.0,31,1.341613495295248
11,10.0,32,1.3274849417585808
11,10.0,33,1.2917558215038878
11,10.0,34,1.2968330340216085
11,10.0,35,1.292487104437176
11,10.0,36,1.260926736434584
11,10.0,37,1.2647339484570292
11,10.0,38,1.2928816936880794
11,10.0,39,1.2818671071711543
11,10.0,40,1.2755191117757279
11,10.0,41,1.2762993293078295
11,10.0,42,1.3123649141321942
11,10.0,43,1.3209175331286864
11,10.0,44,1.3700527810629968
11,10.0,45,1.3728901624126921
11,10.0,46,1.3515551224227245
11,10.0,47,1.4009660916981277
11,10.0,48,1.3385141608377402
11,10.0,49,1.4074602670907892
11,10.0,50,1.4699838342465594
11,10.0,51,1.4496053873335002
11,10.0,52,1.4116085569332915
11,10.0,53,1.408846678129129
11,10.0,54,1.352034238559526
11,10.0,55,1.3727490880621662
11,10.0,56,1.3387559050765463
11,10.0,57,1.3815108783879935
11,10.0,58,1.3477574845818538
11,10.0,59,1.3759065920544928
11,10.0,60,1.4071043147038098
11,10.0,61,1.4769145111702402
11,10.0,62,1.4920383711129377
11,10.0,63,1.5324743969048427
11,10.0,64,1.5063937145217656
11,10.0,65,1.5277547322823923
11,10.0,66,1.5214298251057026
11,10.0,67,1.522179466993332
11,10.0,68,1.5202400050587133
11,10.0,69,1.4944138973911034
11,10.0,70,1.4595280924244525
11,10.0,71,1.529436345129303
11,10.0,72,1.6837949507601961
11,10.0,73,1.69862500983942
11,10.0,74,1.7227022074171203
11,10.0,75,1.7051529292487184
11,10.0,76,1.6533734523675947
11,10.0,77,1.663249241525212
11,10.0,78,1.6728259810219877
11,10.0,79,1.7448102448417862
11,10.0,80,1.7971554246722334
11,10.0,81,1.797515259619243
11,10.0,82,1.809229438727797
11,10.0,83,1.8948268663582652
11,10.0,84,1.8896670878306823
11,10.0,85,1.917432736253785
11,10.0,86,1.9521599060460135
11,10.0,87,1.9668067189569123
11,10.0,88,1.9250031479621252
11,10.0,89,2.044364771635987
11,10.0,90,2.0401907220042093
11,10.0,91,2.0171155846416755
11,10.0,92,2.122868211792026
11,10.0,93,2.114549941540323
11,10.0,94,2.184565236950183
11,10.0,95,2.051712368927114
11,10.0,96,1.9267746473935683
11,10.0,97,1.9020609566940294
11,10.0,98,1.906337219760206
11,10.0,99,1.9474110812488847
11,10.0,100,1.9187698363678662
11,10.0,101,1.9526926979537484
11,10.0,102,2.0076925039961497
11,10.0,103,2.05665325855888
11,10.0,104,2.0581525440867603
11,10.0,105,2.0130594652515383
11,10.0,106,2.009621495253768
11,10.0,107,2.0648254720479233
11,10.0,108,2.0291183997725177
11,10.0,109,2.0172324620940523
11,10.0,110,1.9757472451856553
11,10.0,111,2.006828681239241
11,10.0,112,2.097141717418356
11,10.0,113,2.214107150890141
11,10.0,114,2.0954414325770205
11,10.0,115,2.0666566854577084
11,10.0,116,2.195743984492995
11,10.0,117,2.141884636580079
11,10.0,118,2.2729051086032825
11,10.0,119,2.3001133414326382
11,10.0,120,2.275678544607592
12,0.0,0,1.0
12,0.0,1,0.990759744726333
12,0.0,2,1.0177284131247455
12,0.0,3,0.9771527944890325
12,0.0,4,0.9934525275172016
12,0.0,5,1.0225229389844435
12,0.0,6,1.0303150935812013
12,0.0,7,1.0535793030493381
12,0.0,8,1.0211447322572498
12,0.0,9,0.9997802146269077
12,0.0,10,1.0140288353770741
12,0.0,11,1.0606671438583273
12,0.0,12,1.039637916777936
12,0.0,13,1.045209689355599
12,0.0,14,1.0119923063775538
12,0.0,15,0.9133209245923636
12,0.0,16,0.9217325632301754
12,0.0,17,0.9143722937248423
12,0.0,18,0.9246855612334639
12,0.0,19,0.940851464218751
12,0.0,20,0.8961190313358119
12,0.0,21,0.8966781532153913
12,0.0,22,0.8733009880379444
12,0.0,23,0.892946655321525
12,0.0,24,0.9108827224647167
12,0.0,25,0.9708465674000317
12,0.0,26,0.9330634113131693
12,0.0,27,0.8823208595636913
12,0.0,28,0.9214491757864807
12,0.0,29,0.9255560347726377
12,0.0,30,0.8984869394786951
12,0.0,31,0.9602070296111825
12,0.0,32,0.9266933736008052
12,0.0,33,0.8340885550826428
12,0.0,34,0.9520101759641317
12,0.0,35,0.8841876771658832
12,0.0,36,0.8628613939400773
12,0.0,37,0.8191565619658902
12,0.0,38,0.8791941663169421
12,0.0,39,0.8713431927174825
12,0.0,40,0.8560284750239235
12,0.0,41,0.8389426010829959
12,0.0,42,0.8957897220588643
12,0.0,43,0.9334272155627579
12,0.0,44,0.9377233068614402
12,0.0,45,0.9699572955241279
12,0.0,46,0.9083194400626545
12,0.0,47,0.891739323798382
12,0.0,48,0.8743221314240752
12,0.0,49,0.8390190310703319
12,0.0,50,0.817172007055039
12,0.0,51,0.8215950832486536
12,0.0,52,0.8325753936593399
12,0.0,53,0.7963174157881875
12,0.0,54,0.7495746695597958
12,0.0,55,0.749302554947233
12,0.0,56,0.7165278714142949
12,0.0,57,0.6721052682050921
12,0.0,58,0.6525370122023245
12,0.0,59,0.6408955669621074
12,0.0,60,0.6131495401328442
12,0.0,61,0.6269255977628946
12,0.0,62,0.5644678690897257
12,0.0,63,0.6057550549471988
12,0.0,64,0.5823527054370378
12,0.0,65,0.5527805605320588
12,0.0,66,0.5282825840198607
12,0.0,67,0.5394070128372005
12,0.0,68,0.5530757237256386
12,0.0,69,0.562430676828815
12,0.0,70,0.5559233374388692
12,0.0,71,0.5619024044551335
12,0.0,72,0.5838082209308785
12,0.0,73,0.584132666993865
12,0.0,74,0.618281903837884
12,0.0,75,0.5969932978057769
12,0.0,76,0.583266984650691
12,0.0,77,0.5799414345921735
12,0.0,78,0.5846093605810511
12,0.0,79,0.5873252333456764
12,0.0,80,0.5990434995438528
12,0.0,81,0.5679335436861068
12,0.0,82,0.5710896433403352
12,0.0,83,0.5858149388009494
12,0.0,84,0.5898167837700846
12,0.0,85,0.5888875160508729
12,0.0,86,0.5947483620159667
12,0.0,87,0.6121179730096655
12,0.0,88,0.6240691767260114
12,0.0,89,0.6037391191444837
12,0.0,90,0.6451692381636048
12,0.0,91,0.6274185478551565
12,0.0,92,0.6129847339646667
12,0.0,93,0.6444456388685375
12,0.0,94,0.619615479667395
12,0.0,95,0.6389001286731201
12,0.0,96,0.6582120669566189
12,0.0,97,0.6868779099381475
12,0.0,98,0.747025561673391
12,0.0,99,0.7460642499861833
12,0.0,100,0.7475350346038495
12,0.0,101,0.7092209052971887
12,0.0,102,0.7209515816282934
12,0.0,103,0.7411318939465714
12,0.0,104,0.7452913533946576
12,0.0,105,0.6920991382673977
12,0.0,106,0.6891181185547601
12,0.0,107,0.7294875596992499
12,0.0,108,0.7114739726788993
12,0.0,109,0.7203084804419695
12,0.0,110,0.7521237149494236
12,0.0,111,0.7359671955189301
12,0.0,112,0.7517288402442208
12,0.0,113,0.771612967433426
12,0.0,114,0.7962954012788926
12,0.0,115,0.7860769276895078
12,0.0,116,0.7936536026504708
12,0.0,117,0.85146968703
12,0.0,118,0.8016254364359932
12,0.0,119,0.8160819588377078
12,0.0,120,0.7738579821970197
12,1.0,0,1.0
12,1.0,1,1.0097316808464507
12,1.0,2,1.0234619801524778
12,1.0,3,0.9813500028735648
12,1.0,4,1.013671483658578
12,1.0,5,1.0450407779073425
12,1.0,6,1.0498563782981905
12,1.0,7,1.0549426126142945
12,1.0,8,1.031613255153634
12,1.0,9,1.0034867627771882
12,1.0,10,1.0078316670453267
12,1.0,11,1.060570971888052
12,1.0,12,1.0288035142692942
12,1.0,13,1.050101234958595
12,1.0,14,1.0113780862762374
12,1.0,15,0.9368615407344738
12,1.0,16,0.946334651858666
12,1.0,17,0.9646956151778623
12,1.0,18,0.9582036615252423
12,1.0,19,0.9628990031668935
12,1.0,20,0.9208224005782621
12,1.0,21,0.9058105312723734
12,1.0,22,0.8817884862784214
12,1.0,23,0.8944891513389294
12,1.0,24,0.9158237856646784
12,1.0,25,0.9691752618209745
12,1.0,26,0.9515131776741896
12,1.0,27,0.9122625782522014
12,1.0,28,0.9641459989319796
12,1.0,29,0.9703682695781632
12,1.0,30,0.9579598948681524
12,1.0,31,1.0426979575543789
12,1.0,32,1.0499799010053281
12,1.0,33,0.9700037013088075
12,1.0,34,1.0202640385154318
12,1.0,35,0.9583715651505549
12,1.0,36,0.8955679868429659
12,1.0,37,0.8873698004004233
12,1.0,38,0.9341907637660806
12,1.0,39,0.9061669113231098
12,1.0,40,0.8889687585135204
12,1.0,41,0.8752362636235576
12,1.0,42,0.9296022442739945
12,1.0,43,0.9926388551416966
12,1.0,44,1.0351958674016566
12,1.0,45,1.079583525025548
12,1.0,46,1.0196834953616276
12,1.0,47,1.0142307915282007
12,1.0,48,0.9906677572264245
12,1.0,49,0.9696113541901177
12,1.0,50,0.9564527490583316
12,1.0,51,0.9936337832514422
12,1.0,52,1.0168351472590742
12,1.0,53,1.0102660597102475
12,1.0,54,0.9797175639406164
12,1.0,55,0.9781751195144726
12,1.0,56,0.9321836941719723
12,1.0,57,0.90760218258419
12,1.0,58,0.8735896764570862
12,1.0,59,0.8588760676429109
12,1.0,60,0.8249924297428778
12,1.0,61,0.8434780653465019
12,1.0,62,0.7632062767818529
12,1.0,63,0.8147481101095432
12,1.0,64,0.7929385373392249
12,1.0,65,0.7572427520608462
12,1.0,66,0.7373935303068216
12,1.0,67,0.7490000040815066
12,1.0,68,0.7644509115566411
12,1.0,69,0.7797715164826649
12,1.0,70,0.7652783682661285
12,1.0,71,0.7892211991779239
12,1.0,72,0.7982052083032697
12,1.0,73,0.8024896118366762
12,1.0,74,0.840723406706154
12,1.0,75,0.8165734523231458
12,1.0,76,0.8234777311897978
12,1.0,77,0.8214191386510935
12,1.0,78,0.8515436404448409
12,1.0,79,0.8849372819367062
12,1.0,80,0.9118154060985987
12,1.0,81,0.8973829620064895
12,1.0,82,0.8987386303467491
12,1.0,83,0.8729875615247277
12,1.0,84,0.8623553525875951
12,1.0,85,0.8636185797584478
12,1.0,86,0.905752024464668
12,1.0,87,0.9278294682982049
12,1.0,88,0.9223040576898199
12,1.0,89,0.8997816244614558
12,1.0,90,0.9544663064973341
12,1.0,91,0.9275139118332998
12,1.0,92,0.9308962024887515
12,1.0,93,0.9575990137679439
12,1.0,94,0.9286066059551384
12,1.0,95,0.9412155720362166
12,1.0,96,0.9513296798820549
12,1.0,97,0.9806914029261475
12,1.0,98,1.0415167929739895
12,1.0,99,1.048066290235953
12,1.0,100,1.053777255630576
12,1.0,101,1.0418414837785905
12,1.0,102,1.08012713897904
12,1.0,103,1.1206728906053245
12,1.0,104,1.1249454054314572
12,1.0,105,1.1212006575090463
12,1.0,106,1.111764233722125
12,1.0,107,1.2175252333015685
12,1.0,108,1.196946480915453
12,1.0,109,1.2229598193209261
12,1.0,110,1.2648539385441162
12,1.0,111,1.2367967152906676
12,1.0,112,1.2651627095027864
12,1.0,113,1.2855110107140955
12,1.0,114,1.3150722815237585
12,1.0,115,1.3192062253114014
12,1.0,116,1.3397096596480105
12,1.0,117,1.3786282845714442
12,1.0,118,1.34890108670332
12,1.0,119,1.350530575815765
12,1.0,120,1.300825113544133
12,3.0,0,1.0
12,3.0,1,1.0081875090554082
12,3.0,2,1.0240689754926635
12,3.0,3,1.0098869127195682
12,3.0,4,1.053647503854014
12,3.0,5,1.1024857711321236
12,3.0,6,1.0986743886710701
12,3.0,7,1.1166643251746575
12,3.0,8,1.0872003485448258
12,3.0,9,1.064499756972881
12,3.0,10,1.0617177253314871
12,3.0,11,1.1210455359860239
12,3.0,12,1.0665727895610766
12,3.0,13,1.1158157554741264
12,3.0,14,1.0769365765954944
12,3.0,15,1.0105833032988083
12,3.0,16,1.0139697777272536
12,3.0,17,1.018949534532393
12,3.0,18,1.0207029824061464
12,3.0,19,1.0173675152863384
12,3.0,20,1.00419417972687
12,3.0,21,1.0147522882767748
12,3.0,22,0.9862782989008689
12,3.0,23,0.9991091546635028
12,3.0,24,1.0366160245658673
12,3.0,25,1.0602255555514852
12,3.0,26,1.0549990279665873
12,3.0,27,1.0269949045891729
12,3.0,28,1.0787697834908543
12,3.0,29,1.0883789898383271
12,3.0,30,1.079559288105555
12,3.0,31,1.1524789976048226
12,3.0,32,1.1748373715881368
12,3.0,33,1.1033388530654644
12,3.0,34,1.1538574306835419
12,3.0,35,1.1021889907617743
12,3.0,36,1.0518009279798766
12,3.0,37,1.0741395718524382
12,3.0,38,1.1340092605720982
12,3.0,39,1.1151422948578749
12,3.0,40,1.1037852623328361
12,3.0,41,1.095777123108163
12,3.0,42,1.1540811593247668
12,3.0,43,1.2403461065636892
12,3.0,44,1.272600654083824
12,3.0,45,1.3321408704731288
12,3.0,46,1.3105237773839982
12,3.0,47,1.2922947883820042
12,3.0,48,1.267919742344366
12,3.0,49,1.244379708759479
12,3.0,50,1.2858588600913274
12,3.0,51,1.3141678853730216
12,3.0,52,1.3315441055559423
12,3.0,53,1.3570880799038676
12,3.0,54,1.3565360708166696
12,3.0,55,1.3376248764379215
12,3.0,56,1.2549437821747587
12,3.0,57,1.2022978321450837
12,3.0,58,1.1769740508044986
12,3.0,59,1.1699053876761998
12,3.0,60,1.1329848015402344
12,3.0,61,1.1407469181118512
12,3.0,62,1.042310597101802
12,3.0,63,1.0894210994769857
12,3.0,64,1.0309255544697273
12,3.0,65,1.0033916825121698
12,3.0,66,0.9870183806267652
12,3.0,67,1.0358898891920598
12,3.0,68,1.0869747590311996
12,3.0,69,1.105440473767072
12,3.0,70,1.0759167859612284
12,3.0,71,1.1150138014835447
12,3.0,72,1.130853301577522
12,3.0,73,1.1194561399834915
12,3.0,74,1.1489274864766597
12,3.0,75,1.1413689796715163
12,3.0,76,1.1478584246388497
12,3.0,77,1.1571172315612548
12,3.0,78,1.2012041464511756
12,3.0,79,1.248304120857144
12,3.0,80,1.2752847806972023
12,3.0,81,1.2613736017697623
12,3.0,82,1.2560860176021655
12,3.0,83,1.212906574309583
12,3.0,84,1.1708869093406524
12,3.0,85,1.208695045429218
12,3.0,86,1.2371171821627927
12,3.0,87,1.267598320107325
12,3.0,88,1.2494114981909288
12,3.0,89,1.214500051092434
12,3.0,90,1.264905023128441
12,3.0,91,1.2404587128389215
12,3.0,92,1.2326798094088167
12,3.0,93,1.2727971353621446
12,3.0,94,1.2157429129736559
12,3.0,95,1.2543669994595958
12,3.0,96,1.2704807378216048
12,3.0,97,1.3030393098833568
12,3.0,98,1.3804134008937254
12,3.0,99,1.420845108594461
12,3.0,100,1.4330647219011738
12,3.0,101,1.4487573246686154
12,3.0,102,1.4804360597912862
12,3.0,103,1.5037320647098282
12,3.0,104,1.5171241642873643
12,3.0,105,1.4936293744174225
12,3.0,106,1.5111579318545891
12,3.0,107,1.6189781378387005
12,3.0,108,1.6505165996992686
12,3.0,109,1.7335718576261465
12,3.0,110,1.7170829588646124
12,3.0,111,1.732096310300743
12,3.0,112,1.7625354033469105
12,3.0,113,1.795478693386637
12,3.0,114,1.8386049764158992
12,3.0,115,1.839804699049096
12,3.0,116,1.8439114005339035
12,3.0,117,1.8916377294387385
12,3.0,118,1.8574458207631455
12,3.0,119,1.8740573105114011
12,3.0,120,1.8363356928107002
12,10.0,0,1.0
12,10.0,1,1.0196030400387381
12,10.0,2,1.0397742005551407
12,10.0,3,1.0380368443730412
12,10.0,4,1.073352204113472
12,10.0,5,1.1097109039058919
12,10.0,6,1.085037233032557
12,10.0,7,1.1280823941617357
12,10.0,8,1.0959737874544142
12,10.0,9,1.0723619015370667
12,10.0,10,1.0866000682005987
12,10.0,11,1.1077212276461064
12,10.0,12,1.0589984591302404
12,10.0,13,1.1066358915499954
12,10.0,14,1.0484770447861065
12,10.0,15,0.9777085696259536
12,10.0,16,0.948868884676867
12,10.0,17,0.9305289439898944
12,10.0,18,0.9212934217275724
12,10.0,19,0.9386415774430693
12,10.0,20,0.9187542799613394
12,10.0,21,0.9056267872714784
12,10.0,22,0.8857053573408767
12,10.0,23,0.9006814287671859
12,10.0,24,0.9141486452929315
12,10.0,25,0.9418091754451772
12,10.0,26,0.9272344331941197
12,10.0,27,0.9015767591242143
12,10.0,28,0.9560540873442214
12,10.0,29,0.9656371599192928
12,10.0,30,0.9500023159741341
12,10.0,31,1.0131660771543967
12,10.0,32,1.0179143834752835
12,10.0,33,0.9794089138061814
12,10.0,34,1.031804331543008
12,10.0,35,0.9770867633161131
12,10.0,36,0.9492861307901838
12,10.0,37,0.9406911305697186
12,10.0,38,0.9911156751346463
12,10.0,39,0.9702164515600682
12,10.0,40,0.9636746251288001
12,10.0,41,0.9389692964987818
12,10.0,42,0.9469462037384362
12,10.0,43,1.0057342120311668
12,10.0,44,1.0523814808742782
12,10.0,45,1.1020824647557463
12,10.0,46,1.0768989873167076
12,10.0,47,1.0592941775140823
12,10.0,48,1.0583965624263438
12,10.0,49,1.054845382989467
12,10.0,50,1.0959324272878153
12,10.0,51,1.1023328526137643
12,10.0,52,1.1060526850310468
12,10.0,53,1.1163548544696857
12,10.0,54,1.135595891786314
12,10.0,55,1.1253204265967334
12,10.0,56,1.0634338022806098
12,10.0,57,1.0331474079911516
12,10.0,58,1.031241645547031
12,10.0,59,1.0272606664031054
12,10.0,60,1.0022128157302312
12,10.0,61,1.0283002128831702
12,10.0,62,1.0011551131894318
12,10.0,63,1.0145984290256977
12,10.0,64,1.0229438677417844
12,10.0,65,0.989799203201243
12,10.0,66,0.9592858084661847
12,10.0,67,1.0024358872125563
12,10.0,68,1.0433922176854946
12,10.0,69,1.0518282854507661
12,10.0,70,1.0121341310803507
12,10.0,71,1.0618870705991887
12,10.0,72,1.055191283474868
12,10.0,73,1.0446631676087437
12,10.0,74,1.0366193118359353
12,10.0,75,1.0471378197441963
12,10.0,76,1.0447576430987608
12,10.0,77,1.0572877752252265
12,10.0,78,1.084004648424825
12,10.0,79,1.0828646472908126
12,10.0,80,1.0804916014400832
12,10.0,81,1.0668604558003576
12,10.0,82,1.0636338562932852
12,10.0,83,1.0523955667854075
12,10.0,84,1.0152166271664096
12,10.0,85,1.0552815095071109
12,10.0,86,1.0721662412161934
12,10.0,87,1.071571923475372
12,10.0,88,1.0674617538706936
12,10.0,89,1.0159087726841856
12,10.0,90,1.0443626610289731
12,10.0,91,1.074485948361555
12,10.0,92,1.0521028853557481
12,10.0,93,1.066999262255533
12,10.0,94,1.0450327865106568
12,10.0,95,1.070688920719778
12,10.0,96,1.0744357299857479
12,10.0,97,1.0978744174394988
12,10.0,98,1.1632432375170934
12,10.0,99,1.1951691787564611
12,10.0,100,1.2253531114601113
12,10.0,101,1.2576598895341708
12,10.0,102,1.2700819671940047
12,10.0,103,1.301327643068571
12,10.0,104,1.2949995360302056
12,10.0,105,1.2486859254954161
12,10.0,106,1.2727631416297962
12,10.0,107,1.3107276907271217
12,10.0,108,1.2777481912554287
12,10.0,109,1.3285948386154707
12,10.0,110,1.3332678588216258
12,10.0,111,1.3146576928422966
12,10.0,112,1.312702999978982
12,10.0,113,1.3580068185575895
12,10.0,114,1.391730615164554
12,10.0,115,1.4192854756208828
12,10.0,116,1.4430079479421005
12,10.0,117,1.464075115741452
12,10.0,118,1.4647614920905645
12,10.0,119,1.4427092680690148
12,10.0,120,1.4110724355389692
13,0.0,0,1.0
13,0.0,1,0.9742409039473549
13,0.0,2,0.9299532084856806
13,0.0,3,0.9864984619307635
13,0.0,4,0.9813843620992035
13,0.0,5,0.9869763760920301
13,0.0,6,0.9776991349913352
13,0.0,7,0.9671322909728424
13,0.0,8,0.9874007265595844
13,0.0,9,1.0069408189920734
13,0.0,10,1.0049019253996627
13,0.0,11,1.0093061529398233
13,0.0,12,1.0740058911473904
13,0.0,13,1.0944770803326727
13,0.0,14,1.13897436722581
13,0.0,15,1.1914972150330612
13,0.0,16,1.2299773715754847
13,0.0,17,1.2562268862317714
13,0.0,18,1.3313580335284207
13,0.0,19,1.3172164447747061
13,0.0,20,1.3175969716653413
13,0.0,21,1.21163126973031
13,0.0,22,1.2260068232404004
13,0.0,23,1.2685843489130053
13,0.0,24,1.192302239957179
13,0.0,25,1.1712955968389316
13,0.0,26,1.1938694673277743
13,0.0,27,1.189305906297472
13,0.0,28,1.2446779322659896
13,0.0,29,1.3060405975803997
13,0.0,30,1.2000497895284237
13,0.0,31,1.2271125930910143
13,0.0,32,1.2878697828845351
13,0.0,33,1.3589331787090586
13,0.0,34,1.481867017453402
13,0.0,35,1.5793090744203935
13,0.0,36,1.5837748031751036
13,0.0,37,1.4633776104485927
13,0.0,38,1.5485373642870768
13,0.0,39,1.5913932819904053
13,0.0,40,1.5715253848717161
13,0.0,41,1.5090681499522784
13,0.0,42,1.475468043808914
13,0.0,43,1.4890301750622696
13,0.0,44,1.4857865584188972
13,0.0,45,1.447949292694423
13,0.0,46,1.5062161032076986
13,0.0,47,1.444604454199956
13,0.0,48,1.4077696754683722
13,0.0,49,1.4319201501102963
13,0.0,50,1.4567470000935805
13,0.0,51,1.5141755274848168
13,0.0,52,1.506581983650141
13,0.0,53,1.538419104091136
13,0.0,54,1.6581711495168094
13,0.0,55,1.549998995096036
13,0.0,56,1.4296144768794925
13,0.0,57,1.4814270026066334
13,0.0,58,1.477158030952843
13,0.0,59,1.410652048033722
13,0.0,60,1.4081595890185787
13,0.0,61,1.4532196735643947
13,0.0,62,1.440076841814566
13,0.0,63,1.3516898705197635
13,0.0,64,1.3560053834858268
13,0.0,65,1.4818243736194983
13,0.0,66,1.464268130982167
13,0.0,67,1.6070416519679032
13,0.0,68,1.6248845137544439
13,0.0,69,1.6631782033587972
13,0.0,70,1.7811918960084843
13,0.0,71,1.7176435551476052
13,0.0,72,1.7284575775778122
13,0.0,73,1.7361495905627866
13,0.0,74,1.742717784235485
13,0.0,75,1.8157421404589154
13,0.0,76,1.7639947860166885
13,0.0,77,1.6820947978618084
13,0.0,78,1.6467260338230139
13,0.0,79,1.551273999058842
13,0.0,80,1.535520337274176
13,0.0,81,1.449443706517274
13,0.0,82,1.3253599089233623
13,0.0,83,1.3196098827462928
13,0.0,84,1.3137748735393189
13,0.0,85,1.3528278581361124
13,0.0,86,1.3877921971534064
13,0.0,87,1.3876653627336948
13,0.0,88,1.434728838260201
13,0.0,89,1.343819411732961
13,0.0,90,1.2805584642892773
13,0.0,91,1.2219586242489053
13,0.0,92,1.2209269957727433
13,0.0,93,1.1837789404474977
13,0.0,94,1.1623576170815373
13,0.0,95,1.1979170286741727
13,0.0,96,1.171462330646692
13,0.0,97,1.140483449729614
13,0.0,98,1.1081693222470836
13,0.0,99,1.0453661565501695
13,0.0,100,1.0398705057938529
13,0.0,101,1.00466489949431
13,0.0,102,1.017036716942389
13,0.0,103,1.0079791636570923
13,0.0,104,1.0140971948145192
13,0.0,105,1.0755128704106864
13,0.0,106,1.1330366963147396
13,0.0,107,1.0755705382489757
13,0.0,108,1.0389573287199694
13,0.0,109,1.023233752966563
13,0.0,110,1.0148098886152008
13,0.0,111,0.9765786158870489
13,0.0,112,1.0028368751528625
13,0.0,113,0.9787772685038961
13,0.0,114,0.9781648666958649
13,0.0,115,0.9664149990411993
13,0.0,116,0.8915062614366098
13,0.0,117,0.9274776347443259
13,0.0,118,0.9120833775910079
13,0.0,119,0.9503665772612843
13,0.0,120,0.99447712469508
13,1.0,0,1.0
13,1.0,1,0.9824613854414066
13,1.0,2,0.9715092544341183
13,1.0,3,1.0115746738971627
13,1.0,4,0.9493562689056559
13,1.0,5,0.9556438383681561
13,1.0,6,0.952500922598725
13,1.0,7,0.9458440929911466
13,1.0,8,0.9785502270477541
13,1.0,9,0.9904324600529044
13,1.0,10,0.9760116299300137
13,1.0,11,0.9544536047066919
13,1.0,12,1.0271643236656427
13,1.0,13,1.0543813192894353
13,1.0,14,1.0949906214632525
13,1.0,15,1.1450543257476893
13,1.0,16,1.1624723993675146
13,1.0,17,1.1535090415721616
13,1.0,18,1.1952601456792682
13,1.0,19,1.1806066036080751
13,1.0,20,1.1919856186187054
13,1.0,21,1.1176635095792098
13,1.0,22,1.1295864356332093
13,1.0,23,1.1658158410060302
13,1.0,24,1.1283709931566461
13,1.0,25,1.1427337532507988
13,1.0,26,1.1808353273102008
13,1.0,27,1.1908742685257614
13,1.0,28,1.2220700656802772
13,1.0,29,1.2385540984790857
13,1.0,30,1.1643773872691916
13,1.0,31,1.1815607034749938
13,1.0,32,1.2319314753448587
13,1.0,33,1.3036864828798889
13,1.0,34,1.3766969219564338
13,1.0,35,1.4733930187952093
13,1.0,36,1.4690278227997422
13,1.0,37,1.36338369619228
13,1.0,38,1.4007748419423753
13,1.0,39,1.4182740992935388
13,1.0,40,1.4171022388318975
13,1.0,41,1.3766628194214565
13,1.0,42,1.3622451332208496
13,1.0,43,1.3706793465609552
13,1.0,44,1.3919290603244
13,1.0,45,1.383836000147009
13,1.0,46,1.445859112886001
13,1.0,47,1.3797441120546985
13,1.0,48,1.3503239810710115
13,1.0,49,1.3200373685768194
13,1.0,50,1.3880458051644355
13,1.0,51,1.431321876842969
13,1.0,52,1.4441306288182327
13,1.0,53,1.4763212718226548
13,1.0,54,1.565885464583391
13,1.0,55,1.4851606950037428
13,1.0,56,1.3870389551465547
13,1.0,57,1.4347099695672216
13,1.0,58,1.4404485083613836
13,1.0,59,1.4499004348184419
13,1.0,60,1.534399296503624
13,1.0,61,1.5841811734194047
13,1.0,62,1.576809148113704
13,1.0,63,1.5566238740347145
13,1.0,64,1.6257033584618656
13,1.0,65,1.7806820717324647
13,1.0,66,1.7728918351239409
13,1.0,67,1.9402691313110287
13,1.0,68,1.9399126801995998
13,1.0,69,1.9350726062187802
13,1.0,70,2.0750438310042028
13,1.0,71,2.0119796426710708
13,1.0,72,2.010113842624483
13,1.0,73,2.016195169306551
13,1.0,74,2.032974320303933
13,1.0,75,2.112316821404402
13,1.0,76,2.0527175751186664
13,1.0,77,2.0304774313201412
13,1.0,78,1.9879186380985991
13,1.0,79,1.894446967060328
13,1.0,80,1.8606178698729983
13,1.0,81,1.7878467597662409
13,1.0,82,1.6760583473685648
13,1.0,83,1.650879929145121
13,1.0,84,1.6134420184162177
13,1.0,85,1.6524246441260146
13,1.0,86,1.715982093213628
13,1.0,87,1.729184798421849
13,1.0,88,1.799196427002878
13,1.0,89,1.6730571846896944
13,1.0,90,1.7951978855928983
13,1.0,91,1.7802615148191043
13,1.0,92,1.7709660960318285
13,1.0,93,1.727504625900341
13,1.0,94,1.7472374495502283
13,1.0,95,1.8033908728480799
13,1.0,96,1.829556208309326
13,1.0,97,1.80016173618658
13,1.0,98,1.8317742841741849
13,1.0,99,1.7966776824705974
13,1.0,100,1.8196056104457128
13,1.0,101,1.7544476916620693
13,1.0,102,1.7771449388595124
13,1.0,103,1.8442502984686104
13,1.0,104,1.8343729170413021
13,1.0,105,1.9368032118348737
13,1.0,106,1.9979932403876772
13,1.0,107,1.8990696029151979
13,1.0,108,1.8925096582337477
13,1.0,109,1.885792735291308
13,1.0,110,1.8369310983542002
13,1.0,111,1.8041861922778855
13,1.0,112,1.827866992460071
13,1.0,113,1.775223744972732
13,1.0,114,1.7800729943213778
13,1.0,115,1.75680506197366
13,1.0,116,1.6696097293126806
13,1.0,117,1.731142712708159
13,1.0,118,1.6997779804889548
13,1.0,119,1.7670376035444664
13,1.0,120,1.8380349251712138
13,3.0,0,1.0
13,3.0,1,0.9976635041158971
13,3.0,2,0.9886477600352316
13,3.0,3,1.0284944634730464
13,3.0,4,0.9811400681117638
13,3.0,5,0.9868549907313441
13,3.0,6,0.9952206104778869
13,3.0,7,0.9889414005115047
13,3.0,8,1.0185228042798915
13,3.0,9,1.0385850696892118
13,3.0,10,1.0165755091913056
13,3.0,11,1.0340351246292108
13,3.0,12,1.0981851734215513
13,3.0,13,1.1107367848817513
13,3.0,14,1.1606299615751545
13,3.0,15,1.2028495629419398
13,3.0,16,1.2200551577400285
13,3.0,17,1.2088487588122532
13,3.0,18,1.2391047694556094
13,3.0,19,1.2143299344951692
13,3.0,20,1.2444175817805
13,3.0,21,1.2019406407978093
13,3.0,22,1.184779891402526
13,3.0,23,1.203712003759116
13,3.0,24,1.1733529208772107
13,3.0,25,1.175009153172917
13,3.0,26,1.1843082101812337
13,3.0,27,1.185378674319316
13,3.0,28,1.2231311660065622
13,3.0,29,1.1970094077733966
13,3.0,30,1.1359186607434575
13,3.0,31,1.1524376182659313
13,3.0,32,1.1925045514291521
13,3.0,33,1.2486068445494154
13,3.0,34,1.3162953474032169
13,3.0,35,1.4068076450088502
13,3.0,36,1.439863697130644
13,3.0,37,1.3554267387888848
13,3.0,38,1.393949733674714
13,3.0,39,1.4307037029941168
13,3.0,40,1.4344101069891366
13,3.0,41,1.4068549578884486
13,3.0,42,1.3984616773709657
13,3.0,43,1.4239505483822104
13,3.0,44,1.4365122986019878
13,3.0,45,1.4487300090154158
13,3.0,46,1.5081853026404857
13,3.0,47,1.4573498611639646
13,3.0,48,1.4454115608653837
13,3.0,49,1.429401263153688
13,3.0,50,1.4770303406830338
13,3.0,51,1.5232337940829983
13,3.0,52,1.5584158451059205
13,3.0,53,1.5858965569183625
13,3.0,54,1.6626126860399608
13,3.0,55,1.6020448272756438
13,3.0,56,1.5160673842945576
13,3.0,57,1.5954569629876245
13,3.0,58,1.6089917756404197
13,3.0,59,1.6475685022503623
13,3.0,60,1.7417295589854813
13,3.0,61,1.817497220009971
13,3.0,62,1.8075389487141982
13,3.0,63,1.8230739857059408
13,3.0,64,1.925971620433728
13,3.0,65,2.075938029766196
13,3.0,66,2.105212584698268
13,3.0,67,2.2071095113094006
13,3.0,68,2.2079081297856282
13,3.0,69,2.155958366247768
13,3.0,70,2.260571230933088
13,3.0,71,2.181087682836973
13,3.0,72,2.2071647935942917
13,3.0,73,2.1788398037775543
13,3.0,74,2.2166531632590467
13,3.0,75,2.261346467940919
13,3.0,76,2.2410635410626276
13,3.0,77,2.2598423952619773
13,3.0,78,2.2148611086573946
13,3.0,79,2.1343386308828847
13,3.0,80,2.113756372996469
13,3.0,81,2.0459097273408062
13,3.0,82,1.9861863460709452
13,3.0,83,1.9162810619869577
13,3.0,84,1.924641654450944
13,3.0,85,1.9232398638103698
13,3.0,86,2.039187509800142
13,3.0,87,2.0733672215146024
13,3.0,88,2.1660953343339164
13,3.0,89,2.0189896298329746
13,3.0,90,2.195983673889261
13,3.0,91,2.188373733637885
13,3.0,92,2.184118934092065
13,3.0,93,2.132671832806909
13,3.0,94,2.2123346832749595
13,3.0,95,2.195947186183714
13,3.0,96,2.1983632910347923
13,3.0,97,2.1686930647587968
13,3.0,98,2.244553432496009
13,3.0,99,2.2070255947480106
13,3.0,100,2.242653798704487
13,3.0,101,2.192760360135897
13,3.0,102,2.1836040055021138
13,3.0,103,2.234194921234019
13,3.0,104,2.1859552687838866
13,3.0,105,2.3209410642170627
13,3.0,106,2.343931605350332
13,3.0,107,2.2661074497802542
13,3.0,108,2.2279285694189244
13,3.0,109,2.206117001665564
13,3.0,110,2.1762246796013986
13,3.0,111,2.1805907322875617
13,3.0,112,2.2125140840678665
13,3.0,113,2.1547424679821914
13,3.0,114,2.1608297114356643
13,3.0,115,2.1199712167457223
13,3.0,116,2.0112192960537776
13,3.0,117,2.09885942644552
13,3.0,118,2.0488628532243394
13,3.0,119,2.099914402406722
13,3.0,120,2.197238529788614
13,10.0,0,1.0
13,10.0,1,0.997476490936654
13,10.0,2,0.9893228240745985
13,10.0,3,1.03046154665057
13,10.0,4,0.9978568448109844
13,10.0,5,1.012313700441792
13,10.0,6,1.0269925669925972
13,10.0,7,1.013503345582696
13,10.0,8,1.034755830421088
13,10.0,9,1.0463018174121559
13,10.0,10,1.052440427798416
13,10.0,11,1.0622687874360375
13,10.0,12,1.1159420010168861
13,10.0,13,1.1098322687072866
13,10.0,14,1.1643329649863638
13,10.0,15,1.20273374336393
13,10.0,16,1.236048195334916
13,10.0,17,1.2484983044099622
13,10.0,18,1.3062282441115132
13,10.0,19,1.2838510582803193
13,10.0,20,1.316425296122604
13,10.0,21,1.2815497230799742
13,10.0,22,1.260589226063198
13,10.0,23,1.2758995713921553
13,10.0,24,1.2468656429175224
13,10.0,25,1.2449264943746987
13,10.0,26,1.2583151559731134
13,10.0,27,1.264045529051036
13,10.0,28,1.2732498198035243
13,10.0,29,1.257230166239455
13,10.0,30,1.2324082383645862
13,10.0,31,1.247826977194487
13,10.0,32,1.2741447982963379
13,10.0,33,1.3077947104126355
13,10.0,34,1.360620200639442
13,10.0,35,1.4148981391381548
13,10.0,36,1.461680866144947
13,10.0,37,1.4095455640646295
13,10.0,38,1.4432564085522832
13,10.0,39,1.4583262605406313
13,10.0,40,1.4524922944265122
13,10.0,41,1.4097614885424596
13,10.0,42,1.402405306743314
13,10.0,43,1.415360138993327
13,10.0,44,1.4224324978988585
13,10.0,45,1.4467767374756026
13,10.0,46,1.4775328379306412
13,10.0,47,1.461001974269999
13,10.0,48,1.4475509283718917
13,10.0,49,1.4969314132000167
13,10.0,50,1.504281876026183
13,10.0,51,1.5498680998043248
13,10.0,52,1.5728559504111825
13,10.0,53,1.6013899998186805
13,10.0,54,1.6487849855072998
13,10.0,55,1.6020773845620466
13,10.0,56,1.5291137029207946
13,10.0,57,1.5600788878740879
13,10.0,58,1.5253604717547706
13,10.0,59,1.5123991271085997
13,10.0,60,1.5676950322571273
13,10.0,61,1.6303208715006485
13,10.0,62,1.6273607437079356
13,10.0,63,1.6661567046872245
13,10.0,64,1.7180266841873395
13,10.0,65,1.8127087949431733
13,10.0,66,1.8855545282785968
13,10.0,67,1.9834614317572605
13,10.0,68,1.957473251320248
13,10.0,69,1.9219320600037186
13,10.0,70,2.020712221464412
13,10.0,71,1.9563242006032244
13,10.0,72,1.9684622938844318
13,10.0,73,1.9731171329234778
13,10.0,74,1.9813184557480201
13,10.0,75,2.041770151745702
13,10.0,76,2.0221558766533265
13,10.0,77,2.0530000324268873
13,10.0,78,1.9982166673145152
13,10.0,79,1.9118418490125377
13,10.0,80,1.89131996841481
13,10.0,81,1.8853653441917138
13,10.0,82,1.8777635039071499
13,10.0,83,1.8508641115051558
13,10.0,84,1.8348016210930405
13,10.0,85,1.8357434196871771
13,10.0,86,1.8792405686798672
13,10.0,87,2.010629937965219
13,10.0,88,2.0927960484542716
13,10.0,89,2.0629161468593713
13,10.0,90,2.1339068850147616
13,10.0,91,2.1119181396826763
13,10.0,92,2.1503177881408533
13,10.0,93,2.0464418984312083
13,10.0,94,2.1350791252766514
13,10.0,95,2.1684551052642815
13,10.0,96,2.179201074060037
13,10.0,97,2.144874025715818
13,10.0,98,2.1203255054818055
13,10.0,99,2.078236670651018
13,10.0,100,2.100709227205488
13,10.0,101,2.038146792006265
13,10.0,102,2.02509318976043
13,10.0,103,2.0115334411526646
13,10.0,104,1.9861548473899426
13,10.0,105,2.0453495132944353
13,10.0,106,2.0511297784692983
13,10.0,107,2.0041445783853122
13,10.0,108,1.9684975079269282
13,10.0,109,1.9479243113864195
13,10.0,110,1.8890226568832862
13,10.0,111,1.9475528291171378
13,10.0,112,1.9651564435975175
13,10.0,113,1.8756343979261632
13,10.0,114,1.8700263069654133
13,10.0,115,1.8096920724482592
13,10.0,116,1.7272182657942003
13,10.0,117,1.7721274117017107
13,10.0,118,1.7414089939618989
13,10.0,119,1.8229893476965577
13,10.0,120,1.900773124508813
14,0.0,0,1.0
14,0.0,1,0.9739820352929858
14,0.0,2,1.0069204787900037
14,0.0,3,1.0554956126503245
14,0.0,4,1.0267424331619928
14,0.0,5,1.0387915050753362
14,0.0,6,1.0288352596493053
14,0.0,7,0.9688412999139839
14,0.0,8,0.9396403564162396
14,0.0,9,0.9854776201060252
14,0.0,10,0.9053703765071248
14,0.0,11,0.8336856591204577
14,0.0,12,0.8730373628740593
14,0.0,13,0.8712964338765783
14,0.0,14,0.8457318718106002
14,0.0,15,0.871911663921237
14,0.0,16,0.8948528640352905
14,0.0,17,0.8785700228866695
14,0.0,18,0.8797457617982021
14,0.0,19,0.9195165804187709
14,0.0,20,0.8961246102837803
14,0.0,21,0.8962228659138758
14,0.0,22,0.8426409760922248
14,0.0,23,0.8651283608410298
14,0.0,24,0.8756360623368045
14,0.0,25,0.8941630165287181
14,0.0,26,0.8851650362783731
14,0.0,27,0.8943715640266002
14,0.0,28,0.8977078172056294
14,0.0,29,0.938083709693724
14,0.0,30,0.9655578564547382
14,0.0,31,0.992870289353061
14,0.0,32,1.00746676468243
14,0.0,33,1.0917908486023407
14,0.0,34,1.0956599262164826
14,0.0,35,1.1063801363021417
14,0.0,36,1.1267908581810717
14,0.0,37,1.204578137404041
14,0.0,38,1.2162591913902217
14,0.0,39,1.193601670926074
14,0.0,40,1.2059482454096557
14,0.0,41,1.2541231289032222
14,0.0,42,1.2329114094495492
14,0.0,43,1.235683904642249
14,0.0,44,1.3540168823733156
14,0.0,45,1.3287762117339807
14,0.0,46,1.362005777991781
14,0.0,47,1.3441008373460959
14,0.0,48,1.329651267174173
14,0.0,49,1.3587061205375675
14,0.0,50,1.4067914824127534
14,0.0,51,1.4425116752889786
14,0.0,52,1.3868898207186584
14,0.0,53,1.4034084771178308
14,0.0,54,1.429782144387402
14,0.0,55,1.5459962911775775
14,0.0,56,1.5443970743022208
14,0.0,57,1.4744148164182584
14,0.0,58,1.5269677200289802
14,0.0,59,1.4782132859861965
14,0.0,60,1.3935788131885072
14,0.0,61,1.3581872524479404
14,0.0,62,1.3992093743272946
14,0.0,63,1.4052953845227425
14,0.0,64,1.357810530862442
14,0.0,65,1.3445873949640295
14,0.0,66,1.4401341071703924
14,0.0,67,1.5207704563181952
14,0.0,68,1.4401694310087718
14,0.0,69,1.4215815837744252
14,0.0,70,1.407420516550455
14,0.0,71,1.4012966377447786
14,0.0,72,1.3765317361307958
14,0.0,73,1.3058511453292885
14,0.0,74,1.3021761808512815
14,0.0,75,1.3130972618291519
14,0.0,76,1.2410668282387043
14,0.0,77,1.1875602594796206
14,0.0,78,1.2362863159201403
14,0.0,79,1.2158400577378392
14,0.0,80,1.231644367503688
14,0.0,81,1.2484092395258901
14,0.0,82,1.2753977997826527
14,0.0,83,1.1722209494418452
14,0.0,84,1.1905791179779728
14,0.0,85,1.1685031413858604
14,0.0,86,1.0998186596338013
14,0.0,87,1.1400115526471832
14,0.0,88,1.1101181931657909
14,0.0,89,1.153453207625563
14,0.0,90,1.1600748878539038
14,0.0,91,0.9856068171576245
14,0.0,92,0.9563445414057457
14,0.0,93,0.9384048594245632
14,0.0,94,0.9466146893862017
14,0.0,95,0.8895157306564521
14,0.0,96,0.9292219531917748
14,0.0,97,0.8975901704714977
14,0.0,98,0.9249142116383652
14,0.0,99,0.8952859091342427
14,0.0,100,0.9050848973321403
14,0.0,101,0.9636338630628359
14,0.0,102,0.9969011576233531
14,0.0,103,0.9582802451344986
14,0.0,104,1.0070518518027478
14,0.0,105,1.0413594028446707
14,0.0,106,1.0533558907397689
14,0.0,107,1.049023337763516
14,0.0,108,1.075659268041576
14,0.0,109,1.0684993568551306
14,0.0,110,0.996052717955434
14,0.0,111,1.007294073594032
14,0.0,112,0.9349346635832362
14,0.0,113,0.9122976953890629
14,0.0,114,0.9200097543510857
14,0.0,115,0.9363141945408884
14,0.0,116,0.9454679152834047
14,0.0,117,0.9452054371489207
14,0.0,118,0.8484965183974145
14,0.0,119,0.831399123045609
14,0.0,120,0.8401498799896527
14,1.0,0,1.0
14,1.0,1,0.9711043010769281
14,1.0,2,1.0099679406269888
14,1.0,3,1.0576491992006203
14,1.0,4,1.048581046056869
14,1.0,5,1.0659659994900736
14,1.0,6,1.0504950788850689
14,1.0,7,1.0029819499531074
14,1.0,8,0.9928476593989226
14,1.0,9,1.0204069702818177
14,1.0,10,0.9791196354934946
14,1.0,11,0.9042164545515767
14,1.0,12,0.9430713595868853
14,1.0,13,0.9724258258141402
14,1.0,14,0.9555483536480295
14,1.0,15,0.9913854210646534
14,1.0,16,1.01558175395902
14,1.0,17,0.9959091690513336
14,1.0,18,0.9875219143232637
14,1.0,19,1.0393565642725149
14,1.0,20,1.0097571862346342
14,1.0,21,1.0096189643762168
14,1.0,22,0.9773534725593308
14,1.0,23,1.0190997323234174
14,1.0,24,1.0372799955162628
14,1.0,25,1.057089502021773
14,1.0,26,1.0517660623256027
14,1.0,27,1.048498687919573
14,1.0,28,1.046660064369129
14,1.0,29,1.0879223336825292
14,1.0,30,1.0977792999737603
14,1.0,31,1.1172643056055205
14,1.0,32,1.1709545620188198
14,1.0,33,1.262277426496719
14,1.0,34,1.261489311576144
14,1.0,35,1.2723969283658956
14,1.0,36,1.333863318030342
14,1.0,37,1.435284115256585
14,1.0,38,1.52207873546983
14,1.0,39,1.4795832287578559
14,1.0,40,1.511393645351876
14,1.0,41,1.535106787359207
14,1.0,42,1.4990811329500127
14,1.0,43,1.4743763516270796
14,1.0,44,1.6052795673124747
14,1.0,45,1.564264215430956
14,1.0,46,1.5931046850812935
14,1.0,47,1.5950816831755803
14,1.0,48,1.5747369400658051
14,1.0,49,1.6635183347267182
14,1.0,50,1.718794196668889
14,1.0,51,1.7508066253909018
14,1.0,52,1.7064554448928757
14,1.0,53,1.73404153034832
14,1.0,54,1.7652087332898851
14,1.0,55,1.9261384057929762
14,1.0,56,1.937028112944065
14,1.0,57,1.8498295553849387
14,1.0,58,1.9580231072088612
14,1.0,59,1.909164956108353
14,1.0,60,1.8105879334980362
14,1.0,61,1.816021533991768
14,1.0,62,1.8732616335957117
14,1.0,63,1.9597451845421845
14,1.0,64,1.857291016857059
14,1.0,65,1.8110031888657327
14,1.0,66,1.8458186587874548
14,1.0,67,1.9359804589346123
14,1.0,68,1.8928929417109133
14,1.0,69,1.8331410033185829
14,1.0,70,1.818382228093668
14,1.0,71,1.7992955706906972
14,1.0,72,1.7532632026745791
14,1.0,73,1.667853772504694
14,1.0,74,1.7120656138753196
14,1.0,75,1.7480407000934608
14,1.0,76,1.700853360754818
14,1.0,77,1.6238020728218279
14,1.0,78,1.6830806371460518
14,1.0,79,1.6734909923281753
14,1.0,80,1.6784642936741152
14,1.0,81,1.7141752324286956
14,1.0,82,1.7477723626698478
14,1.0,83,1.6151585585784614
14,1.0,84,1.6534976899119516
14,1.0,85,1.6519623881345409
14,1.0,86,1.5874943725682216
14,1.0,87,1.6379165201565375
14,1.0,88,1.6495909633480916
14,1.0,89,1.6790478507501176
14,1.0,90,1.6881645925258393
14,1.0,91,1.510623055803701
14,1.0,92,1.4564548449391508
14,1.0,93,1.4334120170744837
14,1.0,94,1.4813476644192074
14,1.0,95,1.3988649983910597
14,1.0,96,1.389595205743111
14,1.0,97,1.381037923187926
14,1.0,98,1.320110755718766
14,1.0,99,1.3044126499768225
14,1.0,100,1.3463141668156906
14,1.0,101,1.4160941360825328
14,1.0,102,1.4504139548658566
14,1.0,103,1.4170179579342046
14,1.0,104,1.4634745418663662
14,1.0,105,1.5135586994296546
14,1.0,106,1.5013980457241753
14,1.0,107,1.460486062392301
14,1.0,108,1.4829297958785517
14,1.0,109,1.4872865088014229
14,1.0,110,1.4462773712392536
14,1.0,111,1.4720097103686502
14,1.0,112,1.3791061111057203
14,1.0,113,1.39616561002638
14,1.0,114,1.4182697438198661
14,1.0,115,1.4290162726685705
14,1.0,116,1.4619843258713694
14,1.0,117,1.4610266815006603
14,1.0,118,1.3723126095400804
14,1.0,119,1.3647798713653854
14,1.0,120,1.3335693569897167
14,3.0,0,1.0
14,3.0,1,0.9647141481854854
14,3.0,2,1.0065641378751946
14,3.0,3,1.0270984985552836
14,3.0,4,1.030428127805102
14,3.0,5,1.054112716869453
14,3.0,6,1.0365316679379495
14,3.0,7,0.992326303645884
14,3.0,8,0.9841606143190186
14,3.0,9,1.0190520364670383
14,3.0,10,0.9979082709049041
14,3.0,11,0.933388861012748
14,3.0,12,0.9757948978771714
14,3.0,13,1.0044963904416067
14,3.0,14,0.9741440699198084
14,3.0,15,0.9781134467668695
14,3.0,16,0.969630849790563
14,3.0,17,0.9749631322590773
14,3.0,18,0.9507920594216872
14,3.0,19,0.989373928845914
14,3.0,20,0.9775069601181708
14,3.0,21,0.9500696035622557
14,3.0,22,0.9300321947083684
14,3.0,23,0.9548832441432168
14,3.0,24,0.9473632028812111
14,3.0,25,0.9634093721795883
14,3.0,26,0.951390659328378
14,3.0,27,0.9526576569006245
14,3.0,28,0.9473678653946924
14,3.0,29,1.0001563040543802
14,3.0,30,0.9953619864056911
14,3.0,31,0.9797598432204712
14,3.0,32,1.0328305887676639
14,3.0,33,1.1371182923693288
14,3.0,34,1.1135384263867654
14,3.0,35,1.1324621442895846
14,3.0,36,1.1861056106731982
14,3.0,37,1.3013836402134675
14,3.0,38,1.3616886298553195
14,3.0,39,1.3193576720374114
14,3.0,40,1.352984889981727
14,3.0,41,1.3811659601703579
14,3.0,42,1.3905661127814974
14,3.0,43,1.3734951203326151
14,3.0,44,1.4730125358702364
14,3.0,45,1.4305933505437574
14,3.0,46,1.4201981971538982
14,3.0,47,1.458312951128729
14,3.0,48,1.4379424575387483
14,3.0,49,1.5434305546366156
14,3.0,50,1.5927977659042205
14,3.0,51,1.6196033118508169
14,3.0,52,1.5640891898916611
14,3.0,53,1.5884970666148646
14,3.0,54,1.5905192437563989
14,3.0,55,1.7452784666907593
14,3.0,56,1.7314789667515438
14,3.0,57,1.6616091287870143
14,3.0,58,1.7631623477345206
14,3.0,59,1.7132544491572423
14,3.0,60,1.657433335655586
14,3.0,61,1.6655122189146787
14,3.0,62,1.7155571077196436
14,3.0,63,1.81378876024924
14,3.0,64,1.7606433675457702
14,3.0,65,1.770619535443895
14,3.0,66,1.76050144188628
14,3.0,67,1.8124030192657248
14,3.0,68,1.807754738055809
14,3.0,69,1.7500338854288495
14,3.0,70,1.7132608945355454
14,3.0,71,1.6730047106351968
14,3.0,72,1.6326747824613794
14,3.0,73,1.5320997315938245
14,3.0,74,1.5933716670983273
14,3.0,75,1.6769445665427942
14,3.0,76,1.6196362038710839
14,3.0,77,1.5266118306842795
14,3.0,78,1.5427677933631723
14,3.0,79,1.5491410518384423
14,3.0,80,1.5634146614366211
14,3.0,81,1.6105608438850925
14,3.0,82,1.6322763876517652
14,3.0,83,1.546732833811255
14,3.0,84,1.5309604843109978
14,3.0,85,1.508793445658945
14,3.0,86,1.4682356389098554
14,3.0,87,1.4901336128549718
14,3.0,88,1.4498425740434926
14,3.0,89,1.5090829746918404
14,3.0,90,1.5009483681271303
14,3.0,91,1.4025746911791273
14,3.0,92,1.3573840859658695
14,3.0,93,1.355575688121132
14,3.0,94,1.4316158114312225
14,3.0,95,1.3623630528493802
14,3.0,96,1.384000629883195
14,3.0,97,1.3994721242710568
14,3.0,98,1.337935826722023
14,3.0,99,1.3690174042977459
14,3.0,100,1.412834177423293
14,3.0,101,1.4607004803501236
14,3.0,102,1.4791888782186302
14,3.0,103,1.4382800451236963
14,3.0,104,1.4369029551290058
14,3.0,105,1.4580270385353216
14,3.0,106,1.4131098783904765
14,3.0,107,1.3427176432121009
14,3.0,108,1.34002789427816
14,3.0,109,1.3584796221105624
14,3.0,110,1.35458355353006
14,3.0,111,1.3802989469840903
14,3.0,112,1.306906663380079
14,3.0,113,1.356435689547396
14,3.0,114,1.382683874771648
14,3.0,115,1.3577796470874381
14,3.0,116,1.3980840531200076
14,3.0,117,1.3996032943226557
14,3.0,118,1.363995071093461
14,3.0,119,1.3321981298567351
14,3.0,120,1.2824125032582594
14,10.0,0,1.0
14,10.0,1,0.9644957203860222
14,10.0,2,1.0015309650692055
14,10.0,3,1.021524627833522
14,10.0,4,1.0126584103983314
14,10.0,5,1.0261773166910628
14,10.0,6,1.020321023254032
14,10.0,7,0.9939311843671961
14,10.0,8,0.9567139924075293
14,10.0,9,1.0020785925337123
14,10.0,10,1.0041840280206562
14,10.0,11,0.9428271253242302
14,10.0,12,0.9714254556443109
14,10.0,13,0.982992012857407
14,10.0,14,0.970288603688731
14,10.0,15,0.9776195212375136
14,10.0,16,0.986314323051414
14,10.0,17,0.9598284574072181
14,10.0,18,0.9519570246047961
14,10.0,19,1.0063609426424254
14,10.0,20,0.993201558358391
14,10.0,21,0.987424902713188
14,10.0,22,0.9906215650173141
14,10.0,23,1.0421419423064744
14,10.0,24,1.045196672929785
14,10.0,25,1.0499528281897146
14,10.0,26,1.0251577064673252
14,10.0,27,0.9858638511702523
14,10.0,28,0.9890226047624142
14,10.0,29,1.0264626336851088
14,10.0,30,0.9885413523629083
14,10.0,31,0.969048274404615
14,10.0,32,0.9826750176365986
14,10.0,33,1.0860512951874888
14,10.0,34,1.0992016890617844
14,10.0,35,1.1003506391301041
14,10.0,36,1.1532855557474353
14,10.0,37,1.2150575788266365
14,10.0,38,1.2827506721552437
14,10.0,39,1.2406722959582557
14,10.0,40,1.2442397183290117
14,10.0,41,1.2121015651784954
14,10.0,42,1.1820664507121987
14,10.0,43,1.1644531063076442
14,10.0,44,1.2089139866357208
14,10.0,45,1.181879014522782
14,10.0,46,1.1800695175463645
14,10.0,47,1.1770582311336317
14,10.0,48,1.1529415356098265
14,10.0,49,1.2062325410812635
14,10.0,50,1.1971981363811968
14,10.0,51,1.2307454990219813
14,10.0,52,1.2076745292168254
14,10.0,53,1.2265777321942912
14,10.0,54,1.2172111674871668
14,10.0,55,1.319772265259443
14,10.0,56,1.2967370051734752
14,10.0,57,1.2521490792847587
14,10.0,58,1.3352273568605815
14,10.0,59,1.281141495326669
14,10.0,60,1.2460562081809512
14,10.0,61,1.270476003106875
14,10.0,62,1.3350921832833078
14,10.0,63,1.351982340151831
14,10.0,64,1.3033618077441453
14,10.0,65,1.3431788659894723
14,10.0,66,1.3874029167185034
14,10.0,67,1.429886634383187
14,10.0,68,1.4279583581587378
14,10.0,69,1.3958731986266135
14,10.0,70,1.3831575650909018
14,10.0,71,1.3217541230561687
14,10.0,72,1.3427038603769932
14,10.0,73,1.2784309468799335
14,10.0,74,1.328663660315625
14,10.0,75,1.3360771642513092
14,10.0,76,1.3222108621994375
14,10.0,77,1.2666078084717987
14,10.0,78,1.297988918956667
14,10.0,79,1.3127562621351707
14,10.0,80,1.2933378347421889
14,10.0,81,1.339006576174182
14,10.0,82,1.3602214715012508
14,10.0,83,1.3115074229961048
14,10.0,84,1.3008908499742766
14,10.0,85,1.2763441038383094
14,10.0,86,1.244482801669427
14,10.0,87,1.2556121363825499
14,10.0,88,1.2077866272771918
14,10.0,89,1.2460202345450742
14,10.0,90,1.2496591005975373
14,10.0,91,1.1522987348265497
14,10.0,92,1.118945785244792
14,10.0,93,1.1439808921314853
14,10.0,94,1.2271068776608764
14,10.0,95,1.214525940340394
14,10.0,96,1.218341549974899
14,10.0,97,1.1914441722476685
14,10.0,98,1.1471225417370363
14,10.0,99,1.185241581377354
14,10.0,100,1.224113429709753
14,10.0,101,1.2440264824384617
14,10.0,102,1.3073484634911974
14,10.0,103,1.2859091852289295
14,10.0,104,1.254177614119117
14,10.0,105,1.2559442133308365
14,10.0,106,1.2569965423785867
14,10.0,107,1.1999483625777227
14,10.0,108,1.2014986804919214
14,10.0,109,1.2336964942633095
14,10.0,110,1.257486295568377
14,10.0,111,1.293153621363883
14,10.0,112,1.2814961615889748
14,10.0,113,1.3224944074502736
14,10.0,114,1.3350718003888464
14,10.0,115,1.3124681452904494
14,10.0,116,1.3412985749155069
14,10.0,117,1.3256595282910615
14,10.0,118,1.276447023489789
14,10.0,119,1.262128788610115
14,10.0,120,1.2315915428197777
15,0.0,0,1.0
15,0.0,1,0.9882922283955877
15,0.0,2,1.0020691088298335
15,0.0,3,0.9700764649782696
15,0.0,4,0.9146492064896169
15,0.0,5,0.8305571795624576
15,0.0,6,0.806463836875896
15,0.0,7,0.8246769634109545
15,0.0,8,0.8719141914256882
15,0.0,9,0.8991834672096788
15,0.0,10,0.9016274707067121
15,0.0,11,0.8988779752330689
15,0.0,12,0.9314402679908731
15,0.0,13,0.9239298950118643
15,0.0,14,0.9085113632338779
15,0.0,15,0.8842943499926118
15,0.0,16,0.8132579056901839
15,0.0,17,0.8473937118372111
15,0.0,18,0.8374550597882108
15,0.0,19,0.8267706743625364
15,0.0,20,0.8441712527706762
15,0.0,21,0.8374290178739698
15,0.0,22,0.8276930905549726
15,0.0,23,0.8509112334538191
15,0.0,24,0.8179249281096835
15,0.0,25,0.8842783204891979
15,0.0,26,0.928813725059587
15,0.0,27,0.95471144636378
15,0.0,28,0.9305710789726401
15,0.0,29,0.9525476607533728
15,0.0,30,0.9653208476213287
15,0.0,31,0.998695047247739
15,0.0,32,0.9660928190063166
15,0.0,33,0.9296832113602123
15,0.0,34,0.9393469184007976
15,0.0,35,0.9893594415350114
15,0.0,36,0.9824738573153065
15,0.0,37,1.0110468208627441
15,0.0,38,1.0310808909769287
15,0.0,39,1.0466299558198804
15,0.0,40,1.062406120373984
15,0.0,41,1.0758190570352648
15,0.0,42,1.1242330425806804
15,0.0,43,1.1362102182050302
15,0.0,44,1.1222750725716688
15,0.0,45,1.0550853438721517
15,0.0,46,1.0451700061639888
15,0.0,47,1.002349819743974
15,0.0,48,1.005512136094135
15,0.0,49,0.9840099936777392
15,0.0,50,1.0302950940028548
15,0.0,51,1.017466822396832
15,0.0,52,1.057081533081355
15,0.0,53,1.0568818348009432
15,0.0,54,1.0125751210670044
15,0.0,55,1.0076399024790577
15,0.0,56,1.0312412214414801
15,0.0,57,1.0810163516051396
15,0.0,58,0.9559261756452486
15,0.0,59,0.982456132885278
15,0.0,60,0.947779244836321
15,0.0,61,1.0093741303466766
15,0.0,62,0.9951440025408101
15,0.0,63,0.9783300675109144
15,0.0,64,0.9541832641803558
15,0.0,65,0.9262128048066702
15,0.0,66,0.9358996340291791
15,0.0,67,0.9768223814271508
15,0.0,68,0.9771150561847944
15,0.0,69,0.9591802848532296
15,0.0,70,0.9725476213833786
15,0.0,71,0.9525670322850648
15,0.0,72,0.9979889451963317
15,0.0,73,0.9404038924249982
15,0.0,74,0.9484540996828107
15,0.0,75,0.976924094261547
15,0.0,76,0.8476419705923053
15,0.0,77,0.8635205229481884
15,0.0,78,0.8374691684991166
15,0.0,79,0.8032467194831705
15,0.0,80,0.8343455649825084
15,0.0,81,0.8379282672754818
15,0.0,82,0.7813087669308871
15,0.0,83,0.7824443820572957
15,0.0,84,0.7724216378475921
15,0.0,85,0.7927074222369558
15,0.0,86,0.7970424029119167
15,0.0,87,0.8176056110448539
15,0.0,88,0.7960239256448016
15,0.0,89,0.8446014672508387
15,0.0,90,0.8862492643193812
15,0.0,91,0.9214302915903858
15,0.0,92,0.9718296344888512
15,0.0,93,1.0206788502428306
15,0.0,94,0.9482394907794353
15,0.0,95,0.999409472680998
15,0.0,96,1.0632883700266647
15,0.0,97,1.0448749295130013
15,0.0,98,1.045474063575948
15,0.0,99,1.035581386791757
15,0.0,100,0.9692323114574979
15,0.0,101,0.955248342835124
15,0.0,102,0.9260299039462997
15,0.0,103,0.8152429300110025
15,0.0,104,0.8223996905673073
15,0.0,105,0.8172256787747904
15,0.0,106,0.813286424561374
15,0.0,107,0.784027311392793
15,0.0,108,0.8166662355717162
15,0.0,109,0.7978598103536403
15,0.0,110,0.7984694980563555
15,0.0,111,0.8105537424421536
15,0.0,112,0.7941529410514842
15,0.0,113,0.8242838702439619
15,0.0,114,0.7756376065216944
15,0.0,115,0.8038911692777109
15,0.0,116,0.8394489192873469
15,0.0,117,0.808700481866582
15,0.0,118,0.8237756841258653
15,0.0,119,0.8500235836523374
15,0.0,120,0.869160642969489
15,1.0,0,1.0
15,1.0,1,1.0340768452838434
15,1.0,2,1.0443648255398483
15,1.0,3,1.0145556321604934
15,1.0,4,0.9973848744622394
15,1.0,5,0.9117080841041624
15,1.0,6,0.8926901591771724
15,1.0,7,0.9092810993816184
15,1.0,8,0.9393397845693555
15,1.0,9,0.9511481076339684
15,1.0,10,0.9891019373063821
15,1.0,11,0.9901899612958173
15,1.0,12,1.026296409776979
15,1.0,13,1.0239702525242966
15,1.0,14,1.033495008063613
15,1.0,15,0.9800206703936146
15,1.0,16,0.9261400279666918
15,1.0,17,0.9198383604098861
15,1.0,18,0.9196234898828659
15,1.0,19,0.9126909464996998
15,1.0,20,0.9283395738191267
15,1.0,21,0.927481124475413
15,1.0,22,0.9347807345165146
15,1.0,23,0.9454170558523657
15,1.0,24,0.9174269455021405
15,1.0,25,0.9819969663632292
15,1.0,26,1.0369631028671562
15,1.0,27,1.040465979440286
15,1.0,28,1.01294790391514
15,1.0,29,1.0239241576799103
15,1.0,30,1.0146135298973749
15,1.0,31,1.0370189202478355
15,1.0,32,0.9810711307388689
15,1.0,33,0.978472707954587
15,1.0,34,0.996425202200126
15,1.0,35,1.0522872611187515
15,1.0,36,1.0359005186670884
15,1.0,37,1.0659888906219839
15,1.0,38,1.0993950921942104
15,1.0,39,1.121427184419338
15,1.0,40,1.1195373920655587
15,1.0,41,1.1213603740390845
15,1.0,42,1.153179070261196
15,1.0,43,1.1910915661366188
15,1.0,44,1.1818666867329213
15,1.0,45,1.1607035616711032
15,1.0,46,1.1590680887762137
15,1.0,47,1.1339848799948105
15,1.0,48,1.1445026766414528
15,1.0,49,1.1194637502880083
15,1.0,50,1.182047117405021
15,1.0,51,1.1673293714297277
15,1.0,52,1.212778927429885
15,1.0,53,1.2215336269195
15,1.0,54,1.2037664067081593
15,1.0,55,1.2039112698098768
15,1.0,56,1.2369392572142581
15,1.0,57,1.303420216640358
15,1.0,58,1.246739352473016
15,1.0,59,1.2848802086829554
15,1.0,60,1.2491681215334705
15,1.0,61,1.3316091515876696
15,1.0,62,1.3052848603370242
15,1.0,63,1.2787582779604867
15,1.0,64,1.2377847059744809
15,1.0,65,1.2074987202298766
15,1.0,66,1.1931688293772862
15,1.0,67,1.2203430279656862
15,1.0,68,1.242166857385384
15,1.0,69,1.2293461786778546
15,1.0,70,1.239672719627075
15,1.0,71,1.2689558987400678
15,1.0,72,1.3352907717323401
15,1.0,73,1.3024325768959109
15,1.0,74,1.2837682303074578
15,1.0,75,1.3098656538200604
15,1.0,76,1.1417700714910806
15,1.0,77,1.165470913401338
15,1.0,78,1.1283043754708162
15,1.0,79,1.0816694994326466
15,1.0,80,1.0934702407155925
15,1.0,81,1.09909528170918
15,1.0,82,1.0312520580559856
15,1.0,83,1.0358337703338751
15,1.0,84,1.0473080354694466
15,1.0,85,1.0848110637342485
15,1.0,86,1.1018937433818226
15,1.0,87,1.1234688840010152
15,1.0,88,1.0929346646443974
15,1.0,89,1.1592693125762137
15,1.0,90,1.1908388396863399
15,1.0,91,1.2356895700146286
15,1.0,92,1.310058873749902
15,1.0,93,1.3656455183515201
15,1.0,94,1.3136621147260086
15,1.0,95,1.2981074741494898
15,1.0,96,1.3729343543652779
15,1.0,97,1.364177800473059
15,1.0,98,1.3712793457595425
15,1.0,99,1.3600503396707169
15,1.0,100,1.279396883390237
15,1.0,101,1.2915635347688603
15,1.0,102,1.2598458782858555
15,1.0,103,1.140779308106938
15,1.0,104,1.1590067404657896
15,1.0,105,1.2005982691248898
15,1.0,106,1.139232594467695
15,1.0,107,1.106154762151695
15,1.0,108,1.1087245240191896
15,1.0,109,1.1240518032754636
15,1.0,110,1.0978333641819713
15,1.0,111,1.0691049062020503
15,1.0,112,1.0653759306072221
15,1.0,113,1.131134582555547
15,1.0,114,1.1062065885089942
15,1.0,115,1.160265395119102
15,1.0,116,1.2142312752456035
15,1.0,117,1.2121321057976018
15,1.0,118,1.2352839514803924
15,1.0,119,1.2699895572445385
15,1.0,120,1.2985815468747393
15,3.0,0,1.0
15,3.0,1,1.0596456927111464
15,3.0,2,1.0725580491360616
15,3.0,3,1.0338197737088881
15,3.0,4,1.0248153411797127
15,3.0,5,0.98193173177953
15,3.0,6,0.9737223240534066
15,3.0,7,0.9950082893254987
15,3.0,8,1.008286702365656
15,3.0,9,0.973645793610502
15,3.0,10,0.9829503103970927
15,3.0,11,0.9991347920175816
15,3.0,12,1.057154277912978
15,3.0,13,1.054260623440351
15,3.0,14,1.0652900748689078
15,3.0,15,1.054652896176856
15,3.0,16,1.023187441824378
15,3.0,17,1.0163083110183166
15,3.0,18,1.0085429755724657
15,3.0,19,0.986224782211689
15,3.0,20,1.0104971086618193
15,3.0,21,1.0321501353298916
15,3.0,22,1.0233382122224037
15,3.0,23,1.0117148435337875
15,3.0,24,0.9635699765613541
15,3.0,25,1.017175211465797
15,3.0,26,1.0493563932923906
15,3.0,27,1.0617710938549176
15,3.0,28,1.032940951213396
15,3.0,29,1.035920500207888
15,3.0,30,1.0532749677474131
15,3.0,31,1.054789313977243
15,3.0,32,1.0232511760766223
15,3.0,33,1.031130497796288
15,3.0,34,1.0066418260534995
15,3.0,35,1.0773423026171363
15,3.0,36,1.0852436275278614
15,3.0,37,1.0997238281394233
15,3.0,38,1.1317113280242084
15,3.0,39,1.1659609218557652
15,3.0,40,1.1962496270859375
15,3.0,41,1.2019808149108124
15,3.0,42,1.2314343130241152
15,3.0,43,1.2780655081121812
15,3.0,44,1.276217893561482
15,3.0,45,1.2397448828523896
15,3.0,46,1.2238525879754876
15,3.0,47,1.2144927189012684
15,3.0,48,1.2295240355641395
15,3.0,49,1.2017276071715077
15,3.0,50,1.2701544032526928
15,3.0,51,1.2543396276982535
15,3.0,52,1.3031768972363864
15,3.0,53,1.3129348651875195
15,3.0,54,1.2921494389520622
15,3.0,55,1.2885980637024452
15,3.0,56,1.3280308095686049
15,3.0,57,1.3947107158897063
15,3.0,58,1.4304309263997423
15,3.0,59,1.4919002894316653
15,3.0,60,1.4566830447674046
15,3.0,61,1.559644578999731
15,3.0,62,1.5383554381322724
15,3.0,63,1.5021926313492575
15,3.0,64,1.4381594264024262
15,3.0,65,1.4177779780702233
15,3.0,66,1.4151976074575738
15,3.0,67,1.4397973384832834
15,3.0,68,1.455019325353498
15,3.0,69,1.443064926387004
15,3.0,70,1.4451449452813443
15,3.0,71,1.4973822126806215
15,3.0,72,1.596702234998891
15,3.0,73,1.6193547153176842
15,3.0,74,1.609006206616452
15,3.0,75,1.6238133654586075
15,3.0,76,1.5500851504168611
15,3.0,77,1.5976101037409423
15,3.0,78,1.5502937220493678
15,3.0,79,1.498898121550127
15,3.0,80,1.5207466480743783
15,3.0,81,1.5648261709813844
15,3.0,82,1.523384225669702
15,3.0,83,1.527535752014334
15,3.0,84,1.5881736551910481
15,3.0,85,1.641885858454431
15,3.0,86,1.70132093475294
15,3.0,87,1.7909495072656292
15,3.0,88,1.7353535049859523
15,3.0,89,1.841474739908917
15,3.0,90,1.8717201130471948
15,3.0,91,1.9028499221618198
15,3.0,92,2.0238573513431466
15,3.0,93,2.1032497106540937
15,3.0,94,2.042188825900105
15,3.0,95,1.9612273194261753
15,3.0,96,2.064607016076524
15,3.0,97,2.0816919742831446
15,3.0,98,2.0917424809580383
15,3.0,99,2.1075881026319774
15,3.0,100,1.9807573184260496
15,3.0,101,2.08612922903251
15,3.0,102,2.057879253093075
15,3.0,103,1.9642893313378667
15,3.0,104,2.029281259141978
15,3.0,105,2.0482495966914818
15,3.0,106,1.8955266239839834
15,3.0,107,1.8861008584947792
15,3.0,108,1.9400041666780272
15,3.0,109,2.0140067906106487
15,3.0,110,1.9856147824473116
15,3.0,111,1.8986136100011624
15,3.0,112,1.9560449334432917
15,3.0,113,2.0960948044182723
15,3.0,114,2.111622259069208
15,3.0,115,2.215136044529177
15,3.0,116,2.3194521401522348
15,3.0,117,2.3278245166061
15,3.0,118,2.3654150755462346
15,3.0,119,2.4336248344593
15,3.0,120,2.4282338882811905
15,10.0,0,1.0
15,10.0,1,1.0691089631230786
15,10.0,2,1.0904076050221272
15,10.0,3,1.0502622621004167
15,10.0,4,1.015110631863939
15,10.0,5,0.9828103762317778
15,10.0,6,0.9863942997697417
15,10.0,7,0.9973831618949901
15,10.0,8,1.025072454724652
15,10.0,9,1.0046121061812563
15,10.0,10,1.0129857960417838
15,10.0,11,1.0107159970177981
15,10.0,12,1.0610871484812785
15,10.0,13,1.0823341848231314
15,10.0,14,1.121179519422436
15,10.0,15,1.1341545160578976
15,10.0,16,1.1094231412820517
15,10.0,17,1.1235387079730712
15,10.0,18,1.1218394163998797
15,10.0,19,1.1055107683772611
15,10.0,20,1.1362478706018408
15,10.0,21,1.1646696535289238
15,10.0,22,1.1898260252293806
15,10.0,23,1.2070055983215986
15,10.0,24,1.1599731725491607
15,10.0,25,1.210866006633786
15,10.0,26,1.2598060831314084
15,10.0,27,1.257578924613151
15,10.0,28,1.2216870768403452
15,10.0,29,1.2430414653761168
15,10.0,30,1.2733158258102222
15,10.0,31,1.28239784315755
15,10.0,32,1.2471146341580421
15,10.0,33,1.2402984002808646
15,10.0,34,1.2238503859137675
15,10.0,35,1.3069837325717977
15,10.0,36,1.295131218782839
15,10.0,37,1.2966557001006016
15,10.0,38,1.327894575231706
15,10.0,39,1.345251038619852
15,10.0,40,1.3495339696191748
15,10.0,41,1.331100362438943
15,10.0,42,1.3375408052689515
15,10.0,43,1.3509047482949994
15,10.0,44,1.3515931769087999
15,10.0,45,1.3433890297090074
15,10.0,46,1.3151460543791784
15,10.0,47,1.3000561128807595
15,10.0,48,1.277145630322958
15,10.0,49,1.26458634653198
15,10.0,50,1.312514248219141
15,10.0,51,1.2885806548573937
15,10.0,52,1.3421583106991117
15,10.0,53,1.3527101582428487
15,10.0,54,1.332863416907192
15,10.0,55,1.3396314174461184
15,10.0,56,1.4012607647287134
15,10.0,57,1.4250044990175461
15,10.0,58,1.383443745279687
15,10.0,59,1.4305390168870735
15,10.0,60,1.4218405387726682
15,10.0,61,1.5046851617892438
15,10.0,62,1.5264625613739973
15,10.0,63,1.5091888661363313
15,10.0,64,1.475204270644037
15,10.0,65,1.4428338538536845
15,10.0,66,1.4131852701377183
15,10.0,67,1.4418904334928206
15,10.0,68,1.4951229326854276
15,10.0,69,1.5273704791760185
15,10.0,70,1.5683168556632368
15,10.0,71,1.5514055761425518
15,10.0,72,1.6316987070513198
15,10.0,73,1.641152927005115
15,10.0,74,1.588270365101342
15,10.0,75,1.6290072746932964
15,10.0,76,1.4970435023948296
15,10.0,77,1.5464233016711897
15,10.0,78,1.4988295255232424
15,10.0,79,1.457220506783783
15,10.0,80,1.4580973321486206
15,10.0,81,1.5123329914654051
15,10.0,82,1.465318974023187
15,10.0,83,1.4638514072493103
15,10.0,84,1.5122094543568148
15,10.0,85,1.5602627977190833
15,10.0,86,1.63212058470958
15,10.0,87,1.705211712512479
15,10.0,88,1.656794597936078
15,10.0,89,1.7463751534310996
15,10.0,90,1.7554333377402527
15,10.0,91,1.7733261225583976
15,10.0,92,1.881304514141589
15,10.0,93,1.9429401362530492
15,10.0,94,1.8581353655887856
15,10.0,95,1.84776314488174
15,10.0,96,1.9354506004668224
15,10.0,97,1.957120480294338
15,10.0,98,1.9576285940564708
15,10.0,99,1.9577309149800837
15,10.0,100,1.906169108115222
15,10.0,101,1.976068847481704
15,10.0,102,1.99781074600483
15,10.0,103,1.9260911415300042
15,10.0,104,1.9678301900998487
15,10.0,105,1.9669091514274695
15,10.0,106,1.8858511783758705
15,10.0,107,1.9192878057650342
15,10.0,108,1.9539411812666982
15,10.0,109,2.015848419872327
15,10.0,110,1.9472174218929847
15,10.0,111,1.988060521668283
15,10.0,112,1.9946894946370235
15,10.0,113,2.113215640473017
15,10.0,114,2.062933752461246
15,10.0,115,2.126607472932857
15,10.0,116,2.223957853987735
15,10.0,117,2.218265493880562
15,10.0,118,2.2187172249443905
15,10.0,119,2.185896794508526
15,10.0,120,2.173834134935362
16,0.0,0,1.0
16,0.0,1,0.992713558945012
16,0.0,2,1.0019093373382137
16,0.0,3,0.986361003632594
16,0.0,4,1.0188092947854201
16,0.0,5,0.9769587606700463
16,0.0,6,0.962936556768213
16,0.0,7,0.9498718037212005
16,0.0,8,0.926210670377433
16,0.0,9,0.9020206032122581
16,0.0,10,0.9307444409180887
16,0.0,11,0.9137573343077792
16,0.0,12,0.9032076904101205
16,0.0,13,0.9016091461810625
16,0.0,14,0.9270334310058855
16,0.0,15,0.8822162267442581
16,0.0,16,0.8632381293662399
16,0.0,17,0.8579245268662379
16,0.0,18,0.8865167438570974
16,0.0,19,0.918042785738521
16,0.0,20,0.9155581620352415
16,0.0,21,0.8842231060854732
16,0.0,22,0.8889632603519263
16,0.0,23,0.9161239572966656
16,0.0,24,0.9174708755329672
16,0.0,25,0.8824941901729827
16,0.0,26,0.8774097185987666
16,0.0,27,0.8749955652979592
16,0.0,28,0.8494512320436369
16,0.0,29,0.8735397500754342
16,0.0,30,0.9238652973679375
16,0.0,31,0.9244606796405379
16,0.0,32,0.9254384679693415
16,0.0,33,0.9329807471325312
16,0.0,34,0.8587859858725266
16,0.0,35,0.8501636014904387
16,0.0,36,0.8448281936296427
16,0.0,37,0.8357811215171401
16,0.0,38,0.8629259774720931
16,0.0,39,0.8602194561515052
16,0.0,40,0.855063000141818
16,0.0,41,0.8078519856320098
16,0.0,42,0.7726914649465673
16,0.0,43,0.7653069409956088
16,0.0,44,0.7632318911875579
16,0.0,45,0.7766745960464031
16,0.0,46,0.7714750789360202
16,0.0,47,0.7695511712532833
16,0.0,48,0.734359838815657
16,0.0,49,0.7707564874220013
16,0.0,50,0.7658744892660178
16,0.0,51,0.7581549337193488
16,0.0,52,0.783037697750575
16,0.0,53,0.7946300742641289
16,0.0,54,0.8087688598910985
16,0.0,55,0.834000093760477
16,0.0,56,0.8568513735879871
16,0.0,57,0.8533730614410591
16,0.0,58,0.8615142500383833
16,0.0,59,0.8833661763567856
16,0.0,60,0.8862201237359818
16,0.0,61,0.872415497680813
16,0.0,62,0.8425945995783457
16,0.0,63,0.8675640408302288
16,0.0,64,0.8622796552674016
16,0.0,65,0.8515416001703134
16,0.0,66,0.8692596017348829
16,0.0,67,0.8949879651654731
16,0.0,68,0.8766844835685487
16,0.0,69,0.8715482840945998
16,0.0,70,0.8081546099299958
16,0.0,71,0.8191650433939232
16,0.0,72,0.7774321777433988
16,0.0,73,0.7856391771838154
16,0.0,74,0.8130558782210469
16,0.0,75,0.8349909227328878
16,0.0,76,0.8301163990417073
16,0.0,77,0.7998058626443411
16,0.0,78,0.8180309569802764
16,0.0,79,0.7356322013558152
16,0.0,80,0.7068681684026942
16,0.0,81,0.6723032500929749
16,0.0,82,0.6550094283690692
16,0.0,83,0.6482537140853094
16,0.0,84,0.6544185287009947
16,0.0,85,0.6153338006741662
16,0.0,86,0.612770490564028
16,0.0,87,0.6335534000208994
16,0.0,88,0.6151338915731006
16,0.0,89,0.6399012585462402
16,0.0,90,0.6232824567341712
16,0.0,91,0.6006589880473173
16,0.0,92,0.5980982839481371
16,0.0,93,0.6197400248996392
16,0.0,94,0.6236433745965843
16,0.0,95,0.6684744877403425
16,0.0,96,0.6864752382212527
16,0.0,97,0.653330610163725
16,0.0,98,0.6741412886739429
16,0.0,99,0.6984559506248295
16,0.0,100,0.6221428706467161
16,0.0,101,0.619509438629734
16,0.0,102,0.6602716399795187
16,0.0,103,0.6708617967432655
16,0.0,104,0.631728722118184
16,0.0,105,0.6665603553118742
16,0.0,106,0.664223260320464
16,0.0,107,0.642543852948571
16,0.0,108,0.6050348985019013
16,0.0,109,0.6130664162149292
16,0.0,110,0.6150822556083597
16,0.0,111,0.599216404559488
16,0.0,112,0.5927355738432785
16,0.0,113,0.5950620143556425
16,0.0,114,0.5710935690143513
16,0.0,115,0.5827907993421652
16,0.0,116,0.6068220617413573
16,0.0,117,0.5987057347604604
16,0.0,118,0.6148149285625352
16,0.0,119,0.6331209103456502
16,0.0,120,0.64463405598678
16,1.0,0,1.0
16,1.0,1,0.9969474442992462
16,1.0,2,0.9946342029038374
16,1.0,3,0.9948257170622251
16,1.0,4,1.0290096307625305
16,1.0,5,0.9882717401005257
16,1.0,6,0.9888133529454355
16,1.0,7,0.9818495889427512
16,1.0,8,1.006726599642606
16,1.0,9,0.9820662403684153
16,1.0,10,1.0115859149180915
16,1.0,11,0.9984055323392467
16,1.0,12,0.9922615043699317
16,1.0,13,1.0014009182062837
16,1.0,14,1.0321276738251206
16,1.0,15,0.9933432341509313
16,1.0,16,0.9675597617025892
16,1.0,17,0.9605674608388257
16,1.0,18,0.9697885567746356
16,1.0,19,0.9568523665673693
16,1.0,20,0.9606591685889406
16,1.0,21,0.9316871758113858
16,1.0,22,0.9457053214131815
16,1.0,23,0.9719570698584944
16,1.0,24,1.0408186432642716
16,1.0,25,1.0053867692295013
16,1.0,26,1.0257753735926143
16,1.0,27,1.0239208269908275
16,1.0,28,0.9921995407760692
16,1.0,29,1.0174783045087255
16,1.0,30,1.0828006643834653
16,1.0,31,1.0974982566898333
16,1.0,32,1.0819633027432587
16,1.0,33,1.067510077368683
16,1.0,34,1.0088983648987206
16,1.0,35,1.0065678090779113
16,1.0,36,1.0300366775506478
16,1.0,37,1.0214097726667892
16,1.0,38,1.0625945026952588
16,1.0,39,1.0541485542470925
16,1.0,40,1.0451640013431949
16,1.0,41,1.017023033309529
16,1.0,42,0.9852347636693992
16,1.0,43,1.006439044608709
16,1.0,44,1.0083602043448288
16,1.0,45,1.0188116307581374
16,1.0,46,1.0152986693751764
16,1.0,47,1.0090727553417804
16,1.0,48,0.9688018757464473
16,1.0,49,0.9915895727369999
16,1.0,50,1.018394418288566
16,1.0,51,1.0077067672918896
16,1.0,52,1.03862494303593
16,1.0,53,1.024385312239203
16,1.0,54,1.0216776934697203
16,1.0,55,1.0597298385023548
16,1.0,56,1.0910239681907652
16,1.0,57,1.0790165313405697
16,1.0,58,1.0815697322848907
16,1.0,59,1.0873852762829659
16,1.0,60,1.088850619144104
16,1.0,61,1.1096917523979737
16,1.0,62,1.0947479480425257
16,1.0,63,1.1308309247544277
16,1.0,64,1.1387746189660812
16,1.0,65,1.129098660706516
16,1.0,66,1.1483726751012289
16,1.0,67,1.1322437489300867
16,1.0,68,1.1181666614975947
16,1.0,69,1.1083605872714453
16,1.0,70,1.0490459826951652
16,1.0,71,1.0483309486647847
16,1.0,72,0.9797362013099098
16,1.0,73,1.0042731324879277
16,1.0,74,1.0461208268890116
16,1.0,75,1.084905464507878
16,1.0,76,1.0894690388882249
16,1.0,77,1.0487672868396671
16,1.0,78,1.0726654396690867
16,1.0,79,1.0169341545730084
16,1.0,80,0.9850294218172457
16,1.0,81,0.97950327304764
16,1.0,82,0.9793026445828559
16,1.0,83,0.9845447525547943
16,1.0,84,0.9905796725788951
16,1.0,85,0.9275007344817044
16,1.0,86,0.9230741540193976
16,1.0,87,0.9319903209836755
16,1.0,88,0.9310824530564662
16,1.0,89,0.9777290641474541
16,1.0,90,0.9503916938150486
16,1.0,91,0.9226263011945836
16,1.0,92,0.9205572240813067
16,1.0,93,0.9490668910270871
16,1.0,94,0.9550444619643397
16,1.0,95,1.01670773336713
16,1.0,96,1.0693017808393805
16,1.0,97,1.0201912401703865
16,1.0,98,1.029078770437951
16,1.0,99,1.0603624611282267
16,1.0,100,1.0157886078574279
16,1.0,101,0.9963518186217716
16,1.0,102,1.0380306540812976
16,1.0,103,1.042920157391778
16,1.0,104,1.0459119252013118
16,1.0,105,1.1267399215791962
16,1.0,106,1.1162077810579285
16,1.0,107,1.0873286009452348
16,1.0,108,1.0784837112080148
16,1.0,109,1.1110648216295993
16,1.0,110,1.100287571494093
16,1.0,111,1.0479528317761762
16,1.0,112,1.044167429097432
16,1.0,113,1.050077093078421
16,1.0,114,1.0087500041677884
16,1.0,115,1.0675346956583014
16,1.0,116,1.093034174136251
16,1.0,117,1.0898261226931538
16,1.0,118,1.118557019687839
16,1.0,119,1.1938104808477692
16,1.0,120,1.2319590105140694
16,3.0,0,1.0
16,3.0,1,1.0168336681104373
16,3.0,2,1.031662089950657
16,3.0,3,1.0216388074438878
16,3.0,4,1.0480592192590115
16,3.0,5,1.0208982551327959
16,3.0,6,1.023879888521046
16,3.0,7,1.0341989367818305
16,3.0,8,1.0780339913623591
16,3.0,9,1.0537885967610647
16,3.0,10,1.0962801187436204
16,3.0,11,1.1079471322299708
16,3.0,12,1.1137304827170313
16,3.0,13,1.110366688405706
16,3.0,14,1.1332093482227426
16,3.0,15,1.11966155844416
16,3.0,16,1.0779077970853137
16,3.0,17,1.1017475145591622
16,3.0,18,1.0995666504656507
16,3.0,19,1.0885652405417172
16,3.0,20,1.0991603128753795
16,3.0,21,1.0911999392774479
16,3.0,22,1.1332694372105738
16,3.0,23,1.1758755881846232
16,3.0,24,1.2387688546644755
16,3.0,25,1.202721202808513
16,3.0,26,1.2081220082953488
16,3.0,27,1.2079936063795025
16,3.0,28,1.1700267475851862
16,3.0,29,1.1987805158965859
16,3.0,30,1.2714109757260739
16,3.0,31,1.2858140078165765
16,3.0,32,1.2720569872455618
16,3.0,33,1.2808953665962601
16,3.0,34,1.2879996582042617
16,3.0,35,1.2945158284250073
16,3.0,36,1.3748147754272502
16,3.0,37,1.3574018582070937
16,3.0,38,1.3858331802123973
16,3.0,39,1.3631874290290693
16,3.0,40,1.3603054670914418
16,3.0,41,1.319611721616346
16,3.0,42,1.2982077700830998
16,3.0,43,1.3299353678985963
16,3.0,44,1.337782871430117
16,3.0,45,1.3666485632375385
16,3.0,46,1.3223496958064918
16,3.0,47,1.3115521098263938
16,3.0,48,1.3472617865463916
16,3.0,49,1.3763800235137666
16,3.0,50,1.4191182941044744
16,3.0,51,1.4068291539127098
16,3.0,52,1.4322892960386553
16,3.0,53,1.400083006451683
16,3.0,54,1.4054965955339724
16,3.0,55,1.4291157916553447
16,3.0,56,1.4429305167579802
16,3.0,57,1.4441244078690105
16,3.0,58,1.4375149819384292
16,3.0,59,1.4235855060956217
16,3.0,60,1.4317735580619324
16,3.0,61,1.4418798398174075
16,3.0,62,1.4462258280832982
16,3.0,63,1.5019725308621792
16,3.0,64,1.5217953216382394
16,3.0,65,1.5257517507240017
16,3.0,66,1.5232054033190159
16,3.0,67,1.5450604065707982
16,3.0,68,1.5573361806244228
16,3.0,69,1.5256192632102294
16,3.0,70,1.4932840095295952
16,3.0,71,1.484686994794446
16,3.0,72,1.4199023386947915
16,3.0,73,1.3782543397297393
16,3.0,74,1.440532367749452
16,3.0,75,1.4945133878756691
16,3.0,76,1.491658077167864
16,3.0,77,1.4321099817246028
16,3.0,78,1.4499583480399993
16,3.0,79,1.4515744140665887
16,3.0,80,1.4167592453563789
16,3.0,81,1.4550844954190023
16,3.0,82,1.4524335410134512
16,3.0,83,1.4621252811226868
16,3.0,84,1.4718530922583153
16,3.0,85,1.4267514803364525
16,3.0,86,1.4175043638876983
16,3.0,87,1.411803791886604
16,3.0,88,1.4199067850847236
16,3.0,89,1.479366436815764
16,3.0,90,1.471277069196796
16,3.0,91,1.4353399796608546
16,3.0,92,1.436525279236548
16,3.0,93,1.4625240516293825
16,3.0,94,1.4694551161209208
16,3.0,95,1.55874902726852
16,3.0,96,1.6554532393824355
16,3.0,97,1.5738697333290272
16,3.0,98,1.5703949587550943
16,3.0,99,1.6034086761345172
16,3.0,100,1.58063388076769
16,3.0,101,1.5761691311377788
16,3.0,102,1.5408037154425425
16,3.0,103,1.5088489481561493
16,3.0,104,1.481631971252176
16,3.0,105,1.5684270917256762
16,3.0,106,1.5665629004042476
16,3.0,107,1.5606945180220921
16,3.0,108,1.550824733045896
16,3.0,109,1.6241340795997534
16,3.0,110,1.6463741291061742
16,3.0,111,1.6229490862135016
16,3.0,112,1.6302225344662675
16,3.0,113,1.6444978550777534
16,3.0,114,1.5965803802039917
16,3.0,115,1.7038798813786231
16,3.0,116,1.7205198962320272
16,3.0,117,1.7192505457186702
16,3.0,118,1.7803070008804507
16,3.0,119,1.9059374377427445
16,3.0,120,1.936364839578791
16,10.0,0,1.0
16,10.0,1,1.0239738877495592
16,10.0,2,1.0259143987256167
16,10.0,3,1.0207077173361825
16,10.0,4,1.0389866384417719
16,10.0,5,1.0371159509323047
16,10.0,6,1.036126301910983
16,10.0,7,1.0681351299549282
16,10.0,8,1.1010276615729437
16,10.0,9,1.1041618423329609
16,10.0,10,1.1383639770253469
16,10.0,11,1.1519097721789529
16,10.0,12,1.1543960085520204
16,10.0,13,1.2045254170916806
16,10.0,14,1.258852632557789
16,10.0,15,1.2747052377264951
16,10.0,16,1.2674024904238717
16,10.0,17,1.2831915365350628
16,10.0,18,1.28953677424854
16,10.0,19,1.2757123917303386
16,10.0,20,1.2527998113002712
16,10.0,21,1.2250692149161793
16,10.0,22,1.2735724573904277
16,10.0,23,1.317905977303772
16,10.0,24,1.386825772404834
16,10.0,25,1.3518439465240493
16,10.0,26,1.3387228672612381
16,10.0,27,1.3396231208636797
16,10.0,28,1.2871925832352413
16,10.0,29,1.3383071308519914
16,10.0,30,1.4006812961850792
16,10.0,31,1.395282312086376
16,10.0,32,1.350270550552102
16,10.0,33,1.337950971691525
16,10.0,34,1.2721466797377319
16,10.0,35,1.3214173244531058
16,10.0,36,1.3644524741349213
16,10.0,37,1.3596230566507237
16,10.0,38,1.3828126831634995
16,10.0,39,1.3997705999042496
16,10.0,40,1.4320112985987647
16,10.0,41,1.389297679456955
16,10.0,42,1.3419636590009503
16,10.0,43,1.358973304851348
16,10.0,44,1.3692161575998225
16,10.0,45,1.4042607219945977
16,10.0,46,1.376558469555684
16,10.0,47,1.3822323857029621
16,10.0,48,1.416378172598937
16,10.0,49,1.4259322427220253
16,10.0,50,1.4322781428210798
16,10.0,51,1.4277343538472758
16,10.0,52,1.4661166882005456
16,10.0,53,1.4289104788666078
16,10.0,54,1.4913858857595594
16,10.0,55,1.51045869039315
16,10.0,56,1.520222891291127
16,10.0,57,1.521796653649358
16,10.0,58,1.5334729286389792
16,10.0,59,1.530438585483897
16,10.0,60,1.586941331753609
16,10.0,61,1.5904888951315974
16,10.0,62,1.594531904481091
16,10.0,63,1.6628178968940517
16,10.0,64,1.7180152585104915
16,10.0,65,1.711387467203298
16,10.0,66,1.6961489316075467
16,10.0,67,1.7514178214520215
16,10.0,68,1.7784263231039312
16,10.0,69,1.776080260435831
16,10.0,70,1.7668029333201951
16,10.0,71,1.776650618342388
16,10.0,72,1.6787580602390415
16,10.0,73,1.684797265163302
16,10.0,74,1.6762833792478804
16,10.0,75,1.7294459540627514
16,10.0,76,1.7168624413033622
16,10.0,77,1.6410081631385385
16,10.0,78,1.5967879522739599
16,10.0,79,1.6108035143300108
16,10.0,80,1.5774373760357483
16,10.0,81,1.6443309236777772
16,10.0,82,1.6474362979800021
16,10.0,83,1.6448057852836484
16,10.0,84,1.6273588800880987
16,10.0,85,1.590201750281534
16,10.0,86,1.605437039824681
16,10.0,87,1.6169442593004402
16,10.0,88,1.6306782557363162
16,10.0,89,1.7284080008303033
16,10.0,90,1.735920217394768
16,10.0,91,1.6930010248008596
16,10.0,92,1.6686297146391633
16,10.0,93,1.685554467743017
16,10.0,94,1.692451183036122
16,10.0,95,1.7934559843712596
16,10.0,96,1.8400589936742873
16,10.0,97,1.7788337229241504
16,10.0,98,1.799733579768499
16,10.0,99,1.8321317798830599
16,10.0,100,1.8268272584677259
16,10.0,101,1.8490700637136912
16,10.0,102,1.8379471828687481
16,10.0,103,1.862720779381375
16,10.0,104,1.8678421355031654
16,10.0,105,1.9466727396086272
16,10.0,106,1.9482714841809663
16,10.0,107,2.0265369318623025
16,10.0,108,2.0214543312760553
16,10.0,109,2.0168237457593503
16,10.0,110,2.058840796444083
16,10.0,111,2.0356571462998145
16,10.0,112,2.013573247595455
16,10.0,113,2.072783991496003
16,10.0,114,2.014939678556218
16,10.0,115,2.1373191689255093
16,10.0,116,2.230417855314898
16,10.0,117,2.1559635002405444
16,10.0,118,2.248333320079695
16,10.0,119,2.293109737050132
16,10.0,120,2.409678762944689
17,0.0,0,1.0
17,0.0,1,1.0770270060708582
17,0.0,2,1.0388586122075114
17,0.0,3,1.0297348149735734
17,0.0,4,0.950232733927935
17,0.0,5,0.957435111307085
17,0.0,6,0.9543230423264137
17,0.0,7,0.9944958407298112
17,0.0,8,1.0314688450603458
17,0.0,9,1.053382248040088
17,0.0,10,0.9379144542932846
17,0.0,11,0.9501328769679278
17,0.0,12,0.9552981946965567
17,0.0,13,0.9894763874320714
17,0.0,14,0.9570425435856305
17,0.0,15,0.8913823105627849
17,0.0,16,0.8015662366586258
17,0.0,17,0.8016055093666711
17,0.0,18,0.7750983089155038
17,0.0,19,0.8143744445720842
17,0.0,20,0.7850872418325692
17,0.0,21,0.8236890881753801
17,0.0,22,0.8264471536914634
17,0.0,23,0.8694412474297873
17,0.0,24,0.860465320991474
17,0.0,25,0.8635711982209281
17,0.0,26,0.9356887999275543
17,0.0,27,0.9246408597112817
17,0.0,28,0.8968352551505786
17,0.0,29,0.8651925385131218
17,0.0,30,0.8377412753081832
17,0.0,31,0.8388286347872355
17,0.0,32,0.8124699230548696
17,0.0,33,0.7733946691612653
17,0.0,34,0.7635270155273897
17,0.0,35,0.761513607401308
17,0.0,36,0.7157415659501819
17,0.0,37,0.7083497931797972
17,0.0,38,0.702228568245295
17,0.0,39,0.684687797694598
17,0.0,40,0.6996155155282785
17,0.0,41,0.6681627725084326
17,0.0,42,0.6477218193127411
17,0.0,43,0.6199144220193332
17,0.0,44,0.648902470894502
17,0.0,45,0.6651786280868109
17,0.0,46,0.6368410734196442
17,0.0,47,0.6573558362413076
17,0.0,48,0.6630027186735176
17,0.0,49,0.7364763971243182
17,0.0,50,0.7280299395487478
17,0.0,51,0.7380145743872253
17,0.0,52,0.7334199577191266
17,0.0,53,0.691426249441645
17,0.0,54,0.6672423202434413
17,0.0,55,0.6217123839058419
17,0.0,56,0.5959102888776109
17,0.0,57,0.62144091077581
17,0.0,58,0.6103222542481317
17,0.0,59,0.5905553963065769
17,0.0,60,0.5920127888192221
17,0.0,61,0.5648413870354947
17,0.0,62,0.5438301037713763
17,0.0,63,0.4617686195647098
17,0.0,64,0.4480168251153399
17,0.0,65,0.4415795787055095
17,0.0,66,0.44859852696357905
17,0.0,67,0.4437539442811275
17,0.0,68,0.45373178332257935
17,0.0,69,0.44474853548010596
17,0.0,70,0.45065521758066085
17,0.0,71,0.4623116977216346
17,0.0,72,0.4295871655465353
17,0.0,73,0.4233421692080953
17,0.0,74,0.4001167765551243
17,0.0,75,0.3944979951748334
17,0.0,76,0.37805897979087627
17,0.0,77,0.35762080411192826
17,0.0,78,0.35139646471912694
17,0.0,79,0.36507316215921376
17,0.0,80,0.352972232632081
17,0.0,81,0.3608370562327784
17,0.0,82,0.36188116860608543
17,0.0,83,0.3828597105441121
17,0.0,84,0.3756932382570547
17,0.0,85,0.36037919066431995
17,0.0,86,0.35377606088844543
17,0.0,87,0.3678131286059294
17,0.0,88,0.37328205715274787
17,0.0,89,0.3768508671894731
17,0.0,90,0.3701888725353671
17,0.0,91,0.37604427649380356
17,0.0,92,0.3726347839405426
17,0.0,93,0.3769678315414517
17,0.0,94,0.37157808517435714
17,0.0,95,0.3764127180308903
17,0.0,96,0.3866674059634327
17,0.0,97,0.3838737630154709
17,0.0,98,0.41428215615333525
17,0.0,99,0.3956034546221598
17,0.0,100,0.36556194489732025
17,0.0,101,0.38031205186664746
17,0.0,102,0.3827562107719121
17,0.0,103,0.3899897568785881
17,0.0,104,0.3968789379795532
17,0.0,105,0.40910542713356157
17,0.0,106,0.3895540229558413
17,0.0,107,0.38144806744753673
17,0.0,108,0.40149584776341324
17,0.0,109,0.3749360416792526
17,0.0,110,0.3923656089758926
17,0.0,111,0.37668022043138805
17,0.0,112,0.3642311785914175
17,0.0,113,0.35075495784582394
17,0.0,114,0.3484334247480878
17,0.0,115,0.3653770816322891
17,0.0,116,0.35545441464014244
17,0.0,117,0.3563330552715652
17,0.0,118,0.36540069557341875
17,0.0,119,0.37367964713847346
17,0.0,120,0.3630109983507687
17,1.0,0,1.0
17,1.0,1,1.0955776210616937
17,1.0,2,1.058394755308417
17,1.0,3,1.0486290483644833
17,1.0,4,1.0051348930464277
17,1.0,5,1.0238358971156747
17,1.0,6,1.022432477043696
17,1.0,7,1.0653037421158478
17,1.0,8,1.1081540786151307
17,1.0,9,1.142352383949204
17,1.0,10,1.0547725502638998
17,1.0,11,1.078758186096171
17,1.0,12,1.0713196662782682
17,1.0,13,1.1147232562983789
17,1.0,14,1.0933350483450388
17,1.0,15,1.054208564127357
17,1.0,16,0.9774217521208259
17,1.0,17,0.9738474975353395
17,1.0,18,0.9549771016312288
17,1.0,19,0.9727695580857135
17,1.0,20,0.9505406107414189
17,1.0,21,1.0436788201039064
17,1.0,22,1.0755803961630475
17,1.0,23,1.0612840487695967
17,1.0,24,1.055194376761917
17,1.0,25,1.063641101887042
17,1.0,26,1.1203359911340736
17,1.0,27,1.1282096132606758
17,1.0,28,1.1516413963932766
17,1.0,29,1.1351425335327923
17,1.0,30,1.1047080957614093
17,1.0,31,1.1104611214805225
17,1.0,32,1.0972096613421762
17,1.0,33,1.0675783207948393
17,1.0,34,1.0703681407446708
17,1.0,35,1.0596916655194124
17,1.0,36,1.016007572087996
17,1.0,37,1.0329416615560885
17,1.0,38,1.0341403490427752
17,1.0,39,1.0137250422939166
17,1.0,40,0.9930805352871426
17,1.0,41,0.9340172531732608
17,1.0,42,0.9152278338749504
17,1.0,43,0.8806198026554791
17,1.0,44,0.9168885831956991
17,1.0,45,0.9494958983389624
17,1.0,46,0.9310557571427036
17,1.0,47,0.9660484311030512
17,1.0,48,0.9537593101817049
17,1.0,49,1.0394971315079722
17,1.0,50,1.0139778460286633
17,1.0,51,0.9948160208693009
17,1.0,52,1.0200534923203672
17,1.0,53,0.975667207088394
17,1.0,54,1.0490008941526894
17,1.0,55,0.9784576993755834
17,1.0,56,0.9434766300199319
17,1.0,57,0.9823284050863715
17,1.0,58,0.9691860958895165
17,1.0,59,0.9514460360715091
17,1.0,60,0.9407713574715615
17,1.0,61,0.926351202623672
17,1.0,62,0.8735220029965061
17,1.0,63,0.7632809546157773
17,1.0,64,0.7775789599088887
17,1.0,65,0.7699280791340635
17,1.0,66,0.7803570934176958
17,1.0,67,0.7565501035916911
17,1.0,68,0.773002893891401
17,1.0,69,0.7555585293157944
17,1.0,70,0.7669215033244493
17,1.0,71,0.7836117345369358
17,1.0,72,0.7401809491015519
17,1.0,73,0.7164990768810809
17,1.0,74,0.6787442536899195
17,1.0,75,0.6674882915700856
17,1.0,76,0.6484830305710269
17,1.0,77,0.6314227234414477
17,1.0,78,0.6210077644778803
17,1.0,79,0.6446923718511653
17,1.0,80,0.6295787808146803
17,1.0,81,0.6432804844456902
17,1.0,82,0.6618363980146286
17,1.0,83,0.6945222655471194
17,1.0,84,0.7218141296284103
17,1.0,85,0.7078570745364693
17,1.0,86,0.6713004583419708
17,1.0,87,0.6958027246460278
17,1.0,88,0.696378482406071
17,1.0,89,0.6821420832321469
17,1.0,90,0.6721076063312755
17,1.0,91,0.6710427825445637
17,1.0,92,0.6709163727401152
17,1.0,93,0.6539487103285225
17,1.0,94,0.6494119158713245
17,1.0,95,0.6616445724213502
17,1.0,96,0.6902896914259572
17,1.0,97,0.688414067704374
17,1.0,98,0.7379811870252695
17,1.0,99,0.7160092893536779
17,1.0,100,0.6632982182525434
17,1.0,101,0.6820009273381913
17,1.0,102,0.6915769208771783
17,1.0,103,0.7104219515470608
17,1.0,104,0.7066585898912502
17,1.0,105,0.7193701756277945
17,1.0,106,0.6840019673420865
17,1.0,107,0.7073640002953971
17,1.0,108,0.7339345165162127
17,1.0,109,0.6865653171093511
17,1.0,110,0.7153540300619238
17,1.0,111,0.7404371536193167
17,1.0,112,0.7183897760575617
17,1.0,113,0.6940602875709333
17,1.0,114,0.6809156187078639
17,1.0,115,0.7197406998512745
17,1.0,116,0.6947281223084948
17,1.0,117,0.6994140436521962
17,1.0,118,0.7048509957403016
17,1.0,119,0.7096548809273064
17,1.0,120,0.7036295108805382
17,3.0,0,1.0
17,3.0,1,1.0887668721018158
17,3.0,2,1.065507384370198
17,3.0,3,1.0506681779994624
17,3.0,4,0.9924136112299616
17,3.0,5,1.0148773850574246
17,3.0,6,0.9923529057202566
17,3.0,7,1.0335092282369012
17,3.0,8,1.0701156925119077
17,3.0,9,1.1025466179063852
17,3.0,10,1.0267290561817315
17,3.0,11,1.034436435402477
17,3.0,12,1.0538959872390017
17,3.0,13,1.1110765263627744
17,3.0,14,1.0937192216161251
17,3.0,15,1.083809541818547
17,3.0,16,1.0548798001269115
17,3.0,17,1.0612002689244733
17,3.0,18,1.0454715133629742
17,3.0,19,1.0617858861543072
17,3.0,20,1.0415739580756924
17,3.0,21,1.1374807133679254
17,3.0,22,1.1575604646083741
17,3.0,23,1.1550545282345754
17,3.0,24,1.1506208827957907
17,3.0,25,1.1896379886637964
17,3.0,26,1.207097799807367
17,3.0,27,1.2150854310435129
17,3.0,28,1.2608310471181798
17,3.0,29,1.246115551209787
17,3.0,30,1.2106111039933254
17,3.0,31,1.2132248184957861
17,3.0,32,1.2046857294034112
17,3.0,33,1.2224580095280477
17,3.0,34,1.2210470678112366
17,3.0,35,1.2063319506138868
17,3.0,36,1.1882021812594221
17,3.0,37,1.2010143969093598
17,3.0,38,1.1848706252316485
17,3.0,39,1.189019007229154
17,3.0,40,1.1811677811987633
17,3.0,41,1.133474360250443
17,3.0,42,1.1242066577007803
17,3.0,43,1.0779920049069234
17,3.0,44,1.1388046827060896
17,3.0,45,1.159391459243014
17,3.0,46,1.1315906833260287
17,3.0,47,1.1670321414795044
17,3.0,48,1.1417857195470889
17,3.0,49,1.2551802376987402
17,3.0,50,1.2430680145230768
17,3.0,51,1.1823938470896875
17,3.0,52,1.2087151426527012
17,3.0,53,1.1803058755052993
17,3.0,54,1.2668379584646068
17,3.0,55,1.1831350672830232
17,3.0,56,1.1666789114615381
17,3.0,57,1.2327118631721443
17,3.0,58,1.2008964584068462
17,3.0,59,1.1816535497603409
17,3.0,60,1.169099720994982
17,3.0,61,1.1313410801785875
17,3.0,62,1.0872290907531468
17,3.0,63,0.9728386922483475
17,3.0,64,1.0000847801296455
17,3.0,65,0.9937719432567996
17,3.0,66,1.0317072543090877
17,3.0,67,0.9945755802119819
17,3.0,68,1.0785488737260334
17,3.0,69,1.045427122782174
17,3.0,70,1.0846921283512672
17,3.0,71,1.0957739313664887
17,3.0,72,1.051778985207105
17,3.0,73,1.0034602419930732
17,3.0,74,0.9610048704068994
17,3.0,75,0.9573601531729203
17,3.0,76,0.9499175609551441
17,3.0,77,0.9356153238364872
17,3.0,78,0.937092796823715
17,3.0,79,0.9797206224389448
17,3.0,80,0.9990042342068551
17,3.0,81,1.0322411386672854
17,3.0,82,1.0833454630480603
17,3.0,83,1.1530032643094168
17,3.0,84,1.1587446239009127
17,3.0,85,1.149986097793643
17,3.0,86,1.149384858475852
17,3.0,87,1.163021609894105
17,3.0,88,1.1617917727995681
17,3.0,89,1.154010823870719
17,3.0,90,1.1029233071703206
17,3.0,91,1.1066222107418677
17,3.0,92,1.1289284802771262
17,3.0,93,1.0845059081784036
17,3.0,94,1.0561912644948535
17,3.0,95,1.073587234244289
17,3.0,96,1.144308152059834
17,3.0,97,1.154077811740056
17,3.0,98,1.2282409635724463
17,3.0,99,1.1948804646321163
17,3.0,100,1.1394232611692665
17,3.0,101,1.1711585224523309
17,3.0,102,1.1921827247377792
17,3.0,103,1.233302155115716
17,3.0,104,1.20376215911399
17,3.0,105,1.2156967367407892
17,3.0,106,1.2300089280426094
17,3.0,107,1.3628989161988452
17,3.0,108,1.4180348105761975
17,3.0,109,1.360306575528236
17,3.0,110,1.3939618119980781
17,3.0,111,1.4410205547991919
17,3.0,112,1.4214604426993132
17,3.0,113,1.3950612940551577
17,3.0,114,1.3353449744682622
17,3.0,115,1.3869215200879852
17,3.0,116,1.3424577342474364
17,3.0,117,1.3639588525523314
17,3.0,118,1.3841869187082132
17,3.0,119,1.391097195245509
17,3.0,120,1.4082082439336971
17,10.0,0,1.0
17,10.0,1,1.0867254236361428
17,10.0,2,1.0719402880488453
17,10.0,3,1.0695187063183855
17,10.0,4,1.0124133772171222
17,10.0,5,1.0419205196869503
17,10.0,6,1.0103901329543783
17,10.0,7,1.0525110026468316
17,10.0,8,1.0958177999892829
17,10.0,9,1.113276487400738
17,10.0,10,1.057203379066958
17,10.0,11,1.0545351962352385
17,10.0,12,1.0630171257680916
17,10.0,13,1.1020611354739234
17,10.0,14,1.1022721596673348
17,10.0,15,1.0891146605370725
17,10.0,16,1.0475297901201792
17,10.0,17,1.044849760802387
17,10.0,18,1.0435749940504244
17,10.0,19,1.0517917834516521
17,10.0,20,1.025522364096995
17,10.0,21,1.095574003019607
17,10.0,22,1.1160685035737343
17,10.0,23,1.1292347973401498
17,10.0,24,1.1221703915784107
17,10.0,25,1.138361381516675
17,10.0,26,1.1708193232286415
17,10.0,27,1.183224002785815
17,10.0,28,1.2101452011579625
17,10.0,29,1.2111225837999862
17,10.0,30,1.1675841594472272
17,10.0,31,1.1615224633912509
17,10.0,32,1.1610683934764934
17,10.0,33,1.2034267950909052
17,10.0,34,1.2102206914581088
17,10.0,35,1.20038796858546
17,10.0,36,1.1988942866380734
17,10.0,37,1.2045672235202567
17,10.0,38,1.1656934166320374
17,10.0,39,1.1982521099262708
17,10.0,40,1.2126819686135974
17,10.0,41,1.1673013889718082
17,10.0,42,1.1648900666369295
17,10.0,43,1.1234880499404116
17,10.0,44,1.1785904579281878
17,10.0,45,1.2073197666378406
17,10.0,46,1.165923773444855
17,10.0,47,1.2055251229053427
17,10.0,48,1.199581410369091
17,10.0,49,1.3007173333392454
17,10.0,50,1.288209855047867
17,10.0,51,1.241368929499765
17,10.0,52,1.2809363754209828
17,10.0,53,1.279137259078888
17,10.0,54,1.3605326267975628
17,10.0,55,1.3072297268275803
17,10.0,56,1.2861826689131104
17,10.0,57,1.3695876831110967
17,10.0,58,1.363513534478179
17,10.0,59,1.3515334438319302
17,10.0,60,1.3448608370176693
17,10.0,61,1.341206124929056
17,10.0,62,1.2800826151027302
17,10.0,63,1.2335790633299197
17,10.0,64,1.2634148636382807
17,10.0,65,1.2454102584286242
17,10.0,66,1.264810245342638
17,10.0,67,1.2387747341390534
17,10.0,68,1.3155640867100262
17,10.0,69,1.3091015322523554
17,10.0,70,1.354016147947099
17,10.0,71,1.3470633441848432
17,10.0,72,1.3266997758386223
17,10.0,73,1.2764539534245636
17,10.0,74,1.211783294731528
17,10.0,75,1.20673225870904
17,10.0,76,1.2045500891679273
17,10.0,77,1.222272532439571
17,10.0,78,1.210892452147871
17,10.0,79,1.2503182329206826
17,10.0,80,1.2481104303261725
17,10.0,81,1.2826886982183696
17,10.0,82,1.3210782630479538
17,10.0,83,1.372609988164195
17,10.0,84,1.4055170928670744
17,10.0,85,1.364875080458428
17,10.0,86,1.3763514798062872
17,10.0,87,1.4227928802176881
17,10.0,88,1.4360863608830483
17,10.0,89,1.4438964760312871
17,10.0,90,1.3899022796665834
17,10.0,91,1.4091447962147614
17,10.0,92,1.4616765808452272
17,10.0,93,1.4229433184152636
17,10.0,94,1.4139919773147702
17,10.0,95,1.4394320202399222
17,10.0,96,1.4835219393566617
17,10.0,97,1.5028098768680391
17,10.0,98,1.5879843153169282
17,10.0,99,1.5206544643638327
17,10.0,100,1.4952386095535943
17,10.0,101,1.5739673851552416
17,10.0,102,1.5674312351236386
17,10.0,103,1.6281432604069135
17,10.0,104,1.578112842257771
17,10.0,105,1.6509005795297376
17,10.0,106,1.6134546316688962
17,10.0,107,1.6660249993438883
17,10.0,108,1.6820373207958588
17,10.0,109,1.686054454830948
17,10.0,110,1.747495268357995
17,10.0,111,1.7341839582231455
17,10.0,112,1.7308310680077228
17,10.0,113,1.7190432587405557
17,10.0,114,1.7002367922009696
17,10.0,115,1.7750287570181031
17,10.0,116,1.729702827275987
17,10.0,117,1.7563887819598414
17,10.0,118,1.847701125620201
17,10.0,119,1.9116621121151618
17,10.0,120,1.9012220421667467
18,0.0,0,1.0
18,0.0,1,1.0287361287309709
18,0.0,2,1.0746655846323172
18,0.0,3,1.1435095078562845
18,0.0,4,1.0872076167092433
18,0.0,5,1.0664112386541786
18,0.0,6,1.1100311030254986
18,0.0,7,1.0865339079639833
18,0.0,8,1.1264932284834586
18,0.0,9,1.0727302310176872
18,0.0,10,1.022461161010692
18,0.0,11,1.0328094787523656
18,0.0,12,0.9962043695047714
18,0.0,13,0.9952189759449807
18,0.0,14,0.9583239120206581
18,0.0,15,0.9467658054190345
18,0.0,16,0.9452736175132699
18,0.0,17,0.9623814198747261
18,0.0,18,0.9983274794259993
18,0.0,19,1.0613300634013707
18,0.0,20,1.0179569993933515
18,0.0,21,1.0296659371723902
18,0.0,22,0.9682201643007936
18,0.0,23,0.9449251413825356
18,0.0,24,0.9384883824108634
18,0.0,25,0.893226422083257
18,0.0,26,0.8943763082150495
18,0.0,27,0.9515117215028533
18,0.0,28,0.9285318658967516
18,0.0,29,0.9379565816810226
18,0.0,30,1.02523074948231
18,0.0,31,0.9534889279796696
18,0.0,32,0.9718757420203699
18,0.0,33,1.0252014811555195
18,0.0,34,1.0484095593197023
18,0.0,35,1.073345794763116
18,0.0,36,1.107413901211583
18,0.0,37,0.9726383566658103
18,0.0,38,0.9605832281643539
18,0.0,39,0.96417326669393
18,0.0,40,0.9387635506905322
18,0.0,41,0.9591085987940494
18,0.0,42,0.9612528606238883
18,0.0,43,0.9735053066484053
18,0.0,44,0.9310761933209083
18,0.0,45,0.9496640295436234
18,0.0,46,0.968966856921701
18,0.0,47,0.9094974269926506
18,0.0,48,0.9113735935599682
18,0.0,49,0.9486353867601246
18,0.0,50,0.9757684553235716
18,0.0,51,0.9948744005308008
18,0.0,52,1.0541013694758103
18,0.0,53,1.0013289360871964
18,0.0,54,1.0516532613416731
18,0.0,55,1.0183903346200123
18,0.0,56,0.9956454051595761
18,0.0,57,0.9142108943138091
18,0.0,58,0.8917462268574536
18,0.0,59,0.8431803427155352
18,0.0,60,0.8075691490490012
18,0.0,61,0.777805477386108
18,0.0,62,0.7378346837203854
18,0.0,63,0.7457581259217182
18,0.0,64,0.7467661428299164
18,0.0,65,0.7318559800205261
18,0.0,66,0.7009250769723248
18,0.0,67,0.6935159073603938
18,0.0,68,0.6978183505191538
18,0.0,69,0.7557207347498393
18,0.0,70,0.7648487576223988
18,0.0,71,0.7540714509096362
18,0.0,72,0.7566662085884208
18,0.0,73,0.7893526225948273
18,0.0,74,0.8144742385886207
18,0.0,75,0.7628378061081923
18,0.0,76,0.7335618818884878
18,0.0,77,0.7192453424917444
18,0.0,78,0.6859188230685863
18,0.0,79,0.6858621368921559
18,0.0,80,0.7207181148331376
18,0.0,81,0.682298896128683
18,0.0,82,0.727455889963892
18,0.0,83,0.7475895890588966
18,0.0,84,0.7608710818527544
18,0.0,85,0.7724880395559883
18,0.0,86,0.8427688562954606
18,0.0,87,0.8251073930636678
18,0.0,88,0.7580505244693454
18,0.0,89,0.7719944702252841
18,0.0,90,0.7481550875058512
18,0.0,91,0.7806954731737845
18,0.0,92,0.8236767476525967
18,0.0,93,0.7701212854388223
18,0.0,94,0.7666965179403562
18,0.0,95,0.7238510505409561
18,0.0,96,0.7163572338607728
18,0.0,97,0.6912772576954263
18,0.0,98,0.6806975004977744
18,0.0,99,0.6723410183345936
18,0.0,100,0.6538865681528411
18,0.0,101,0.6527068684186338
18,0.0,102,0.6788098033067038
18,0.0,103,0.6751949798266178
18,0.0,104,0.6512570744781782
18,0.0,105,0.6421000254834932
18,0.0,106,0.6361733734313453
18,0.0,107,0.6292995611983356
18,0.0,108,0.6225606631459067
18,0.0,109,0.5999530254120777
18,0.0,110,0.5592811503346166
18,0.0,111,0.5049870708997473
18,0.0,112,0.47610291967904944
18,0.0,113,0.46078390700536004
18,0.0,114,0.456050262681146
18,0.0,115,0.47635040918698945
18,0.0,116,0.4782271223767836
18,0.0,117,0.45274255058561896
18,0.0,118,0.4621197908325678
18,0.0,119,0.4367936205161507
18,0.0,120,0.4336894375796653
18,1.0,0,1.0
18,1.0,1,1.0237673543213215
18,1.0,2,1.0592717645676695
18,1.0,3,1.1230577653160418
18,1.0,4,1.0851472676083138
18,1.0,5,1.0829229125005904
18,1.0,6,1.098874477284799
18,1.0,7,1.0800999967695448
18,1.0,8,1.0873547568104853
18,1.0,9,1.0620875961201763
18,1.0,10,1.0247287625068293
18,1.0,11,1.023130699008783
18,1.0,12,0.9888692552708479
18,1.0,13,0.9954018171743697
18,1.0,14,0.9678101693732175
18,1.0,15,0.9721786980954034
18,1.0,16,0.9717202902065784
18,1.0,17,0.9918159904791504
18,1.0,18,1.046682940384673
18,1.0,19,1.1171975356928179
18,1.0,20,1.108305778199881
18,1.0,21,1.1174746533710722
18,1.0,22,1.0437527632178698
18,1.0,23,1.017857430459284
18,1.0,24,1.0669339180369661
18,1.0,25,1.0213702625597154
18,1.0,26,1.0319210288828506
18,1.0,27,1.095882366297592
18,1.0,28,1.0676904504763702
18,1.0,29,1.094681319664643
18,1.0,30,1.1575539248513589
18,1.0,31,1.085213842193403
18,1.0,32,1.106117657357569
18,1.0,33,1.1668091008196846
18,1.0,34,1.1889261831816686
18,1.0,35,1.212157381512501
18,1.0,36,1.2470372585276623
18,1.0,37,1.1888728905123205
18,1.0,38,1.169168387969029
18,1.0,39,1.156657992864932
18,1.0,40,1.136682569933683
18,1.0,41,1.1647804993892956
18,1.0,42,1.2085098169283521
18,1.0,43,1.21886146916611
18,1.0,44,1.1958593396866404
18,1.0,45,1.2293416321448918
18,1.0,46,1.2589438126063828
18,1.0,47,1.2090545031779438
18,1.0,48,1.1863535496033815
18,1.0,49,1.218075476909807
18,1.0,50,1.2408008300820959
18,1.0,51,1.313797198206698
18,1.0,52,1.343055067701102
18,1.0,53,1.266488709998351
18,1.0,54,1.3149780889575557
18,1.0,55,1.269744592284153
18,1.0,56,1.2259814293974927
18,1.0,57,1.1680796378612508
18,1.0,58,1.1706761738137301
18,1.0,59,1.1238544502778014
18,1.0,60,1.0897533790646552
18,1.0,61,1.0543899702064794
18,1.0,62,1.0003364150002623
18,1.0,63,1.0528494619721
18,1.0,64,1.0532120501268663
18,1.0,65,1.0347847096278717
18,1.0,66,1.0118519943726787
18,1.0,67,1.0091724895884624
18,1.0,68,1.0434290275523928
18,1.0,69,1.1253348484115104
18,1.0,70,1.1599323246251108
18,1.0,71,1.154082951021185
18,1.0,72,1.158054147113422
18,1.0,73,1.1611506380256351
18,1.0,74,1.2114783102765192
18,1.0,75,1.179067129910197
18,1.0,76,1.1782559692313919
18,1.0,77,1.153486800871481
18,1.0,78,1.1100986025511546
18,1.0,79,1.1289745087383276
18,1.0,80,1.201314054695849
18,1.0,81,1.1376907804359246
18,1.0,82,1.19039776653943
18,1.0,83,1.2300590518189083
18,1.0,84,1.2125791570266056
18,1.0,85,1.2585432430676946
18,1.0,86,1.3600312511590311
18,1.0,87,1.3442363560373012
18,1.0,88,1.2789447725971785
18,1.0,89,1.3099835466628702
18,1.0,90,1.2795963791566554
18,1.0,91,1.372909270026558
18,1.0,92,1.380089318437436
18,1.0,93,1.2702876656767552
18,1.0,94,1.2618567980816557
18,1.0,95,1.2768582273836808
18,1.0,96,1.2738897843648322
18,1.0,97,1.2402286719196463
18,1.0,98,1.2300161801339948
18,1.0,99,1.2457094730942109
18,1.0,100,1.2021901653285945
18,1.0,101,1.2224496789958323
18,1.0,102,1.2573021471041748
18,1.0,103,1.273407183288987
18,1.0,104,1.224290501787203
18,1.0,105,1.2217226831790184
18,1.0,106,1.2071872391124976
18,1.0,107,1.2052834317329977
18,1.0,108,1.199535979410736
18,1.0,109,1.1979211937916217
18,1.0,110,1.1607642104894766
18,1.0,111,1.097439916082178
18,1.0,112,1.0660667273762021
18,1.0,113,1.037796752659241
18,1.0,114,1.0223612177278514
18,1.0,115,1.0748372975136002
18,1.0,116,1.090361191478612
18,1.0,117,1.044226120813939
18,1.0,118,1.0510185218548214
18,1.0,119,1.0651153717575323
18,1.0,120,1.04740020325334
18,3.0,0,1.0
18,3.0,1,1.012362802579612
18,3.0,2,1.0138662387229644
18,3.0,3,1.0806569798469248
18,3.0,4,1.0360116789944762
18,3.0,5,1.0341373233107967
18,3.0,6,1.047253267738397
18,3.0,7,1.0381237223862372
18,3.0,8,1.0344883382322068
18,3.0,9,1.0565855394920722
18,3.0,10,1.0360316669391154
18,3.0,11,1.0323620742095485
18,3.0,12,1.0402681799939546
18,3.0,13,1.0737565205835544
18,3.0,14,1.065418027987211
18,3.0,15,1.0840096981971719
18,3.0,16,1.1054713080681755
18,3.0,17,1.1565722753785197
18,3.0,18,1.185714488876571
18,3.0,19,1.261513932172099
18,3.0,20,1.2744723919032561
18,3.0,21,1.289394905288409
18,3.0,22,1.2152170843477454
18,3.0,23,1.2254017170213123
18,3.0,24,1.2476869789079665
18,3.0,25,1.225558413670348
18,3.0,26,1.2482819560250091
18,3.0,27,1.3427825026794942
18,3.0,28,1.3032411006677225
18,3.0,29,1.374706662256247
18,3.0,30,1.4503952024540068
18,3.0,31,1.389252324855548
18,3.0,32,1.3603113924419583
18,3.0,33,1.4180860871327972
18,3.0,34,1.446769540557133
18,3.0,35,1.474991434339673
18,3.0,36,1.5230353693371834
18,3.0,37,1.5312644840539453
18,3.0,38,1.5141995486696644
18,3.0,39,1.5154319815301587
18,3.0,40,1.4898203931470644
18,3.0,41,1.4875080583021514
18,3.0,42,1.5298634171286198
18,3.0,43,1.5270282026440012
18,3.0,44,1.5086751777400622
18,3.0,45,1.5538732230736252
18,3.0,46,1.5958794679110804
18,3.0,47,1.5391697650173835
18,3.0,48,1.5868548117084997
18,3.0,49,1.6000899272327829
18,3.0,50,1.6388788812441384
18,3.0,51,1.7000178266000399
18,3.0,52,1.679186667784912
18,3.0,53,1.613718215545539
18,3.0,54,1.6193050596329828
18,3.0,55,1.5639967695074983
18,3.0,56,1.5251582061797222
18,3.0,57,1.5588454809807344
18,3.0,58,1.6310126789616248
18,3.0,59,1.5852739706758843
18,3.0,60,1.5708152040139431
18,3.0,61,1.5469179130903759
18,3.0,62,1.4683265542426445
18,3.0,63,1.5353657451408187
18,3.0,64,1.4844369156902637
18,3.0,65,1.4591100294460606
18,3.0,66,1.4307008608012992
18,3.0,67,1.414719614668961
18,3.0,68,1.4733514766162452
18,3.0,69,1.575536708998056
18,3.0,70,1.6265426101189528
18,3.0,71,1.617619169840239
18,3.0,72,1.6225057404171765
18,3.0,73,1.6079501301502372
18,3.0,74,1.6876038198625294
18,3.0,75,1.6790133464733898
18,3.0,76,1.720203061825643
18,3.0,77,1.6778057886856126
18,3.0,78,1.6559909416741598
18,3.0,79,1.6814529041731887
18,3.0,80,1.7832453373455681
18,3.0,81,1.7491769626630782
18,3.0,82,1.7894394240936848
18,3.0,83,1.8224554687118406
18,3.0,84,1.8084320475233353
18,3.0,85,1.8485546304869505
18,3.0,86,1.958587564734311
18,3.0,87,1.989569009524792
18,3.0,88,1.8701874159225989
18,3.0,89,1.9322659006198637
18,3.0,90,1.892589211021376
18,3.0,91,2.02921677668097
18,3.0,92,2.081139182375323
18,3.0,93,1.8558930379001022
18,3.0,94,1.8930535389847591
18,3.0,95,2.015596127094072
18,3.0,96,1.9778928770728335
18,3.0,97,2.011562327264436
18,3.0,98,2.000054283193012
18,3.0,99,2.041575258275648
18,3.0,100,1.9616668477037538
18,3.0,101,2.0372607600192865
18,3.0,102,2.0636926633296353
18,3.0,103,2.100927690431359
18,3.0,104,2.0397449673352224
18,3.0,105,2.036658413665644
18,3.0,106,2.0049209472435985
18,3.0,107,1.995108586810653
18,3.0,108,2.045146373769243
18,3.0,109,2.066991184765729
18,3.0,110,2.0322928535981677
18,3.0,111,1.9225233170176235
18,3.0,112,1.8208863043996237
18,3.0,113,1.7713681551328184
18,3.0,114,1.7464986515832155
18,3.0,115,1.7917868055057475
18,3.0,116,1.8805491232639033
18,3.0,117,1.8779037829626821
18,3.0,118,1.9037582461126583
18,3.0,119,2.0005972126965066
18,3.0,120,1.907065894882125
18,10.0,0,1.0
18,10.0,1,1.0090844187482801
18,10.0,2,1.0020947325376686
18,10.0,3,1.0662672886249158
18,10.0,4,1.0311582601371456
18,10.0,5,1.0268259841011351
18,10.0,6,1.0214131003674933
18,10.0,7,1.0251557002016511
18,10.0,8,1.0542191548295357
18,10.0,9,1.0819365478788185
18,10.0,10,1.0812645145127278
18,10.0,11,1.0635288964315592
18,10.0,12,1.0350488932749615
18,10.0,13,1.0482290599935982
18,10.0,14,1.0619451557792472
18,10.0,15,1.0775322607494917
18,10.0,16,1.0968102342370916
18,10.0,17,1.1662181399592089
18,10.0,18,1.2054243984168989
18,10.0,19,1.2635293685266487
18,10.0,20,1.3019800328781288
18,10.0,21,1.3347683873548732
18,10.0,22,1.2903604899520555
18,10.0,23,1.304775882400107
18,10.0,24,1.304230801907869
18,10.0,25,1.2842818172091985
18,10.0,26,1.3055825151873046
18,10.0,27,1.3746982449550595
18,10.0,28,1.3103016836046133
18,10.0,29,1.3612432526806502
18,10.0,30,1.3988572043904464
18,10.0,31,1.342398041197276
18,10.0,32,1.3140397462485491
18,10.0,33,1.3040064912038833
18,10.0,34,1.2974271802616264
18,10.0,35,1.3288704742063582
18,10.0,36,1.3793173831014904
18,10.0,37,1.3243091139236651
18,10.0,38,1.3222272318485455
18,10.0,39,1.3321712841855193
18,10.0,40,1.315829222333623
18,10.0,41,1.3060619121163553
18,10.0,42,1.3502681089660846
18,10.0,43,1.3224175564104044
18,10.0,44,1.311497681142289
18,10.0,45,1.3277646563010075
18,10.0,46,1.3936711835237583
18,10.0,47,1.3535971286580761
18,10.0,48,1.3365341042866665
18,10.0,49,1.3345519819930212
18,10.0,50,1.3835386211371745
18,10.0,51,1.4526346903150753
18,10.0,52,1.482073339548804
18,10.0,53,1.4629325582372756
18,10.0,54,1.5205322004492714
18,10.0,55,1.5145522267962412
18,10.0,56,1.485883823745199
18,10.0,57,1.493946955976266
18,10.0,58,1.5338622263743094
18,10.0,59,1.5318455212171722
18,10.0,60,1.5107763992153507
18,10.0,61,1.501316734076078
18,10.0,62,1.4768770644895568
18,10.0,63,1.5419188009586764
18,10.0,64,1.5287629150368665
18,10.0,65,1.5132186110620702
18,10.0,66,1.5265236639993889
18,10.0,67,1.531307765208827
18,10.0,68,1.5635446016663133
18,10.0,69,1.6516474979402576
18,10.0,70,1.6369222105517658
18,10.0,71,1.666311748700404
18,10.0,72,1.6706684129700378
18,10.0,73,1.6854448312551
18,10.0,74,1.7160478082658146
18,10.0,75,1.7260900578101253
18,10.0,76,1.7665757767036374
18,10.0,77,1.79151119564953
18,10.0,78,1.7466445583258976
18,10.0,79,1.8058772274641675
18,10.0,80,1.9163416772809916
18,10.0,81,1.8482424568042437
18,10.0,82,1.9024192022690298
18,10.0,83,1.944116963079806
18,10.0,84,1.9208198518254176
18,10.0,85,1.8988038856400085
18,10.0,86,2.018827029317124
18,10.0,87,2.016609649498175
18,10.0,88,1.9256999315488827
18,10.0,89,1.9944218722291582
18,10.0,90,1.96551876871431
18,10.0,91,2.083540690901351
18,10.0,92,2.145712209611406
18,10.0,93,1.9610929803079047
18,10.0,94,2.020111955190141
18,10.0,95,2.0551025017928874
18,10.0,96,2.0362494406706495
18,10.0,97,1.9996148135766931
18,10.0,98,1.97455257755468
18,10.0,99,2.076034419040391
18,10.0,100,1.9765187075252866
18,10.0,101,2.028884917871241
18,10.0,102,2.0275201295662284
18,10.0,103,2.054494838008642
18,10.0,104,2.000184298342105
18,10.0,105,2.0237839849533032
18,10.0,106,2.03311170779855
18,10.0,107,2.105751095560689
18,10.0,108,2.106831825677754
18,10.0,109,2.0983502360428674
18,10.0,110,2.000767921388899
18,10.0,111,1.9404240072946948
18,10.0,112,1.9423231844757542
18,10.0,113,1.9560365816529182
18,10.0,114,1.898602028516205
18,10.0,115,2.0078618689862564
18,10.0,116,2.0929892105957184
18,10.0,117,2.0526201032092826
18,10.0,118,2.056480116481491
18,10.0,119,2.1234816753621284
18,10.0,120,2.108618146292506
19,0.0,0,1.0
19,0.0,1,0.9418136585010413
19,0.0,2,0.9154673459261126
19,0.0,3,0.8761719106433016
19,0.0,4,0.8807372119408975
19,0.0,5,0.8441342266899902
19,0.0,6,0.78923767141388
19,0.0,7,0.7966882385291908
19,0.0,8,0.7666599897438997
19,0.0,9,0.7907476450741564
19,0.0,10,0.8200550957466605
19,0.0,11,0.7987424653881589
19,0.0,12,0.8139447052275717
19,0.0,13,0.8291509715000402
19,0.0,14,0.800571865217437
19,0.0,15,0.8161480589010713
19,0.0,16,0.8500486782622899
19,0.0,17,0.8427623850734138
19,0.0,18,0.8252718021041947
19,0.0,19,0.8229364145862131
19,0.0,20,0.8136856721564834
19,0.0,21,0.8538934241413663
19,0.0,22,0.8607053343087726
19,0.0,23,0.9129691644351585
19,0.0,24,0.8872704917062074
19,0.0,25,0.8836245527428863
19,0.0,26,0.8473272332387988
19,0.0,27,0.9028893674043725
19,0.0,28,0.8284218739010734
19,0.0,29,0.7697939977773124
19,0.0,30,0.7665975125402744
19,0.0,31,0.7393866707643032
19,0.0,32,0.705136852478846
19,0.0,33,0.6911435454471476
19,0.0,34,0.7236709004746579
19,0.0,35,0.7339288167490877
19,0.0,36,0.7776311687861155
19,0.0,37,0.7802935328709373
19,0.0,38,0.8100836046412772
19,0.0,39,0.7356901731767098
19,0.0,40,0.7592787226422467
19,0.0,41,0.7450558193326685
19,0.0,42,0.7439708429151038
19,0.0,43,0.6808536906089896
19,0.0,44,0.6309095771754671
19,0.0,45,0.6325601949430978
19,0.0,46,0.6303185471408231
19,0.0,47,0.6274912516583405
19,0.0,48,0.6191651134257529
19,0.0,49,0.6831535171166805
19,0.0,50,0.6195961650588806
19,0.0,51,0.625145761374175
19,0.0,52,0.6326718921284499
19,0.0,53,0.6351943192798751
19,0.0,54,0.6225263207412867
19,0.0,55,0.6627116233288551
19,0.0,56,0.6514575086403612
19,0.0,57,0.6231014292086101
19,0.0,58,0.5897517579263577
19,0.0,59,0.6118663657440464
19,0.0,60,0.5660742845483617
19,0.0,61,0.5765303033550382
19,0.0,62,0.5662613581291343
19,0.0,63,0.5367083305289031
19,0.0,64,0.5560324485073117
19,0.0,65,0.5965930388154848
19,0.0,66,0.5608280367848191
19,0.0,67,0.533690802905739
19,0.0,68,0.553917459445588
19,0.0,69,0.5181531941063677
19,0.0,70,0.47423437114403655
19,0.0,71,0.4645064251755726
19,0.0,72,0.5046591227280385
19,0.0,73,0.5236137895107564
19,0.0,74,0.5149441355957216
19,0.0,75,0.5172190023499792
19,0.0,76,0.4778211186246463
19,0.0,77,0.48817832757486335
19,0.0,78,0.5282800296587208
19,0.0,79,0.4924728315749558
19,0.0,80,0.5207527402470067
19,0.0,81,0.5600042201346593
19,0.0,82,0.560834449809289
19,0.0,83,0.5468749910631553
19,0.0,84,0.5399165065461597
19,0.0,85,0.5629981777615627
19,0.0,86,0.5479958211014652
19,0.0,87,0.5375598741791003
19,0.0,88,0.5404690879807397
19,0.0,89,0.5356722620268469
19,0.0,90,0.5431430286302292
19,0.0,91,0.523613998205315
19,0.0,92,0.5422166040053675
19,0.0,93,0.540249344067978
19,0.0,94,0.5581498883953492
19,0.0,95,0.5332748531840789
19,0.0,96,0.5354106968287174
19,0.0,97,0.5006100080251373
19,0.0,98,0.5334548064899255
19,0.0,99,0.5341483310215841
19,0.0,100,0.535078967282996
19,0.0,101,0.5522498241030722
19,0.0,102,0.5437380295678101
19,0.0,103,0.5573062082100323
19,0.0,104,0.5693699391876094
19,0.0,105,0.5579351972789317
19,0.0,106,0.5186203006353596
19,0.0,107,0.5351639657726249
19,0.0,108,0.5465301288629643
19,0.0,109,0.5675025891959903
19,0.0,110,0.5859515220315659
19,0.0,111,0.5669785375140033
19,0.0,112,0.5646663435414162
19,0.0,113,0.5451138057867392
19,0.0,114,0.5365599659356737
19,0.0,115,0.5407443533318176
19,0.0,116,0.543715023608871
19,0.0,117,0.5419805275542182
19,0.0,118,0.5379848949322124
19,0.0,119,0.5372287770517798
19,0.0,120,0.5197012145029196
19,1.0,0,1.0
19,1.0,1,0.9509187577755568
19,1.0,2,0.9174065200427816
19,1.0,3,0.8901805674480417
19,1.0,4,0.8909621765326637
19,1.0,5,0.8640513365113237
19,1.0,6,0.8339704986404954
19,1.0,7,0.8489820935140181
19,1.0,8,0.7976667864793594
19,1.0,9,0.8292180797298361
19,1.0,10,0.8630165090022647
19,1.0,11,0.8788890518344622
19,1.0,12,0.8943797626112734
19,1.0,13,0.9429138284547915
19,1.0,14,0.9218855206556016
19,1.0,15,0.9256549957529993
19,1.0,16,0.9236016973022073
19,1.0,17,0.9161327297723983
19,1.0,18,0.910312865420159
19,1.0,19,0.915846256304799
19,1.0,20,0.912423494655914
19,1.0,21,0.9677766446823637
19,1.0,22,0.9795083810233807
19,1.0,23,1.065898833866896
19,1.0,24,1.102639060283626
19,1.0,25,1.1052475196438258
19,1.0,26,1.106874344855685
19,1.0,27,1.18094792197971
19,1.0,28,1.1138500891935337
19,1.0,29,1.0568188492406225
19,1.0,30,1.111798332393928
19,1.0,31,1.1049882372530113
19,1.0,32,1.051312649799292
19,1.0,33,1.051613433503541
19,1.0,34,1.1045640519183604
19,1.0,35,1.115652019194782
19,1.0,36,1.1709629710309004
19,1.0,37,1.174390819313938
19,1.0,38,1.210737593904864
19,1.0,39,1.1181065926536309
19,1.0,40,1.1628880960121122
19,1.0,41,1.1566955844611797
19,1.0,42,1.184242521523774
19,1.0,43,1.1413651838640757
19,1.0,44,1.0504244815436214
19,1.0,45,1.0502440922455083
19,1.0,46,1.0585901406179137
19,1.0,47,1.064057490093263
19,1.0,48,1.0515469155535797
19,1.0,49,1.1061354362853102
19,1.0,50,1.0125882717921082
19,1.0,51,1.0015070415867198
19,1.0,52,1.0463547202225387
19,1.0,53,1.039515330516873
19,1.0,54,1.0120050608896405
19,1.0,55,1.1080450261604002
19,1.0,56,1.1137033047297495
19,1.0,57,1.07769252870023
19,1.0,58,1.02889863291097
19,1.0,59,1.0513136698555783
19,1.0,60,0.9762493667684092
19,1.0,61,1.0195247018321527
19,1.0,62,1.0177767103298445
19,1.0,63,0.9825975741389082
19,1.0,64,1.0151181425120956
19,1.0,65,1.0855821965569825
19,1.0,66,1.0599679388602148
19,1.0,67,1.07443649218451
19,1.0,68,1.1274947762370722
19,1.0,69,1.0652042124497143
19,1.0,70,0.9938018758682928
19,1.0,71,0.979805439401178
19,1.0,72,1.0758155156158704
19,1.0,73,1.1154357700904463
19,1.0,74,1.1088661096176766
19,1.0,75,1.1682913697018664
19,1.0,76,1.0858747626348657
19,1.0,77,1.1114648037070158
19,1.0,78,1.1757187528019035
19,1.0,79,1.1284015455408911
19,1.0,80,1.1789859816962596
19,1.0,81,1.221961864388729
19,1.0,82,1.216389635270413
19,1.0,83,1.1835687107869879
19,1.0,84,1.1790957869088303
19,1.0,85,1.2237550446119467
19,1.0,86,1.2185246408215888
19,1.0,87,1.1943357747602175
19,1.0,88,1.2022721921564883
19,1.0,89,1.1993687575600067
19,1.0,90,1.2034087937040743
19,1.0,91,1.14720460174475
19,1.0,92,1.2003053886989337
19,1.0,93,1.1842747562170992
19,1.0,94,1.154087127342775
19,1.0,95,1.1205785797558356
19,1.0,96,1.1256801958070086
19,1.0,97,1.0799996444265396
19,1.0,98,1.128052147802748
19,1.0,99,1.1340200004770449
19,1.0,100,1.1542525768476213
19,1.0,101,1.2052305491604258
19,1.0,102,1.1977356129982395
19,1.0,103,1.2162852083471534
19,1.0,104,1.2278801800467218
19,1.0,105,1.2078642902259273
19,1.0,106,1.1278297477670933
19,1.0,107,1.1392439207373988
19,1.0,108,1.1592899230867966
19,1.0,109,1.1948630227240231
19,1.0,110,1.2325801759111712
19,1.0,111,1.2158263105884886
19,1.0,112,1.2305485737236967
19,1.0,113,1.1925305952780179
19,1.0,114,1.1879789431270067
19,1.0,115,1.2160550631942673
19,1.0,116,1.1980281727589457
19,1.0,117,1.1982216242794905
19,1.0,118,1.2072155928156705
19,1.0,119,1.2136395561977187
19,1.0,120,1.1831741370799942
19,3.0,0,1.0
19,3.0,1,0.95863867209183
19,3.0,2,0.9334244129702284
19,3.0,3,0.9003247315933465
19,3.0,4,0.9004017387437141
19,3.0,5,0.8810312473746791
19,3.0,6,0.8651800822043378
19,3.0,7,0.8836323363803991
19,3.0,8,0.8443818647685272
19,3.0,9,0.8851584973127626
19,3.0,10,0.9075670135409173
19,3.0,11,0.9164831110072339
19,3.0,12,0.9500251175990988
19,3.0,13,1.006254279660366
19,3.0,14,0.9882282728259726
19,3.0,15,1.0108786781537453
19,3.0,16,1.0289581751117718
19,3.0,17,1.0114376431495757
19,3.0,18,1.0055196994693718
19,3.0,19,1.021188037579568
19,3.0,20,1.0098277252719678
19,3.0,21,1.0682759082619777
19,3.0,22,1.083819882829528
19,3.0,23,1.1713607507593313
19,3.0,24,1.2141667998791181
19,3.0,25,1.1980405693457004
19,3.0,26,1.1790606200422995
19,3.0,27,1.2156956762757074
19,3.0,28,1.150857825603254
19,3.0,29,1.101306631255523
19,3.0,30,1.1385740690288273
19,3.0,31,1.1419789214523788
19,3.0,32,1.1131076385747471
19,3.0,33,1.1100249587094233
19,3.0,34,1.1372159284190655
19,3.0,35,1.131643328521963
19,3.0,36,1.172023366814629
19,3.0,37,1.1688728134251631
19,3.0,38,1.1857696147979133
19,3.0,39,1.1048918385187507
19,3.0,40,1.1578478431706303
19,3.0,41,1.1585958224763
19,3.0,42,1.1587999629852748
19,3.0,43,1.151487471511886
19,3.0,44,1.1233087781963618
19,3.0,45,1.126760594183729
19,3.0,46,1.143789883287826
19,3.0,47,1.1548086257483845
19,3.0,48,1.1438784763549539
19,3.0,49,1.161389728475218
19,3.0,50,1.096340644193002
19,3.0,51,1.0830395730603022
19,3.0,52,1.1484963834163726
19,3.0,53,1.142915561255006
19,3.0,54,1.0998014640894824
19,3.0,55,1.177248280685634
19,3.0,56,1.1747871775662577
19,3.0,57,1.159370531147746
19,3.0,58,1.1371322065707294
19,3.0,59,1.1616122791478398
19,3.0,60,1.059085403931611
19,3.0,61,1.1044921793264524
19,3.0,62,1.125668819332216
19,3.0,63,1.0741430049173017
19,3.0,64,1.1228191783783492
19,3.0,65,1.197362534404004
19,3.0,66,1.206452675419368
19,3.0,67,1.3173483421619347
19,3.0,68,1.3200278382974142
19,3.0,69,1.235601258751031
19,3.0,70,1.214607107412658
19,3.0,71,1.2056748228188474
19,3.0,72,1.3154621299240392
19,3.0,73,1.362452417939683
19,3.0,74,1.3569065968364336
19,3.0,75,1.3594214288581072
19,3.0,76,1.288709839365536
19,3.0,77,1.2979753354596328
19,3.0,78,1.3488099299913758
19,3.0,79,1.3343249959142407
19,3.0,80,1.3943433521666466
19,3.0,81,1.436611272955549
19,3.0,82,1.4490869745484507
19,3.0,83,1.4164973623725652
19,3.0,84,1.4232224102289899
19,3.0,85,1.4574264637900796
19,3.0,86,1.487067928456293
19,3.0,87,1.4298544357478336
19,3.0,88,1.4401695028173296
19,3.0,89,1.4314301453761276
19,3.0,90,1.4276761432182135
19,3.0,91,1.3805699025167844
19,3.0,92,1.420944725480325
19,3.0,93,1.4206259817872784
19,3.0,94,1.4035418156160424
19,3.0,95,1.38224319355911
19,3.0,96,1.3891176698562169
19,3.0,97,1.3804639239676961
19,3.0,98,1.4598367815237283
19,3.0,99,1.4548386426930893
19,3.0,100,1.4831310941584464
19,3.0,101,1.5455992346602114
19,3.0,102,1.5354480445273797
19,3.0,103,1.5927089170410358
19,3.0,104,1.6303500404477262
19,3.0,105,1.6085228908783995
19,3.0,106,1.5488073966697966
19,3.0,107,1.4944695114988822
19,3.0,108,1.4840524164668885
19,3.0,109,1.5439524082187734
19,3.0,110,1.6216133436796005
19,3.0,111,1.5868016295307248
19,3.0,112,1.619743620262985
19,3.0,113,1.5984567883295986
19,3.0,114,1.6210834175192397
19,3.0,115,1.6720867979433167
19,3.0,116,1.6762514468498062
19,3.0,117,1.6727192736801269
19,3.0,118,1.6874528259933004
19,3.0,119,1.6823817949671456
19,3.0,120,1.6653482563050523
19,10.0,0,1.0
19,10.0,1,0.9622886328509396
19,10.0,2,0.9413422717316291
19,10.0,3,0.9186267914599697
19,10.0,4,0.9208399758722446
19,10.0,5,0.918875234199856
19,10.0,6,0.9079126964420694
19,10.0,7,0.928490915508326
19,10.0,8,0.8974832006866841
19,10.0,9,0.9175869289212195
19,10.0,10,0.9397665438609468
19,10.0,11,0.9553864101166151
19,10.0,12,0.9959866877691331
19,10.0,13,1.038340582428147
19,10.0,14,1.0248421752902908
19,10.0,15,1.0359096826603693
19,10.0,16,1.0458390935240771
19,10.0,17,1.020552798524018
19,10.0,18,1.017374493257856
19,10.0,19,1.0295844433690586
19,10.0,20,1.0208735869876708
19,10.0,21,1.0614149982672587
19,10.0,22,1.0384649825046077
19,10.0,23,1.0697051530964399
19,10.0,24,1.0672656041770001
19,10.0,25,1.0877514527650702
19,10.0,26,1.0942960225902552
19,10.0,27,1.1268930986478858
19,10.0,28,1.0601471587873497
19,10.0,29,1.0385929332638002
19,10.0,30,1.0743155131576947
19,10.0,31,1.0834272789122683
19,10.0,32,1.0530942653941708
19,10.0,33,1.0402500662174123
19,10.0,34,1.051086372516666
19,10.0,35,1.0446056493661942
19,10.0,36,1.0785444144464453
19,10.0,37,1.0797418939513859
19,10.0,38,1.0916664306000072
19,10.0,39,1.0231295312466362
19,10.0,40,1.0626967592357301
19,10.0,41,1.0669953588484016
19,10.0,42,1.0770600497869864
19,10.0,43,1.0502172375060315
19,10.0,44,1.0210565896718398
19,10.0,45,1.026774229917486
19,10.0,46,1.0338387741278847
19,10.0,47,1.0462210282523483
19,10.0,48,1.0693052807062444
19,10.0,49,1.1154775748345491
19,10.0,50,1.0778498500003717
19,10.0,51,1.0645352359848312
19,10.0,52,1.0864440671447781
19,10.0,53,1.0844954872061712
19,10.0,54,1.0874792292352669
19,10.0,55,1.1619980913888999
19,10.0,56,1.1769397585468222
19,10.0,57,1.1821982181731563
19,10.0,58,1.1685563681944418
19,10.0,59,1.2243269316946175
19,10.0,60,1.1651388700722536
19,10.0,61,1.2320922130661227
19,10.0,62,1.2504639904570198
19,10.0,63,1.1918306964413015
19,10.0,64,1.2227357124848688
19,10.0,65,1.2994358806250748
19,10.0,66,1.2700371013917615
19,10.0,67,1.315157314930546
19,10.0,68,1.334241575720057
19,10.0,69,1.2878795398081209
19,10.0,70,1.2434144890074452
19,10.0,71,1.2361116177315548
19,10.0,72,1.3508228991677202
19,10.0,73,1.3954404349378928
19,10.0,74,1.4091690838569242
19,10.0,75,1.3802245088680203
19,10.0,76,1.3444658008274097
19,10.0,77,1.375512899841693
19,10.0,78,1.4267386698441664
19,10.0,79,1.3957277983144034
19,10.0,80,1.4711491819146092
19,10.0,81,1.4837278712052626
19,10.0,82,1.4815565398436814
19,10.0,83,1.4308925213282646
19,10.0,84,1.4560750944084828
19,10.0,85,1.4906782921677906
19,10.0,86,1.5235380377616012
19,10.0,87,1.4495004217823266
19,10.0,88,1.4862118621477354
19,10.0,89,1.4617363290637568
19,10.0,90,1.4629240528594696
19,10.0,91,1.3998363663882045
19,10.0,92,1.4166145166672444
19,10.0,93,1.4461503173081027
19,10.0,94,1.459322081370189
19,10.0,95,1.4338325080673124
19,10.0,96,1.4903559420019594
19,10.0,97,1.4680385846356692
19,10.0,98,1.5355034306051298
19,10.0,99,1.530545795251237
19,10.0,100,1.4656388809201866
19,10.0,101,1.577288256255923
19,10.0,102,1.5759691911929268
19,10.0,103,1.564515617232685
19,10.0,104,1.5448258122439251
19,10.0,105,1.5008117703631676
19,10.0,106,1.4901346785585372
19,10.0,107,1.5048506988151429
19,10.0,108,1.5440265439763223
19,10.0,109,1.5589255175557415
19,10.0,110,1.591364609876133
19,10.0,111,1.598508965075372
19,10.0,112,1.5900793857245363
19,10.0,113,1.560219132668984
19,10.0,114,1.636053478318859
19,10.0,115,1.6560911361774204
19,10.0,116,1.6374552721444684
19,10.0,117,1.5907819855653578
19,10.0,118,1.5485498994996911
19,10.0,119,1.5592677398244372
19,10.0,120,1.5570921487059164
20,0.0,0,1.0
20,0.0,1,1.0403364249037823
20,0.0,2,1.0209605446888073
20,0.0,3,1.038478944125543
20,0.0,4,1.0297214635583922
20,0.0,5,1.007576779038845
20,0.0,6,1.0176326754652518
20,0.0,7,1.0604979794300877
20,0.0,8,1.023881996940365
20,0.0,9,1.00597561945426
20,0.0,10,1.0228145233403354
20,0.0,11,1.0513575723487978
20,0.0,12,1.1174936135811884
20,0.0,13,1.082283628675715
20,0.0,14,1.0824744653925646
20,0.0,15,1.1057186539280428
20,0.0,16,1.12585726927032
20,0.0,17,1.13666643855352
20,0.0,18,1.1561216610871254
20,0.0,19,1.1947111835448847
20,0.0,20,1.1473415669932858
20,0.0,21,1.1504032259713495
20,0.0,22,1.152307025516783
20,0.0,23,1.0321630137585789
20,0.0,24,1.09806543872294
20,0.0,25,1.09348457838635
20,0.0,26,1.040600977781554
20,0.0,27,1.0505252083366299
20,0.0,28,1.0549250838086393
20,0.0,29,1.0569319681701708
20,0.0,30,1.0232803573365614
20,0.0,31,1.0383083503639854
20,0.0,32,1.0143882317354458
20,0.0,33,0.9988435152025433
20,0.0,34,1.0353392858847523
20,0.0,35,1.0272695717453204
20,0.0,36,1.0380283514445823
20,0.0,37,1.0162445488269958
20,0.0,38,1.047930291207654
20,0.0,39,1.047556934213649
20,0.0,40,1.0402132514368927
20,0.0,41,0.9974252927583764
20,0.0,42,0.9808091410483746
20,0.0,43,0.9979533260538844
20,0.0,44,1.0162748459521815
20,0.0,45,0.9533344494841394
20,0.0,46,0.8145880672156635
20,0.0,47,0.8392952876472349
20,0.0,48,0.8918161700013519
20,0.0,49,0.9284683713159746
20,0.0,50,0.9050062119200063
20,0.0,51,0.9102649217194172
20,0.0,52,0.9507557726244847
20,0.0,53,1.0004112541121617
20,0.0,54,0.913630954968506
20,0.0,55,0.908004047632871
20,0.0,56,0.8890954707472587
20,0.0,57,0.9423543775804968
20,0.0,58,0.9594211057981442
20,0.0,59,0.9560745413282258
20,0.0,60,1.028979131142816
20,0.0,61,1.025567282344624
20,0.0,62,0.974101120253422
20,0.0,63,0.9403634840066607
20,0.0,64,0.9177624535987964
20,0.0,65,0.8573147257469929
20,0.0,66,0.8471382068476258
20,0.0,67,0.8306496288246683
20,0.0,68,0.8242237894718242
20,0.0,69,0.8510191311678803
20,0.0,70,0.8283153995678185
20,0.0,71,0.8421527598900412
20,0.0,72,0.8076783421288319
20,0.0,73,0.7487050321216838
20,0.0,74,0.7620781536505815
20,0.0,75,0.7836082560544207
20,0.0,76,0.7667377729458356
20,0.0,77,0.7861814771994434
20,0.0,78,0.7887681874542901
20,0.0,79,0.7585597087767716
20,0.0,80,0.7885040675587519
20,0.0,81,0.8280928710994768
20,0.0,82,0.8462891882441853
20,0.0,83,0.8379084223142391
20,0.0,84,0.7738015280935506
20,0.0,85,0.7104458203880544
20,0.0,86,0.6793334532068165
20,0.0,87,0.6981319009291235
20,0.0,88,0.6930252641424245
20,0.0,89,0.7003569938945747
20,0.0,90,0.6939279753243561
20,0.0,91,0.6967626251171151
20,0.0,92,0.757522806985001
20,0.0,93,0.7251899159788702
20,0.0,94,0.7177245869462626
20,0.0,95,0.710714929065572
20,0.0,96,0.6982709893502086
20,0.0,97,0.7394099687493535
20,0.0,98,0.7502841257048335
20,0.0,99,0.7399724052075242
20,0.0,100,0.7613737790323986
20,0.0,101,0.789555471563993
20,0.0,102,0.7915458482398368
20,0.0,103,0.819886481718755
20,0.0,104,0.7959402050787755
20,0.0,105,0.7845479129915741
20,0.0,106,0.7986784442050345
20,0.0,107,0.7777857382703011
20,0.0,108,0.7652861692748917
20,0.0,109,0.7977828745780429
20,0.0,110,0.7527116524560902
20,0.0,111,0.7539320164691332
20,0.0,112,0.7415714381159025
20,0.0,113,0.761430429112922
20,0.0,114,0.7491415687738353
20,0.0,115,0.7801153321475607
20,0.0,116,0.8001586952626171
20,0.0,117,0.7573092559985356
20,0.0,118,0.7892970994150554
20,0.0,119,0.784703053246637
20,0.0,120,0.7579601093666986
20,1.0,0,1.0
20,1.0,1,1.038987209480082
20,1.0,2,1.0270882445977565
20,1.0,3,1.0554645707504045
20,1.0,4,1.0440072288382463
20,1.0,5,1.0310775160993535
20,1.0,6,1.0269423045005885
20,1.0,7,1.0962961019208368
20,1.0,8,1.0664321539922563
20,1.0,9,1.071928137296168
20,1.0,10,1.0780670778822525
20,1.0,11,1.110322782053505
20,1.0,12,1.1633251153580295
20,1.0,13,1.1679125160337278
20,1.0,14,1.1671504455401698
20,1.0,15,1.2318253666120327
20,1.0,16,1.2556263856307435
20,1.0,17,1.256120608739359
20,1.0,18,1.284835420574446
20,1.0,19,1.3271911205616578
20,1.0,20,1.3382930646861526
20,1.0,21,1.3701401694624895
20,1.0,22,1.3866710878607862
20,1.0,23,1.3308721928490774
20,1.0,24,1.377079837195899
20,1.0,25,1.3936232087291613
20,1.0,26,1.3358321557301729
20,1.0,27,1.410054340624037
20,1.0,28,1.4274090412954048
20,1.0,29,1.4517688612156736
20,1.0,30,1.4214444252285594
20,1.0,31,1.4161557094822461
20,1.0,32,1.3867785665792296
20,1.0,33,1.3775231866490905
20,1.0,34,1.389832942140122
20,1.0,35,1.3898842694096638
20,1.0,36,1.3996462463718995
20,1.0,37,1.3930417558007102
20,1.0,38,1.4127479015768147
20,1.0,39,1.4213703812414245
20,1.0,40,1.4505819504137396
20,1.0,41,1.3905788251505615
20,1.0,42,1.3837784291271236
20,1.0,43,1.391173687713658
20,1.0,44,1.3985348938216067
20,1.0,45,1.2934165898661365
20,1.0,46,1.1072439997355623
20,1.0,47,1.1434096181427857
20,1.0,48,1.1920797839956008
20,1.0,49,1.2106089297526337
20,1.0,50,1.1946429936132141
20,1.0,51,1.2160960696977579
20,1.0,52,1.2766545112779424
20,1.0,53,1.339524245425721
20,1.0,54,1.2770265423721443
20,1.0,55,1.2787504066009645
20,1.0,56,1.2607290825472524
20,1.0,57,1.3360192082529934
20,1.0,58,1.3386928426059321
20,1.0,59,1.3444809404974913
20,1.0,60,1.4291673279742112
20,1.0,61,1.4231627476212179
20,1.0,62,1.3684358552792495
20,1.0,63,1.3308892695154202
20,1.0,64,1.29405742965682
20,1.0,65,1.2130522285009937
20,1.0,66,1.2061619340337069
20,1.0,67,1.1928730160048522
20,1.0,68,1.1887052438956873
20,1.0,69,1.2439877356406865
20,1.0,70,1.2539178756376224
20,1.0,71,1.2659310515450406
20,1.0,72,1.2328078184351752
20,1.0,73,1.1767915696649727
20,1.0,74,1.1975665264510527
20,1.0,75,1.2327694992415925
20,1.0,76,1.2043402022674907
20,1.0,77,1.2389053260099028
20,1.0,78,1.2518588480556039
20,1.0,79,1.215110020601017
20,1.0,80,1.2694651927691216
20,1.0,81,1.3377003303058692
20,1.0,82,1.366076239175136
20,1.0,83,1.3585022253048142
20,1.0,84,1.2799400077206797
20,1.0,85,1.2570786579454485
20,1.0,86,1.1797734384305627
20,1.0,87,1.1972550375710638
20,1.0,88,1.1647686043359917
20,1.0,89,1.175464570732689
20,1.0,90,1.1639933595916934
20,1.0,91,1.2046926653894026
20,1.0,92,1.2808821382636955
20,1.0,93,1.259974966819239
20,1.0,94,1.275411887207731
20,1.0,95,1.2769346116720015
20,1.0,96,1.255596056670085
20,1.0,97,1.3248524839142557
20,1.0,98,1.3495388195191809
20,1.0,99,1.3403159498725008
20,1.0,100,1.3546524458150886
20,1.0,101,1.3960223214564904
20,1.0,102,1.4021099539612676
20,1.0,103,1.4676602105643664
20,1.0,104,1.4536843823529957
20,1.0,105,1.414314955295011
20,1.0,106,1.4869370425779131
20,1.0,107,1.4363406820186355
20,1.0,108,1.4259922948749557
20,1.0,109,1.4380595216386445
20,1.0,110,1.3820059553363773
20,1.0,111,1.4040645677710688
20,1.0,112,1.3824083627369501
20,1.0,113,1.4132853724461347
20,1.0,114,1.4186803077389327
20,1.0,115,1.4472164724177965
20,1.0,116,1.4814463737448886
20,1.0,117,1.464002974012038
20,1.0,118,1.54432823010684
20,1.0,119,1.5622129591637492
20,1.0,120,1.480734796595419
20,3.0,0,1.0
20,3.0,1,1.0343268062385886
20,3.0,2,1.0014995161402955
20,3.0,3,1.050474831361324
20,3.0,4,1.0226250120351301
20,3.0,5,1.0191196194475474
20,3.0,6,0.9889636891678346
20,3.0,7,1.029973214861838
20,3.0,8,1.0249318964026122
20,3.0,9,1.02810859826089
20,3.0,10,1.0535084040870712
20,3.0,11,1.0750947526589625
20,3.0,12,1.136803102434105
20,3.0,13,1.115474338857782
20,3.0,14,1.111696890870864
20,3.0,15,1.1687571666052752
20,3.0,16,1.1568313650614406
20,3.0,17,1.1680164514009785
20,3.0,18,1.193811861875486
20,3.0,19,1.2264827926380053
20,3.0,20,1.274813080098101
20,3.0,21,1.2687345140975028
20,3.0,22,1.2907292957755483
20,3.0,23,1.2748717361207689
20,3.0,24,1.3125901459217058
20,3.0,25,1.325068483147492
20,3.0,26,1.3068996283339762
20,3.0,27,1.4058077864177514
20,3.0,28,1.4585466562723337
20,3.0,29,1.462180615945725
20,3.0,30,1.4520433266934274
20,3.0,31,1.4302052288777918
20,3.0,32,1.3951323931320385
20,3.0,33,1.4080045265732841
20,3.0,34,1.4192644847559053
20,3.0,35,1.4175273052490027
20,3.0,36,1.4255454441556028
20,3.0,37,1.37998663337025
20,3.0,38,1.3451014013198608
20,3.0,39,1.343486348328722
20,3.0,40,1.3500724526337844
20,3.0,41,1.3480671203386219
20,3.0,42,1.3471665711828613
20,3.0,43,1.344496290796224
20,3.0,44,1.3555951454707964
20,3.0,45,1.291154571043
20,3.0,46,1.1727880709332859
20,3.0,47,1.2128698417462211
20,3.0,48,1.275863146154247
20,3.0,49,1.3022649375290618
20,3.0,50,1.3194937683491677
20,3.0,51,1.3299599207038477
20,3.0,52,1.344129359534725
20,3.0,53,1.4189306493691767
20,3.0,54,1.3540875018091187
20,3.0,55,1.3787584408144182
20,3.0,56,1.3590691252834561
20,3.0,57,1.401117456050318
20,3.0,58,1.425254098126074
20,3.0,59,1.4274830683534137
20,3.0,60,1.5040848702348943
20,3.0,61,1.4987759634539943
20,3.0,62,1.4510291607848225
20,3.0,63,1.4160123940614753
20,3.0,64,1.3733137754161815
20,3.0,65,1.329685409640567
20,3.0,66,1.4050961593612212
20,3.0,67,1.395158209304801
20,3.0,68,1.4254036059130735
20,3.0,69,1.5107882712868252
20,3.0,70,1.5327760123879366
20,3.0,71,1.5393748552553608
20,3.0,72,1.519981007506875
20,3.0,73,1.5344263104105174
20,3.0,74,1.5663321772355574
20,3.0,75,1.6141023445681675
20,3.0,76,1.5778832897105122
20,3.0,77,1.6241644757776743
20,3.0,78,1.6667134812466042
20,3.0,79,1.62400306788148
20,3.0,80,1.696994901272392
20,3.0,81,1.7820545200150701
20,3.0,82,1.8189765621742155
20,3.0,83,1.8077007376022272
20,3.0,84,1.6979419074392317
20,3.0,85,1.697651628574161
20,3.0,86,1.6132577760759528
20,3.0,87,1.6540438560700026
20,3.0,88,1.6883115123878452
20,3.0,89,1.671456985946639
20,3.0,90,1.6756923943195623
20,3.0,91,1.741253369562858
20,3.0,92,1.8615674206046422
20,3.0,93,1.865443976327311
20,3.0,94,1.9125870498489876
20,3.0,95,1.947103081929196
20,3.0,96,1.9452907906585444
20,3.0,97,2.0146962371365715
20,3.0,98,2.0391495175300105
20,3.0,99,2.072417991989845
20,3.0,100,2.102954082199459
20,3.0,101,2.169511329872686
20,3.0,102,2.1564739201523646
20,3.0,103,2.268629114273457
20,3.0,104,2.2959093251420466
20,3.0,105,2.1961747636300086
20,3.0,106,2.332692779749679
20,3.0,107,2.2746484057413725
20,3.0,108,2.250584923560905
20,3.0,109,2.258059685634796
20,3.0,110,2.1596089524387345
20,3.0,111,2.2261196225244166
20,3.0,112,2.220836043624656
20,3.0,113,2.253267655983906
20,3.0,114,2.26917718377608
20,3.0,115,2.2604287187274874
20,3.0,116,2.293285002926431
20,3.0,117,2.2749574043960963
20,3.0,118,2.3713832957159333
20,3.0,119,2.3995041529200143
20,3.0,120,2.3430333753103265
20,10.0,0,1.0
20,10.0,1,1.03175750705425
20,10.0,2,1.003369661711734
20,10.0,3,1.0378972690845847
20,10.0,4,1.0131766164527054
20,10.0,5,1.0113074373064679
20,10.0,6,0.966552613663169
20,10.0,7,0.9980918044843421
20,10.0,8,0.9950519293342989
20,10.0,9,0.9835242367331938
20,10.0,10,1.0083300523037242
20,10.0,11,1.024566883304741
20,10.0,12,1.0729351012123947
20,10.0,13,1.056343276374403
20,10.0,14,1.0656326062527604
20,10.0,15,1.107434387395472
20,10.0,16,1.1088788338273183
20,10.0,17,1.1130958149207038
20,10.0,18,1.1305150135614355
20,10.0,19,1.1216102397507008
20,10.0,20,1.1483451597296523
20,10.0,21,1.1320131326175336
20,10.0,22,1.1200725211746645
20,10.0,23,1.114547845302573
20,10.0,24,1.1185794811226297
20,10.0,25,1.143283732652875
20,10.0,26,1.1665898890616684
20,10.0,27,1.2174279363553615
20,10.0,28,1.2498423319518694
20,10.0,29,1.2668569442532625
20,10.0,30,1.2498408902136118
20,10.0,31,1.216135133480922
20,10.0,32,1.1954233343412008
20,10.0,33,1.209636138258171
20,10.0,34,1.2278291929491685
20,10.0,35,1.220075264979582
20,10.0,36,1.242882146095766
20,10.0,37,1.2009750526010863
20,10.0,38,1.1911169141587195
20,10.0,39,1.184134526167166
20,10.0,40,1.1701571862165654
20,10.0,41,1.1838539538868227
20,10.0,42,1.1920631372175177
20,10.0,43,1.1809932141702773
20,10.0,44,1.1769284175702506
20,10.0,45,1.157510559843167
20,10.0,46,1.12175677947291
20,10.0,47,1.1598076044041108
20,10.0,48,1.2209436423301911
20,10.0,49,1.2109939308571132
20,10.0,50,1.268334908732231
20,10.0,51,1.2456305163667976
20,10.0,52,1.3219396858971897
20,10.0,53,1.3432044294634569
20,10.0,54,1.3346204335649006
20,10.0,55,1.385915563441905
20,10.0,56,1.3574241779719425
20,10.0,57,1.399254678416224
20,10.0,58,1.396862803184456
20,10.0,59,1.4121482167483204
20,10.0,60,1.4519222785861268
20,10.0,61,1.4787063486332976
20,10.0,62,1.4541272680158803
20,10.0,63,1.4500676527200018
20,10.0,64,1.421654679346416
20,10.0,65,1.383502486057536
20,10.0,66,1.4052998173847386
20,10.0,67,1.4293544975821555
20,10.0,68,1.4361915347282295
20,10.0,69,1.4636059559321744
20,10.0,70,1.4520216986557388
20,10.0,71,1.4662897876901626
20,10.0,72,1.4803636398755917
20,10.0,73,1.4737657828021982
20,10.0,74,1.5135943273207682
20,10.0,75,1.566258688430897
20,10.0,76,1.5225565623689428
20,10.0,77,1.5953723034601786
20,10.0,78,1.6170835727589963
20,10.0,79,1.5735247991557355
20,10.0,80,1.6542444571496164
20,10.0,81,1.70067661960681
20,10.0,82,1.7382632370843665
20,10.0,83,1.7598625914625365
20,10.0,84,1.7195943960898539
20,10.0,85,1.6359322794334707
20,10.0,86,1.5686786486260769
20,10.0,87,1.5852998373062746
20,10.0,88,1.6086971733332214
20,10.0,89,1.6069788853977205
20,10.0,90,1.6093986510115839
20,10.0,91,1.683409753054219
20,10.0,92,1.80136376296709
20,10.0,93,1.815568040718927
20,10.0,94,1.8491716506002027
20,10.0,95,1.8969314085384954
20,10.0,96,1.9011800850228906
20,10.0,97,1.9623905820285634
20,10.0,98,2.006046448602408
20,10.0,99,2.0262150426001395
20,10.0,100,2.0392389730354896
20,10.0,101,1.9993339265322254
20,10.0,102,2.0269913230291894
20,10.0,103,2.126493294352354
20,10.0,104,2.1302245440988545
20,10.0,105,2.0769161180782545
20,10.0,106,2.189653177306891
20,10.0,107,2.1147375209995554
20,10.0,108,2.116468262003292
20,10.0,109,2.1322721512676126
20,10.0,110,2.0548334028754853
20,10.0,111,2.1002259716611986
20,10.0,112,2.0932564100519686
20,10.0,113,2.0742104066772744
20,10.0,114,2.13168484966164
20,10.0,115,2.0817837923710236
20,10.0,116,2.0845460629712447
20,10.0,117,2.07699830121043
20,10.0,118,2.148656149689631
20,10.0,119,2.162269032466551
20,10.0,120,2.145858563550833
21,0.0,0,1.0
21,0.0,1,1.0010368661285791
21,0.0,2,0.980625458361194
21,0.0,3,0.9289303353915643
21,0.0,4,0.9240125567924729
21,0.0,5,0.9233213699867321
21,0.0,6,0.917828245794696
21,0.0,7,0.9346315631232105
21,0.0,8,0.9212423576804383
21,0.0,9,0.9169089284639875
21,0.0,10,0.9046546012322925
21,0.0,11,0.8989536808324261
21,0.0,12,0.9047680692274108
21,0.0,13,0.9272431296248356
21,0.0,14,0.9590270713885308
21,0.0,15,0.9316194979327657
21,0.0,16,0.86701549405422
21,0.0,17,0.921157512536033
21,0.0,18,0.895407077455576
21,0.0,19,0.9262382962253688
21,0.0,20,0.9129953902418186
21,0.0,21,0.9065725318673047
21,0.0,22,0.9302066022180525
21,0.0,23,0.919673345012608
21,0.0,24,0.9589167649210804
21,0.0,25,0.9300035977027568
21,0.0,26,0.9400217011276696
21,0.0,27,0.9934874914580888
21,0.0,28,0.9919049302814866
21,0.0,29,1.0057576780781994
21,0.0,30,0.994490042618056
21,0.0,31,0.7188842625632937
21,0.0,32,0.7371065560678908
21,0.0,33,0.7735572277594387
21,0.0,34,0.7599885275867726
21,0.0,35,0.8006658092713755
21,0.0,36,0.7474287225852853
21,0.0,37,0.7284089389570068
21,0.0,38,0.7343877817811636
21,0.0,39,0.7462201500972752
21,0.0,40,0.7307352120655428
21,0.0,41,0.6963914097083439
21,0.0,42,0.6646593359889549
21,0.0,43,0.6739678310385602
21,0.0,44,0.7058750900364467
21,0.0,45,0.6842845949473925
21,0.0,46,0.6966753775497825
21,0.0,47,0.7046890231314814
21,0.0,48,0.7522918843000705
21,0.0,49,0.7904258428408143
21,0.0,50,0.810597022488523
21,0.0,51,0.7963492189603796
21,0.0,52,0.8091505625525987
21,0.0,53,0.8415142226259557
21,0.0,54,0.8832002707346172
21,0.0,55,0.904883887949496
21,0.0,56,0.8394583357990464
21,0.0,57,0.807451515971306
21,0.0,58,0.8483254164990487
21,0.0,59,0.9295866590140641
21,0.0,60,0.8542663680957383
21,0.0,61,0.8518913471759538
21,0.0,62,0.8297679339690103
21,0.0,63,0.8351070190426008
21,0.0,64,0.7974867124530712
21,0.0,65,0.8474886092718158
21,0.0,66,0.8050301355056361
21,0.0,67,0.7992571128571296
21,0.0,68,0.7968061196312833
21,0.0,69,0.8109537699953264
21,0.0,70,0.8351782223596956
21,0.0,71,0.8339666451553831
21,0.0,72,0.8312459357505441
21,0.0,73,0.84488227763516
21,0.0,74,0.8331089744825422
21,0.0,75,0.7920011769304703
21,0.0,76,0.7995341529943475
21,0.0,77,0.8191583028609416
21,0.0,78,0.7765996660830724
21,0.0,79,0.73094771227356
21,0.0,80,0.7819768124043158
21,0.0,81,0.7246542587369282
21,0.0,82,0.7116636921242273
21,0.0,83,0.6798577583888995
21,0.0,84,0.714720736828997
21,0.0,85,0.7543757656604487
21,0.0,86,0.7442743420773131
21,0.0,87,0.7273755872582427
21,0.0,88,0.7386175895694274
21,0.0,89,0.7005851111097422
21,0.0,90,0.691855960507226
21,0.0,91,0.6084011087689023
21,0.0,92,0.5964856027900944
21,0.0,93,0.5665363721247487
21,0.0,94,0.5704102367224427
21,0.0,95,0.5671078925521463
21,0.0,96,0.5558509585375817
21,0.0,97,0.5479803455932704
21,0.0,98,0.5288383713704845
21,0.0,99,0.5316623132407844
21,0.0,100,0.45404125390985106
21,0.0,101,0.44603394296843596
21,0.0,102,0.4408502131048839
21,0.0,103,0.415902027008781
21,0.0,104,0.4186580372630299
21,0.0,105,0.43472770867424115
21,0.0,106,0.4391587419912487
21,0.0,107,0.44440118332129863
21,0.0,108,0.46636185146098796
21,0.0,109,0.46044825063915124
21,0.0,110,0.4677684155879957
21,0.0,111,0.4479648177871982
21,0.0,112,0.4608090151860543
21,0.0,113,0.4709130099602268
21,0.0,114,0.4513808205851382
21,0.0,115,0.43981888566615535
21,0.0,116,0.45163077997669615
21,0.0,117,0.4583704612055129
21,0.0,118,0.4610648473096792
21,0.0,119,0.4246908419712912
21,0.0,120,0.42460207143378426
21,1.0,0,1.0
21,1.0,1,0.9893994780700894
21,1.0,2,0.9706927313460284
21,1.0,3,0.9560437862426326
21,1.0,4,0.9645771574408155
21,1.0,5,0.9717592202557833
21,1.0,6,0.9798233000502662
21,1.0,7,1.006818290788068
21,1.0,8,0.9668204480799906
21,1.0,9,1.00291949575536
21,1.0,10,0.9984811431707219
21,1.0,11,1.0102651392572652
21,1.0,12,0.9766748986152154
21,1.0,13,1.0172210548683103
21,1.0,14,1.0458782140233343
21,1.0,15,1.029238110218669
21,1.0,16,0.9740889646443013
21,1.0,17,1.0150112466904258
21,1.0,18,1.0020277853107322
21,1.0,19,1.0353974566775759
21,1.0,20,1.015726535571325
21,1.0,21,1.0442475366272124
21,1.0,22,1.0950583716797477
21,1.0,23,1.0810082502328195
21,1.0,24,1.1318214191171097
21,1.0,25,1.0975674851335697
21,1.0,26,1.1407571327627173
21,1.0,27,1.2009603692110968
21,1.0,28,1.228311369488238
21,1.0,29,1.1968768852572502
21,1.0,30,1.2100710642735153
21,1.0,31,1.0435490433871388
21,1.0,32,1.081074734758837
21,1.0,33,1.1227258758557375
21,1.0,34,1.103598697093155
21,1.0,35,1.1762454231848731
21,1.0,36,1.1364211368036192
21,1.0,37,1.118621821333076
21,1.0,38,1.1303775520751356
21,1.0,39,1.1689295053577677
21,1.0,40,1.123273126655476
21,1.0,41,1.09531293754547
21,1.0,42,1.0540275857823604
21,1.0,43,1.0979769698034192
21,1.0,44,1.158756004184639
21,1.0,45,1.0946469485290002
21,1.0,46,1.0990199275431631
21,1.0,47,1.1143458164296693
21,1.0,48,1.1906893130683525
21,1.0,49,1.2554562248900942
21,1.0,50,1.300165572611311
21,1.0,51,1.2804749857419366
21,1.0,52,1.3041067860552344
21,1.0,53,1.372969749581452
21,1.0,54,1.4505150037333385
21,1.0,55,1.4908876585071724
21,1.0,56,1.4864931794327552
21,1.0,57,1.4264599546729437
21,1.0,58,1.4661319924757898
21,1.0,59,1.5448966648493907
21,1.0,60,1.4672036390401757
21,1.0,61,1.4502293880526138
21,1.0,62,1.4363052247496864
21,1.0,63,1.4564866476240055
21,1.0,64,1.407394011312369
21,1.0,65,1.4757702457754527
21,1.0,66,1.389316582107057
21,1.0,67,1.3801439579320112
21,1.0,68,1.3984232606688074
21,1.0,69,1.3950171182927338
21,1.0,70,1.410226678893981
21,1.0,71,1.431732531890382
21,1.0,72,1.437856205437102
21,1.0,73,1.4626389010781846
21,1.0,74,1.4869031641936017
21,1.0,75,1.4426503111765745
21,1.0,76,1.4741919438839282
21,1.0,77,1.5001192396638192
21,1.0,78,1.4183255493199913
21,1.0,79,1.466937473718157
21,1.0,80,1.5489414677434323
21,1.0,81,1.5221300166649476
21,1.0,82,1.4926282774875417
21,1.0,83,1.4299387121264187
21,1.0,84,1.496637775185337
21,1.0,85,1.5765470652774285
21,1.0,86,1.6805567389057616
21,1.0,87,1.642208816989678
21,1.0,88,1.6158275212507038
21,1.0,89,1.514930854005841
21,1.0,90,1.537122699740626
21,1.0,91,1.3651531953555518
21,1.0,92,1.3859216720776983
21,1.0,93,1.3542112547191765
21,1.0,94,1.352754824179
21,1.0,95,1.3446928585177957
21,1.0,96,1.3268086766688587
21,1.0,97,1.3125784471008066
21,1.0,98,1.2729463081829193
21,1.0,99,1.2854387734581239
21,1.0,100,1.0644578573559276
21,1.0,101,1.0476764635712605
21,1.0,102,1.047541430375151
21,1.0,103,1.0721156805856231
21,1.0,104,1.0878267082381616
21,1.0,105,1.127164504819216
21,1.0,106,1.1466250235474347
21,1.0,107,1.1647092107573078
21,1.0,108,1.2277469038136615
21,1.0,109,1.2165716572889715
21,1.0,110,1.2080270469889431
21,1.0,111,1.1900170490962825
21,1.0,112,1.2178110285188986
21,1.0,113,1.1944142831087763
21,1.0,114,1.1761652642886289
21,1.0,115,1.1554617360011659
21,1.0,116,1.1837938707983475
21,1.0,117,1.1957520015231031
21,1.0,118,1.1665378245605946
21,1.0,119,1.0863908882394093
21,1.0,120,1.0786158787924385
21,3.0,0,1.0
21,3.0,1,0.9975996420064408
21,3.0,2,0.9909507446917792
21,3.0,3,0.96411919349916
21,3.0,4,0.9736400010623949
21,3.0,5,0.9508877507099078
21,3.0,6,0.964528926966066
21,3.0,7,0.9617512983272299
21,3.0,8,0.9273124933363066
21,3.0,9,0.9753618634683258
21,3.0,10,0.9663558476121602
21,3.0,11,0.9840769695947039
21,3.0,12,0.9331737898368716
21,3.0,13,0.9713997994247797
21,3.0,14,0.9895579563843113
21,3.0,15,0.9822960054600071
21,3.0,16,0.94187948247962
21,3.0,17,0.9573240090404407
21,3.0,18,0.9546384415078577
21,3.0,19,0.9800423246733877
21,3.0,20,0.9736069389207201
21,3.0,21,0.9786246009814412
21,3.0,22,1.0245319968205144
21,3.0,23,1.015226592726924
21,3.0,24,1.052023534621164
21,3.0,25,1.0203582414514507
21,3.0,26,1.0644323199920644
21,3.0,27,1.1275918862499892
21,3.0,28,1.1271937313886364
21,3.0,29,1.1259469609663177
21,3.0,30,1.1458408518643208
21,3.0,31,1.0333396491985376
21,3.0,32,1.085091060689535
21,3.0,33,1.1207875175827358
21,3.0,34,1.0570517556023002
21,3.0,35,1.1151579017868976
21,3.0,36,1.1315725665110914
21,3.0,37,1.1391045456931943
21,3.0,38,1.1650828299924165
21,3.0,39,1.1983781889903196
21,3.0,40,1.151890920324631
21,3.0,41,1.1061013738080125
21,3.0,42,1.105292734428875
21,3.0,43,1.1632533053609284
21,3.0,44,1.2215898002086027
21,3.0,45,1.1373517725505633
21,3.0,46,1.124720263615397
21,3.0,47,1.1311271095939985
21,3.0,48,1.212442359898911
21,3.0,49,1.2794701690932881
21,3.0,50,1.337512923181436
21,3.0,51,1.323620120138839
21,3.0,52,1.3509198706263472
21,3.0,53,1.4247487480781704
21,3.0,54,1.5088499954114745
21,3.0,55,1.5484506754733238
21,3.0,56,1.5819256698155726
21,3.0,57,1.5098513156608453
21,3.0,58,1.534045893783339
21,3.0,59,1.5700710797258446
21,3.0,60,1.5491357927766984
21,3.0,61,1.4814402783175111
21,3.0,62,1.508998912598026
21,3.0,63,1.5035963199584375
21,3.0,64,1.4593099946302173
21,3.0,65,1.5507920874609704
21,3.0,66,1.4703831745694667
21,3.0,67,1.4773106563834164
21,3.0,68,1.5021346626929275
21,3.0,69,1.5081877890803985
21,3.0,70,1.4866616885145552
21,3.0,71,1.4758097747793395
21,3.0,72,1.4923337030485717
21,3.0,73,1.5604143096011283
21,3.0,74,1.5700318960884982
21,3.0,75,1.5649135022484177
21,3.0,76,1.5923933518857878
21,3.0,77,1.600550905065755
21,3.0,78,1.5303777995470922
21,3.0,79,1.6193856176644421
21,3.0,80,1.6657870994259154
21,3.0,81,1.701417796050374
21,3.0,82,1.6741413026764824
21,3.0,83,1.607116058398777
21,3.0,84,1.704076511881385
21,3.0,85,1.7833522607302232
21,3.0,86,1.926713808827764
21,3.0,87,1.8664492432768023
21,3.0,88,1.8043073235688394
21,3.0,89,1.720776908364447
21,3.0,90,1.698952457336898
21,3.0,91,1.5148828502368208
21,3.0,92,1.5668230511060888
21,3.0,93,1.5267731927461292
21,3.0,94,1.5354013376363673
21,3.0,95,1.521054666737805
21,3.0,96,1.4940565095366793
21,3.0,97,1.4763848004637128
21,3.0,98,1.42754627401268
21,3.0,99,1.4461462325050587
21,3.0,100,1.2868218097610689
21,3.0,101,1.2828129365335432
21,3.0,102,1.277937107901943
21,3.0,103,1.2960524589284839
21,3.0,104,1.2926908727713797
21,3.0,105,1.3118635353680486
21,3.0,106,1.3659323039230216
21,3.0,107,1.432615640019409
21,3.0,108,1.4951871200231686
21,3.0,109,1.5033563959618914
21,3.0,110,1.4878540365461976
21,3.0,111,1.5365907412056188
21,3.0,112,1.5668977944604596
21,3.0,113,1.5374258414736872
21,3.0,114,1.5249500598119203
21,3.0,115,1.4725344476928028
21,3.0,116,1.5097706210661745
21,3.0,117,1.525014199416101
21,3.0,118,1.4953064939280774
21,3.0,119,1.5252746996882172
21,3.0,120,1.46346261189102
21,10.0,0,1.0
21,10.0,1,0.9982731460532421
21,10.0,2,1.0005026867963824
21,10.0,3,0.98071153469086
21,10.0,4,0.9653986420417154
21,10.0,5,0.950665182778119
21,10.0,6,0.9524593770314999
21,10.0,7,0.9612310879563526
21,10.0,8,0.9359210783551427
21,10.0,9,0.9674710175490853
21,10.0,10,0.9700888103088127
21,10.0,11,0.9864368652200403
21,10.0,12,0.9700743114520229
21,10.0,13,0.9730680830001304
21,10.0,14,1.014300855113155
21,10.0,15,1.0161186854209843
21,10.0,16,1.0183572627808772
21,10.0,17,1.0186071352680888
21,10.0,18,0.9980387546732458
21,10.0,19,1.0203473568032064
21,10.0,20,0.9953279887698763
21,10.0,21,1.0070117448372098
21,10.0,22,1.0541807966828838
21,10.0,23,1.043097245804401
21,10.0,24,1.0586822533092584
21,10.0,25,1.0261656866025153
21,10.0,26,1.0402979879649397
21,10.0,27,1.0914373569301923
21,10.0,28,1.0737730227198958
21,10.0,29,1.0672003497509848
21,10.0,30,1.073238885348842
21,10.0,31,0.9836240624806558
21,10.0,32,1.0323254132010455
21,10.0,33,1.040837410864975
21,10.0,34,1.003934843247332
21,10.0,35,1.0556672196242254
21,10.0,36,1.0745101805314097
21,10.0,37,1.0863509723078684
21,10.0,38,1.1118428581972117
21,10.0,39,1.1036053324312178
21,10.0,40,1.0601619027727371
21,10.0,41,1.0023169548481536
21,10.0,42,1.0003504005185522
21,10.0,43,1.0452564853560162
21,10.0,44,1.088649076655655
21,10.0,45,1.0419684107325988
21,10.0,46,1.0392537522330323
21,10.0,47,1.035572947945205
21,10.0,48,1.0897946276083703
21,10.0,49,1.1388174185511404
21,10.0,50,1.1819499197328314
21,10.0,51,1.1804830486346058
21,10.0,52,1.206057042610039
21,10.0,53,1.2295738432395424
21,10.0,54,1.2743676936421222
21,10.0,55,1.286911918173286
21,10.0,56,1.277502230504187
21,10.0,57,1.2310837421908172
21,10.0,58,1.259992926931521
21,10.0,59,1.295476674481365
21,10.0,60,1.2841840903637822
21,10.0,61,1.2386915352099273
21,10.0,62,1.265729658589741
21,10.0,63,1.2937384352485697
21,10.0,64,1.273788144263996
21,10.0,65,1.343194296695197
21,10.0,66,1.2711935107285641
21,10.0,67,1.2737807999232387
21,10.0,68,1.2897882537905974
21,10.0,69,1.3171065626577965
21,10.0,70,1.30593562837893
21,10.0,71,1.293157580904027
21,10.0,72,1.3313055308516932
21,10.0,73,1.342910489216734
21,10.0,74,1.3548222020131044
21,10.0,75,1.3616038811318694
21,10.0,76,1.3495394343339733
21,10.0,77,1.3489774432873
21,10.0,78,1.29210563324745
21,10.0,79,1.3381348568097429
21,10.0,80,1.3972244255795028
21,10.0,81,1.4081578051354167
21,10.0,82,1.332540021026611
21,10.0,83,1.2856769146711615
21,10.0,84,1.329777733378811
21,10.0,85,1.3282631565212895
21,10.0,86,1.3229658135960864
21,10.0,87,1.3216645039455972
21,10.0,88,1.3732367785780095
21,10.0,89,1.3125181068887488
21,10.0,90,1.366441126745636
21,10.0,91,1.3016946866485906
21,10.0,92,1.3173513244584012
21,10.0,93,1.2971167411825522
21,10.0,94,1.2836870938066698
21,10.0,95,1.2958343995468113
21,10.0,96,1.2751145596629172
21,10.0,97,1.2345714926779876
21,10.0,98,1.2015186321495928
21,10.0,99,1.170547333179536
21,10.0,100,1.0689685346836824
21,10.0,101,1.0493566396109713
21,10.0,102,1.0523005855112666
21,10.0,103,1.053418394651281
21,10.0,104,1.062394837651943
21,10.0,105,1.0657451262628808
21,10.0,106,1.116949210098223
21,10.0,107,1.16444182225161
21,10.0,108,1.2122780420952466
21,10.0,109,1.2058553151675444
21,10.0,110,1.2121605674132516
21,10.0,111,1.2670581863971537
21,10.0,112,1.277035755902183
21,10.0,113,1.259666388500233
21,10.0,114,1.2466349104112622
21,10.0,115,1.2103827683217536
21,10.0,116,1.2181390615675556
21,10.0,117,1.2262909409466665
21,10.0,118,1.242134265820269
21,10.0,119,1.2242232389214802
21,10.0,120,1.2000820052109364
22,0.0,0,1.0
22,0.0,1,1.008104970830704
22,0.0,2,0.9573927197970986
22,0.0,3,0.970855168033435
22,0.0,4,0.9527917495790791
22,0.0,5,0.8446305318201304
22,0.0,6,0.8332801577204434
22,0.0,7,0.7984641795840466
22,0.0,8,0.8189528647442855
22,0.0,9,0.780359742724027
22,0.0,10,0.7586614622837409
22,0.0,11,0.7810895927905313
22,0.0,12,0.8256773211671331
22,0.0,13,0.8229332265565195
22,0.0,14,0.831430141807791
22,0.0,15,0.8222646449685476
22,0.0,16,0.7829436526559914
22,0.0,17,0.8307454648357087
22,0.0,18,0.8678676241325571
22,0.0,19,0.8465594818040934
22,0.0,20,0.8691010700559786
22,0.0,21,0.8533592556863966
22,0.0,22,0.9248468268947003
22,0.0,23,0.8627065993092813
22,0.0,24,0.8756405065041986
22,0.0,25,0.8409917995616091
22,0.0,26,0.8835169373172601
22,0.0,27,0.8501254955232294
22,0.0,28,0.8650484649530785
22,0.0,29,0.8522783114083379
22,0.0,30,0.7767623997550709
22,0.0,31,0.7611585255899304
22,0.0,32,0.724166002079126
22,0.0,33,0.7382666050911072
22,0.0,34,0.6816245635423389
22,0.0,35,0.6838268788906593
22,0.0,36,0.6721235648683842
22,0.0,37,0.677313086862783
22,0.0,38,0.6674932619205396
22,0.0,39,0.6898764707678692
22,0.0,40,0.6777352370352968
22,0.0,41,0.6807569458271453
22,0.0,42,0.6453750723552861
22,0.0,43,0.6204939131234549
22,0.0,44,0.6328121464901202
22,0.0,45,0.6190325838740868
22,0.0,46,0.644628219238105
22,0.0,47,0.6856926722660953
22,0.0,48,0.7081473736707864
22,0.0,49,0.6636648315091552
22,0.0,50,0.6689749739114893
22,0.0,51,0.6688331270297732
22,0.0,52,0.6804318466497273
22,0.0,53,0.6635852979834191
22,0.0,54,0.6984259083169554
22,0.0,55,0.7043248294033576
22,0.0,56,0.6872490778840208
22,0.0,57,0.7129148295492422
22,0.0,58,0.7103189924472864
22,0.0,59,0.7153711054079817
22,0.0,60,0.7203016183970489
22,0.0,61,0.6441452221376008
22,0.0,62,0.6094361303360927
22,0.0,63,0.5735114381758869
22,0.0,64,0.5855373049287494
22,0.0,65,0.6000310587169867
22,0.0,66,0.5603516274307792
22,0.0,67,0.5556914695602766
22,0.0,68,0.5366674653445686
22,0.0,69,0.5583575955363143
22,0.0,70,0.5751289479602152
22,0.0,71,0.5531167327951139
22,0.0,72,0.5468505573082283
22,0.0,73,0.5610511401808261
22,0.0,74,0.5475781022736398
22,0.0,75,0.49358284396746865
22,0.0,76,0.5273603515193409
22,0.0,77,0.5490763253562404
22,0.0,78,0.5570492166383045
22,0.0,79,0.5484354888990016
22,0.0,80,0.5346926835842442
22,0.0,81,0.5453711749211871
22,0.0,82,0.5458271088765098
22,0.0,83,0.5621422634557578
22,0.0,84,0.5825830346367448
22,0.0,85,0.6342531641866835
22,0.0,86,0.6519296480863106
22,0.0,87,0.653748202311161
22,0.0,88,0.636667853898161
22,0.0,89,0.6465903306599344
22,0.0,90,0.6145500012957966
22,0.0,91,0.6073023268416817
22,0.0,92,0.5790804952565173
22,0.0,93,0.585112200403701
22,0.0,94,0.6483373301649361
22,0.0,95,0.6275326394298179
22,0.0,96,0.6695499373649341
22,0.0,97,0.6410553635043973
22,0.0,98,0.6504884125239161
22,0.0,99,0.6296249168753029
22,0.0,100,0.6250258357205821
22,0.0,101,0.6256626944816154
22,0.0,102,0.6016858336444705
22,0.0,103,0.6301123459076355
22,0.0,104,0.6223704245687386
22,0.0,105,0.6383581067725194
22,0.0,106,0.653186672797472
22,0.0,107,0.6703958640466556
22,0.0,108,0.6363466931321636
22,0.0,109,0.6419413718005941
22,0.0,110,0.6671990409733425
22,0.0,111,0.6766780676444047
22,0.0,112,0.6417069236595252
22,0.0,113,0.6202756575011632
22,0.0,114,0.611899099075245
22,0.0,115,0.6564122244887628
22,0.0,116,0.6406160619735524
22,0.0,117,0.6083988692220129
22,0.0,118,0.5683524602440031
22,0.0,119,0.5744394150536603
22,0.0,120,0.5573801977409729
22,1.0,0,1.0
22,1.0,1,1.016002278691209
22,1.0,2,0.9646699740919186
22,1.0,3,0.9804990127944891
22,1.0,4,0.9709555503138525
22,1.0,5,0.8968476066956278
22,1.0,6,0.8553441883328952
22,1.0,7,0.8304506382034782
22,1.0,8,0.8247213213003446
22,1.0,9,0.7642370247703608
22,1.0,10,0.7441050588238374
22,1.0,11,0.7746604720190858
22,1.0,12,0.7959329114224712
22,1.0,13,0.7959985439210318
22,1.0,14,0.8029643539193747
22,1.0,15,0.7858150913375233
22,1.0,16,0.7714410768130144
22,1.0,17,0.8208379504390121
22,1.0,18,0.8503858593449944
22,1.0,19,0.8399427484183709
22,1.0,20,0.861575840930546
22,1.0,21,0.8563837464999066
22,1.0,22,0.9058312651413996
22,1.0,23,0.8596682681694389
22,1.0,24,0.8567213336064947
22,1.0,25,0.8244611354905305
22,1.0,26,0.8672405251892736
22,1.0,27,0.8738740757924311
22,1.0,28,0.8777525501019054
22,1.0,29,0.8623966280185817
22,1.0,30,0.797877536442029
22,1.0,31,0.7869104816848884
22,1.0,32,0.750434425024795
22,1.0,33,0.755874230507034
22,1.0,34,0.7517754494448056
22,1.0,35,0.7598450725399444
22,1.0,36,0.7487952288071793
22,1.0,37,0.7434644682544252
22,1.0,38,0.7328579036695626
22,1.0,39,0.7580395034048794
22,1.0,40,0.7475743905576445
22,1.0,41,0.783219681036208
22,1.0,42,0.7571260418817299
22,1.0,43,0.7307085889405942
22,1.0,44,0.7456602786059079
22,1.0,45,0.7457136209787167
22,1.0,46,0.7836537302824785
22,1.0,47,0.8292924224003165
22,1.0,48,0.8350750923648819
22,1.0,49,0.7797959314432453
22,1.0,50,0.7854596271665076
22,1.0,51,0.7988361029874912
22,1.0,52,0.8147204126729707
22,1.0,53,0.8170301523521782
22,1.0,54,0.8527262940244805
22,1.0,55,0.8695561124038884
22,1.0,56,0.878087674340443
22,1.0,57,0.9077833068397225
22,1.0,58,0.9096112082628488
22,1.0,59,0.8911889171621741
22,1.0,60,0.9368981329448205
22,1.0,61,0.8358373385376839
22,1.0,62,0.8030395814525456
22,1.0,63,0.7722853818561772
22,1.0,64,0.7976198282582226
22,1.0,65,0.8628285090400267
22,1.0,66,0.8601714255809807
22,1.0,67,0.8741968711890759
22,1.0,68,0.8512152044664805
22,1.0,69,0.8591440876400909
22,1.0,70,0.894651184776591
22,1.0,71,0.876551337812537
22,1.0,72,0.8642454173696853
22,1.0,73,0.8764823078498306
22,1.0,74,0.8655697196328787
22,1.0,75,0.8230371459024913
22,1.0,76,0.8775812561819332
22,1.0,77,0.9210046447659186
22,1.0,78,0.9373724328791644
22,1.0,79,0.9208239723434387
22,1.0,80,0.897749782512117
22,1.0,81,0.9156789847803162
22,1.0,82,0.9221459307276956
22,1.0,83,0.9357396398094516
22,1.0,84,0.9529401890360993
22,1.0,85,1.029243112286058
22,1.0,86,1.0540645291026762
22,1.0,87,1.0886556219701624
22,1.0,88,1.0850751566152235
22,1.0,89,1.1014707342055463
22,1.0,90,1.0465789519836968
22,1.0,91,1.0625552364798745
22,1.0,92,1.0548869665528413
22,1.0,93,1.0748534500249984
22,1.0,94,1.156663462981455
22,1.0,95,1.1054307811492134
22,1.0,96,1.1712837004571943
22,1.0,97,1.167240835179638
22,1.0,98,1.1842469738729577
22,1.0,99,1.1717179010949175
22,1.0,100,1.1744031285760592
22,1.0,101,1.1727558903250117
22,1.0,102,1.1299334134826233
22,1.0,103,1.1695819751636596
22,1.0,104,1.1636538921539277
22,1.0,105,1.191647487238794
22,1.0,106,1.216484067418554
22,1.0,107,1.2487948538311429
22,1.0,108,1.1992144623034682
22,1.0,109,1.1485538031797577
22,1.0,110,1.1931850567046947
22,1.0,111,1.2056288950848928
22,1.0,112,1.1756647588937272
22,1.0,113,1.1570292299092197
22,1.0,114,1.1620465867404575
22,1.0,115,1.1927427019633836
22,1.0,116,1.163436531872671
22,1.0,117,1.1669591968228104
22,1.0,118,1.1146231353604814
22,1.0,119,1.1297171602942313
22,1.0,120,1.1793868264086718
22,3.0,0,1.0
22,3.0,1,1.0238631074451128
22,3.0,2,0.9920815403974953
22,3.0,3,1.0068964503043811
22,3.0,4,1.0094130528303535
22,3.0,5,0.9674301366103353
22,3.0,6,0.9351340854291261
22,3.0,7,0.9249216717992736
22,3.0,8,0.9225916876231057
22,3.0,9,0.8611489623739502
22,3.0,10,0.8560266971583426
22,3.0,11,0.8865162747443089
22,3.0,12,0.9160506821453979
22,3.0,13,0.8986094348155219
22,3.0,14,0.9158368248748491
22,3.0,15,0.9076046851512127
22,3.0,16,0.921867771518857
22,3.0,17,0.968941371187457
22,3.0,18,0.9684701743871538
22,3.0,19,0.9547563879091311
22,3.0,20,0.9887040691721074
22,3.0,21,0.9752715356901218
22,3.0,22,1.0232038412511866
22,3.0,23,0.972580232183434
22,3.0,24,0.961717590840693
22,3.0,25,0.8979232896458655
22,3.0,26,0.9093970183258315
22,3.0,27,0.899379295316765
22,3.0,28,0.9017910051144408
22,3.0,29,0.9017191491974884
22,3.0,30,0.8419394269970262
22,3.0,31,0.8497440179126196
22,3.0,32,0.8379298760838595
22,3.0,33,0.8393092315465404
22,3.0,34,0.8380336322700219
22,3.0,35,0.847628278013707
22,3.0,36,0.8560111491625697
22,3.0,37,0.8579998401957334
22,3.0,38,0.8368417685731248
22,3.0,39,0.857398149913869
22,3.0,40,0.8580155656231078
22,3.0,41,0.9014362527737835
22,3.0,42,0.9022060467904841
22,3.0,43,0.8909142265498159
22,3.0,44,0.9463616797011802
22,3.0,45,0.9498576951241031
22,3.0,46,0.9850991519216297
22,3.0,47,1.0428109362694185
22,3.0,48,1.0469742384074285
22,3.0,49,0.9855578917310228
22,3.0,50,1.0007753809885176
22,3.0,51,0.9892742072460614
22,3.0,52,1.0141942871480265
22,3.0,53,1.011505980427906
22,3.0,54,1.0567333882004635
22,3.0,55,1.0906194436269898
22,3.0,56,1.094718991162362
22,3.0,57,1.112474761175876
22,3.0,58,1.120730738607017
22,3.0,59,1.0400591538025856
22,3.0,60,1.0661768374856708
22,3.0,61,0.9842848964569771
22,3.0,62,0.9363539270168979
22,3.0,63,0.9073164757953224
22,3.0,64,0.9153530786902822
22,3.0,65,0.9980383745096293
22,3.0,66,1.0016255592289713
22,3.0,67,1.0589473194524277
22,3.0,68,1.0226752188568469
22,3.0,69,0.9999119377644576
22,3.0,70,1.0140171206189907
22,3.0,71,0.9921942313896979
22,3.0,72,0.9759183542194835
22,3.0,73,0.9798220413666408
22,3.0,74,0.9569461425505221
22,3.0,75,0.9004833879056369
22,3.0,76,0.9500100427831801
22,3.0,77,0.9649432880325178
22,3.0,78,0.9452921175233877
22,3.0,79,0.9654825448302718
22,3.0,80,0.9581679188912242
22,3.0,81,0.9864771701094391
22,3.0,82,0.9851183623180604
22,3.0,83,0.9887150732836074
22,3.0,84,1.0085595189345242
22,3.0,85,1.0870612273318834
22,3.0,86,1.0888831960196514
22,3.0,87,1.1031301069585455
22,3.0,88,1.1218235375899823
22,3.0,89,1.1556897611717922
22,3.0,90,1.0980234604569228
22,3.0,91,1.125655752657231
22,3.0,92,1.1322756523966966
22,3.0,93,1.158405582064777
22,3.0,94,1.1810645917960785
22,3.0,95,1.136013462651502
22,3.0,96,1.163373717308605
22,3.0,97,1.1632064152586805
22,3.0,98,1.1834984076424855
22,3.0,99,1.1666674755323596
22,3.0,100,1.1565382861386293
22,3.0,101,1.1497889397472265
22,3.0,102,1.1077460893753353
22,3.0,103,1.1383570808175694
22,3.0,104,1.1073815004034846
22,3.0,105,1.1541195434099498
22,3.0,106,1.1827565392295991
22,3.0,107,1.2127269072019304
22,3.0,108,1.137808383461353
22,3.0,109,1.0915309072715578
22,3.0,110,1.1285470322783815
22,3.0,111,1.1057060908495786
22,3.0,112,1.1037958186967711
22,3.0,113,1.1276293179710946
22,3.0,114,1.1368564838433057
22,3.0,115,1.1579813003208732
22,3.0,116,1.1233569864327657
22,3.0,117,1.1108784736496264
22,3.0,118,1.0947192272943738
22,3.0,119,1.1155219638495784
22,3.0,120,1.1557175842536296
22,10.0,0,1.0
22,10.0,1,1.025761072956911
22,10.0,2,0.993558311009468
22,10.0,3,0.9993951032304024
22,10.0,4,1.0085287635659754
22,10.0,5,0.9819941633184927
22,10.0,6,0.956608235673537
22,10.0,7,0.9617736720358452
22,10.0,8,0.9718863031881052
22,10.0,9,0.9290964210279739
22,10.0,10,0.9291221612246316
22,10.0,11,0.9714370186017972
22,10.0,12,1.0001121970502698
22,10.0,13,0.9844124403218372
22,10.0,14,0.9927937971188522
22,10.0,15,0.9903892691415666
22,10.0,16,1.0135886096376046
22,10.0,17,1.069375218856685
22,10.0,18,1.064523474779609
22,10.0,19,1.0507973032556344
22,10.0,20,1.0846788889761152
22,10.0,21,1.0989080395257027
22,10.0,22,1.1663319293881416
22,10.0,23,1.1118517509233243
22,10.0,24,1.1191624352597938
22,10.0,25,1.0514743725842524
22,10.0,26,1.056724579566364
22,10.0,27,1.069774461718737
22,10.0,28,1.0764308017446378
22,10.0,29,1.0930843211686163
22,10.0,30,1.056062224288373
22,10.0,31,1.0718806575715853
22,10.0,32,1.0369208449183107
22,10.0,33,1.0424270356066034
22,10.0,34,1.0053387434110015
22,10.0,35,1.0393472554295102
22,10.0,36,1.028164077683068
22,10.0,37,1.0037264970201734
22,10.0,38,1.0014786177193025
22,10.0,39,1.0250263378026154
22,10.0,40,0.9999574001285697
22,10.0,41,1.0489855260719825
22,10.0,42,1.0770177904074874
22,10.0,43,1.067577524531544
22,10.0,44,1.1155529112132923
22,10.0,45,1.1082636685821916
22,10.0,46,1.1272671407211696
22,10.0,47,1.1810126733505983
22,10.0,48,1.1942493931443032
22,10.0,49,1.1397957601011797
22,10.0,50,1.147379911135442
22,10.0,51,1.1299143599387176
22,10.0,52,1.1149235458977158
22,10.0,53,1.1029794270054956
22,10.0,54,1.131203742127731
22,10.0,55,1.165304816132772
22,10.0,56,1.1735317438940884
22,10.0,57,1.2021873127527813
22,10.0,58,1.2266843644898153
22,10.0,59,1.1730739883204555
22,10.0,60,1.2015744334797995
22,10.0,61,1.1719579088165726
22,10.0,62,1.1426809694615265
22,10.0,63,1.1189451307436755
22,10.0,64,1.1174501709041311
22,10.0,65,1.1810161260234713
22,10.0,66,1.1326381915714068
22,10.0,67,1.1623786929582987
22,10.0,68,1.1315934887755084
22,10.0,69,1.1413384515288187
22,10.0,70,1.2099639426570858
22,10.0,71,1.2181669409596279
22,10.0,72,1.203815488117907
22,10.0,73,1.233380459290746
22,10.0,74,1.2439395936934745
22,10.0,75,1.2250650159667336
22,10.0,76,1.2728353653663302
22,10.0,77,1.2995429122800035
22,10.0,78,1.280564206703368
22,10.0,79,1.3055001722195738
22,10.0,80,1.284445956165225
22,10.0,81,1.308749582984905
22,10.0,82,1.3079457540504942
22,10.0,83,1.2704051979450215
22,10.0,84,1.2548403599610751
22,10.0,85,1.342290828406028
22,10.0,86,1.3755038565964672
22,10.0,87,1.382409055314407
22,10.0,88,1.3753597146658916
22,10.0,89,1.4062651571603504
22,10.0,90,1.417897676680637
22,10.0,91,1.418020189727587
22,10.0,92,1.413975989185448
22,10.0,93,1.4267740978714565
22,10.0,94,1.4674153364474778
22,10.0,95,1.4577342809391816
22,10.0,96,1.4473677690418034
22,10.0,97,1.4210214727894475
22,10.0,98,1.4238805250028905
22,10.0,99,1.4028192289917474
22,10.0,100,1.4017701400617302
22,10.0,101,1.3905319463413097
22,10.0,102,1.360855493244523
22,10.0,103,1.4378869189367067
22,10.0,104,1.4252399359038614
22,10.0,105,1.4442260032191447
22,10.0,106,1.466198634865506
22,10.0,107,1.4972738769776786
22,10.0,108,1.4195985277088607
22,10.0,109,1.382948920576528
22,10.0,110,1.4241960379576755
22,10.0,111,1.407346390993488
22,10.0,112,1.390664510054292
22,10.0,113,1.4207265195392966
22,10.0,114,1.4008809477056852
22,10.0,115,1.4237440471453926
22,10.0,116,1.3989671309438168
22,10.0,117,1.3362746265782017
22,10.0,118,1.2864749628148993
22,10.0,119,1.301637312107349
22,10.0,120,1.311993203290958
23,0.0,0,1.0
23,0.0,1,0.9541835770094811
23,0.0,2,0.9606564944866549
23,0.0,3,0.9211131359974412
23,0.0,4,0.9103642438077918
23,0.0,5,0.8986566637034766
23,0.0,6,0.912858476841298
23,0.0,7,0.8744977310521022
23,0.0,8,0.8660583606885986
23,0.0,9,0.8454890969021
23,0.0,10,0.8696338843543358
23,0.0,11,0.8798221669226174
23,0.0,12,0.9418854028460495
23,0.0,13,0.9130044067726849
23,0.0,14,0.8523495055905088
23,0.0,15,0.83488717985962
23,0.0,16,0.8404021712545595
23,0.0,17,0.8374253972894559
23,0.0,18,0.8186842584498643
23,0.0,19,0.816887907966556
23,0.0,20,0.7844747144677838
23,0.0,21,0.8200765161666981
23,0.0,22,0.8764942224519255
23,0.0,23,0.9098114281870405
23,0.0,24,0.8641656034983006
23,0.0,25,0.9237239722707863
23,0.0,26,0.9339341806320635
23,0.0,27,0.9340314023862784
23,0.0,28,0.8727213998954095
23,0.0,29,0.8629242165758023
23,0.0,30,0.8560658556066257
23,0.0,31,0.8226828222586912
23,0.0,32,0.867809047689702
23,0.0,33,0.8605026615492842
23,0.0,34,0.8025622943904566
23,0.0,35,0.8100826272408225
23,0.0,36,0.810629071515788
23,0.0,37,0.7924401486564189
23,0.0,38,0.7530682971705176
23,0.0,39,0.7922283886380787
23,0.0,40,0.8221946006586086
23,0.0,41,0.8103530851231922
23,0.0,42,0.8240981353735427
23,0.0,43,0.783887488931116
23,0.0,44,0.7839950886228482
23,0.0,45,0.7335305063585542
23,0.0,46,0.732383170669211
23,0.0,47,0.7498480522092658
23,0.0,48,0.7531345475479627
23,0.0,49,0.7929087678642498
23,0.0,50,0.8025295349117086
23,0.0,51,0.8200338577636878
23,0.0,52,0.8677265919464061
23,0.0,53,0.8980989746269656
23,0.0,54,0.8965171093479283
23,0.0,55,0.8859321403819389
23,0.0,56,0.9060642309460732
23,0.0,57,0.8912590134692643
23,0.0,58,0.9388630823312643
23,0.0,59,0.9300314477648545
23,0.0,60,0.911123613005059
23,0.0,61,0.9325620201802994
23,0.0,62,0.912515996388356
23,0.0,63,0.9667074319445155
23,0.0,64,1.0060697927812063
23,0.0,65,1.00269825658995
23,0.0,66,0.9870648141334515
23,0.0,67,1.0189210709849434
23,0.0,68,0.9935029710992757
23,0.0,69,0.9920993230953495
23,0.0,70,1.082185617883848
23,0.0,71,1.0261154121881224
23,0.0,72,1.007846629518463
23,0.0,73,0.9495053366872347
23,0.0,74,0.9674155961784547
23,0.0,75,0.967791053378427
23,0.0,76,0.9892469674150534
23,0.0,77,1.022035933830149
23,0.0,78,1.0288649207673255
23,0.0,79,1.034983308322868
23,0.0,80,1.0438566938543266
23,0.0,81,1.0000741879669026
23,0.0,82,1.0101766866442332
23,0.0,83,1.0538340062363682
23,0.0,84,1.0546833315010018
23,0.0,85,1.067594248246761
23,0.0,86,0.9796150364467894
23,0.0,87,1.0099156829237752
23,0.0,88,0.9763283378063133
23,0.0,89,0.9777108989849981
23,0.0,90,0.8943474495131426
23,0.0,91,0.8723085421202588
23,0.0,92,0.8590125383946551
23,0.0,93,0.8515970367464095
23,0.0,94,0.8658643049437904
23,0.0,95,0.8402504100909085
23,0.0,96,0.867787728643701
23,0.0,97,0.858335959971472
23,0.0,98,0.8028050282117528
23,0.0,99,0.8012144436541628
23,0.0,100,0.7918084702225077
23,0.0,101,0.8125187810457638
23,0.0,102,0.7912077042704014
23,0.0,103,0.7958963990679748
23,0.0,104,0.7946168552030801
23,0.0,105,0.7451565599654943
23,0.0,106,0.7559823558781611
23,0.0,107,0.7679466996156756
23,0.0,108,0.7907244180526575
23,0.0,109,0.7645062786107664
23,0.0,110,0.7742714630794232
23,0.0,111,0.7004145136280604
23,0.0,112,0.7264213124328434
23,0.0,113,0.7126454047033822
23,0.0,114,0.7295666451873953
23,0.0,115,0.7144893326818318
23,0.0,116,0.7209773861305775
23,0.0,117,0.7142277273732437
23,0.0,118,0.7291427855426311
23,0.0,119,0.7594512869076536
23,0.0,120,0.7430009024391513
23,1.0,0,1.0
23,1.0,1,0.9885476825696479
23,1.0,2,0.9935348309925098
23,1.0,3,0.9643346194947058
23,1.0,4,0.9827275687763597
23,1.0,5,0.9818200179525067
23,1.0,6,1.004538926419089
23,1.0,7,0.9722598212603213
23,1.0,8,0.9635265132161394
23,1.0,9,0.9371185992012725
23,1.0,10,0.9599873776156025
23,1.0,11,0.9652842772837308
23,1.0,12,0.9978387147220055
23,1.0,13,0.9847895823806457
23,1.0,14,0.9330814088966883
23,1.0,15,0.9126915203453644
23,1.0,16,0.9097335032450713
23,1.0,17,0.9162093455299384
23,1.0,18,0.8972074258112646
23,1.0,19,0.9139568050032147
23,1.0,20,0.8768539987348183
23,1.0,21,0.9034055292221917
23,1.0,22,0.9602250536815392
23,1.0,23,0.9749428879870555
23,1.0,24,0.9568281283665133
23,1.0,25,0.9818904537511257
23,1.0,26,0.9760006945730604
23,1.0,27,0.9796199594160621
23,1.0,28,0.9266820984417585
23,1.0,29,0.9403791551322209
23,1.0,30,0.9421599237545567
23,1.0,31,0.9265173035339314
23,1.0,32,0.9779254627695319
23,1.0,33,0.9717347593762861
23,1.0,34,0.9137062787812241
23,1.0,35,0.9181193119977551
23,1.0,36,0.9033260535616362
23,1.0,37,0.8777940302099682
23,1.0,38,0.8550946207495494
23,1.0,39,0.9135098253697205
23,1.0,40,0.9466245841505093
23,1.0,41,0.935457154681026
23,1.0,42,0.9454503581383183
23,1.0,43,0.905822379572438
23,1.0,44,0.8896453559217838
23,1.0,45,0.8596937637287773
23,1.0,46,0.8534950031844437
23,1.0,47,0.8471554870875523
23,1.0,48,0.8469573843970317
23,1.0,49,0.8844039735655068
23,1.0,50,0.8920516915416757
23,1.0,51,0.8948524257631932
23,1.0,52,0.9560126237121974
23,1.0,53,0.9718319756331367
23,1.0,54,1.0020578692297515
23,1.0,55,0.9984502148645027
23,1.0,56,1.0211395142247888
23,1.0,57,1.0035065918627721
23,1.0,58,1.0588982012397787
23,1.0,59,1.0601234474963475
23,1.0,60,1.0385708010578756
23,1.0,61,1.0793991767723452
23,1.0,62,1.079278628297306
23,1.0,63,1.1380911714930586
23,1.0,64,1.1890178454937494
23,1.0,65,1.2101639745800896
23,1.0,66,1.1896332015829452
23,1.0,67,1.2381595639534928
23,1.0,68,1.2277375295234747
23,1.0,69,1.2709488342386905
23,1.0,70,1.375935057803887
23,1.0,71,1.2876297528643537
23,1.0,72,1.280347122103173
23,1.0,73,1.2100847317471168
23,1.0,74,1.194860874791329
23,1.0,75,1.2310667201486831
23,1.0,76,1.260801720374731
23,1.0,77,1.2841269872208763
23,1.0,78,1.2812652345751323
23,1.0,79,1.2367198960311827
23,1.0,80,1.2558900095996035
23,1.0,81,1.1998814674783453
23,1.0,82,1.1973833499407118
23,1.0,83,1.264320203152282
23,1.0,84,1.2991139248700232
23,1.0,85,1.3195747965752649
23,1.0,86,1.2420550216812378
23,1.0,87,1.3373624312026111
23,1.0,88,1.3131201464281628
23,1.0,89,1.3233665863158603
23,1.0,90,1.2532215707180387
23,1.0,91,1.2378381503608182
23,1.0,92,1.221317963994528
23,1.0,93,1.2053155364803925
23,1.0,94,1.213156733040524
23,1.0,95,1.1772574282262052
23,1.0,96,1.193427755580897
23,1.0,97,1.1771975470399643
23,1.0,98,1.1332737184451571
23,1.0,99,1.119790058144624
23,1.0,100,1.1124428205943284
23,1.0,101,1.1431783719012483
23,1.0,102,1.111334930712342
23,1.0,103,1.112965133532134
23,1.0,104,1.1149108658768732
23,1.0,105,1.0217671527560723
23,1.0,106,1.0446158830574228
23,1.0,107,1.0521511111438715
23,1.0,108,1.0899515576920178
23,1.0,109,1.0560237012363052
23,1.0,110,1.0707939872105183
23,1.0,111,1.0337488270335078
23,1.0,112,1.0742248681145665
23,1.0,113,1.0600545687895973
23,1.0,114,1.0755250014943771
23,1.0,115,1.0149583230140893
23,1.0,116,0.9921392065094414
23,1.0,117,0.9991731939782873
23,1.0,118,1.028004802578062
23,1.0,119,1.0630478477512322
23,1.0,120,1.0394730110746333
23,3.0,0,1.0
23,3.0,1,1.0068044806376157
23,3.0,2,1.019195755316383
23,3.0,3,0.9885895237671517
23,3.0,4,1.0035266852306806
23,3.0,5,0.9955771874436206
23,3.0,6,1.0332658456837454
23,3.0,7,1.0470803545302545
23,3.0,8,1.0421768815076498
23,3.0,9,1.0362141404614331
23,3.0,10,1.0542694170670388
23,3.0,11,1.0916812721552556
23,3.0,12,1.1142607018774036
23,3.0,13,1.1119433743269336
23,3.0,14,1.0932323834521764
23,3.0,15,1.1019663848883203
23,3.0,16,1.1108255142182133
23,3.0,17,1.105341504245777
23,3.0,18,1.078152964423828
23,3.0,19,1.097882303981361
23,3.0,20,1.045637268398061
23,3.0,21,1.0556393578164494
23,3.0,22,1.1001426032773387
23,3.0,23,1.090087318319635
23,3.0,24,1.0954047958930533
23,3.0,25,1.1305400987784024
23,3.0,26,1.127100781352433
23,3.0,27,1.129725153057886
23,3.0,28,1.0748840212912485
23,3.0,29,1.0717457207967567
23,3.0,30,1.0712604708111297
23,3.0,31,1.0652085858505997
23,3.0,32,1.0990065930761275
23,3.0,33,1.0990011317102062
23,3.0,34,1.0698511908231636
23,3.0,35,1.0622883605081186
23,3.0,36,1.0487485514153643
23,3.0,37,1.0210537428705444
23,3.0,38,1.0062010978847329
23,3.0,39,1.068408416393279
23,3.0,40,1.107291882350189
23,3.0,41,1.099899882351043
23,3.0,42,1.105629560320899
23,3.0,43,1.0940493099303374
23,3.0,44,1.0937094982219493
23,3.0,45,1.062506514577533
23,3.0,46,1.0766434453543026
23,3.0,47,1.0990636855492526
23,3.0,48,1.1046978498457203
23,3.0,49,1.118739443055171
23,3.0,50,1.1245895957816048
23,3.0,51,1.1242374500107273
23,3.0,52,1.2222696134249267
23,3.0,53,1.213490905133973
23,3.0,54,1.243629745248856
23,3.0,55,1.2512731100083108
23,3.0,56,1.2855507355125857
23,3.0,57,1.2725178146288094
23,3.0,58,1.374603917530377
23,3.0,59,1.3720019449299306
23,3.0,60,1.3527265610823351
23,3.0,61,1.414155790707407
23,3.0,62,1.4490157160802826
23,3.0,63,1.4833844033855448
23,3.0,64,1.5418985550528284
23,3.0,65,1.5768992859227973
23,3.0,66,1.551026195002694
23,3.0,67,1.640658189161822
23,3.0,68,1.686502677493981
23,3.0,69,1.7484083713495717
23,3.0,70,1.8903688688413565
23,3.0,71,1.780748480212957
23,3.0,72,1.7532207806504154
23,3.0,73,1.7358705327905635
23,3.0,74,1.7733506042020144
23,3.0,75,1.893422459143781
23,3.0,76,1.9424894411685714
23,3.0,77,1.956686716794845
23,3.0,78,1.9528196157965103
23,3.0,79,1.8667873626101166
23,3.0,80,1.9174258514585238
23,3.0,81,1.8336643056484514
23,3.0,82,1.84581503965333
23,3.0,83,1.9141068743745586
23,3.0,84,1.9340347857514393
23,3.0,85,1.9584258090042672
23,3.0,86,1.9263488687609358
23,3.0,87,2.01230318167877
23,3.0,88,2.015275256368626
23,3.0,89,2.0441061772055296
23,3.0,90,1.9456904063847635
23,3.0,91,1.911304292662631
23,3.0,92,1.9319894599145846
23,3.0,93,1.8997965622852575
23,3.0,94,1.905028033191631
23,3.0,95,1.865928628908404
23,3.0,96,1.9058517509113697
23,3.0,97,1.9304633378379341
23,3.0,98,1.8996942884140884
23,3.0,99,1.8834663821688964
23,3.0,100,1.9281184310720543
23,3.0,101,1.9535016989256744
23,3.0,102,1.8957239002215698
23,3.0,103,1.9010150289642258
23,3.0,104,1.9115511514595183
23,3.0,105,1.7745642592465463
23,3.0,106,1.8464205685441295
23,3.0,107,1.911366322558918
23,3.0,108,2.0116722305742623
23,3.0,109,1.9924729434765014
23,3.0,110,2.0072491825826653
23,3.0,111,2.0147391165480006
23,3.0,112,2.1149389552379074
23,3.0,113,2.073877833228852
23,3.0,114,2.0584560683829998
23,3.0,115,2.003600673597783
23,3.0,116,1.9546672412504922
23,3.0,117,1.91700387168864
23,3.0,118,1.990849322744974
23,3.0,119,1.9354056951769847
23,3.0,120,1.9176697938685692
23,10.0,0,1.0
23,10.0,1,1.0068044806376157
23,10.0,2,1.0165473552652216
23,10.0,3,0.9949741048560168
23,10.0,4,0.9975254062381059
23,10.0,5,0.9958002593655425
23,10.0,6,1.041361186645021
23,10.0,7,1.028636012497026
23,10.0,8,1.0221770373366876
23,10.0,9,1.0029350696134263
23,10.0,10,1.0418503288198522
23,10.0,11,1.0571301219702935
23,10.0,12,1.088529052859281
23,10.0,13,1.1004561121708203
23,10.0,14,1.0623628027610346
23,10.0,15,1.0695179721804042
23,10.0,16,1.0647370396988407
23,10.0,17,1.0841975730809008
23,10.0,18,1.076658824235115
23,10.0,19,1.108296529315214
23,10.0,20,1.0496304584040186
23,10.0,21,1.088185547249583
23,10.0,22,1.1249045033744605
23,10.0,23,1.1386701594750444
23,10.0,24,1.1523159167105976
23,10.0,25,1.186774532515578
23,10.0,26,1.1639245586620146
23,10.0,27,1.1785229282595289
23,10.0,28,1.1365765371717442
23,10.0,29,1.1300949623794612
23,10.0,30,1.1713238712353973
23,10.0,31,1.1596186518936733
23,10.0,32,1.1535205476225074
23,10.0,33,1.1738178636432985
23,10.0,34,1.1474385603411932
23,10.0,35,1.1265477771060255
23,10.0,36,1.1046888003110131
23,10.0,37,1.0743268898498393
23,10.0,38,1.0672307396843885
23,10.0,39,1.1106760408531609
23,10.0,40,1.1552338218009122
23,10.0,41,1.1408951523702844
23,10.0,42,1.1548789297182884
23,10.0,43,1.0793082440854378
23,10.0,44,1.0991483261611863
23,10.0,45,1.074772359712178
23,10.0,46,1.0872483910188544
23,10.0,47,1.117484651664199
23,10.0,48,1.137347170179343
23,10.0,49,1.141806432131854
23,10.0,50,1.158856603454932
23,10.0,51,1.1667684463413064
23,10.0,52,1.2691639316429713
23,10.0,53,1.2659919134338795
23,10.0,54,1.2659745950401329
23,10.0,55,1.247699362010878
23,10.0,56,1.2810111396979578
23,10.0,57,1.2733390809870393
23,10.0,58,1.36963167450949
23,10.0,59,1.351205432426841
23,10.0,60,1.3518583567467022
23,10.0,61,1.376316328252682
23,10.0,62,1.3746831804633508
23,10.0,63,1.3958282033363871
23,10.0,64,1.4655622034578892
23,10.0,65,1.5026482985365608
23,10.0,66,1.4792345984457604
23,10.0,67,1.5317226525442524
23,10.0,68,1.5848328167416836
23,10.0,69,1.6311409356237117
23,10.0,70,1.7124268902834274
23,10.0,71,1.673457877474968
23,10.0,72,1.6438395070512946
23,10.0,73,1.6043443779030127
23,10.0,74,1.5972151410074056
23,10.0,75,1.6556404087721566
23,10.0,76,1.6908909480437082
23,10.0,77,1.7100903279202215
23,10.0,78,1.6430483330546533
23,10.0,79,1.5921324101938616
23,10.0,80,1.6344947728852597
23,10.0,81,1.5705419640244203
23,10.0,82,1.5927482194297367
23,10.0,83,1.669823259269644
23,10.0,84,1.665492399595873
23,10.0,85,1.6723783089359632
23,10.0,86,1.6235060467010016
23,10.0,87,1.7203796918456968
23,10.0,88,1.7220224156598183
23,10.0,89,1.7518100578934204
23,10.0,90,1.6382556352924569
23,10.0,91,1.6333997769231918
23,10.0,92,1.5917600990508944
23,10.0,93,1.5593743535251092
23,10.0,94,1.540022277524888
23,10.0,95,1.4978487329661503
23,10.0,96,1.5533872172123973
23,10.0,97,1.5600902513550052
23,10.0,98,1.5593943249292963
23,10.0,99,1.5565132814058609
23,10.0,100,1.5855430268326927
23,10.0,101,1.5452763859690677
23,10.0,102,1.5062111064080097
23,10.0,103,1.49684351066139
23,10.0,104,1.502513719681529
23,10.0,105,1.4177362154266206
23,10.0,106,1.4687229976486238
23,10.0,107,1.5131911375040956
23,10.0,108,1.5606968206842542
23,10.0,109,1.579175397279276
23,10.0,110,1.5730189883812673
23,10.0,111,1.5906449508497504
23,10.0,112,1.6664013794271642
23,10.0,113,1.6458629577424237
23,10.0,114,1.675844281011294
23,10.0,115,1.6089261860161375
23,10.0,116,1.5572826234609716
23,10.0,117,1.5164105625567201
23,10.0,118,1.569037922245177
23,10.0,119,1.5602918232828438
23,10.0,120,1.6031531748535932
24,0.0,0,1.0
24,0.0,1,1.0453471998332557
24,0.0,2,1.0561975328224202
24,0.0,3,1.0225376926516305
24,0.0,4,0.9698368484116483
24,0.0,5,0.939200214570348
24,0.0,6,1.003693149803711
24,0.0,7,0.9856225010363487
24,0.0,8,0.9515915725076722
24,0.0,9,0.9353807332576238
24,0.0,10,1.0108003438509994
24,0.0,11,0.9595108315458053
24,0.0,12,0.9386593822347478
24,0.0,13,0.907251920308922
24,0.0,14,0.9395143803968925
24,0.0,15,0.9502503626070786
24,0.0,16,0.9560895867135313
24,0.0,17,0.9303359106878148
24,0.0,18,1.0017461079108303
24,0.0,19,0.9358090242327204
24,0.0,20,0.9156705943606497
24,0.0,21,0.8604413686366738
24,0.0,22,0.8491133668069462
24,0.0,23,0.8751969298068922
24,0.0,24,0.857574314659519
24,0.0,25,0.9177126700257094
24,0.0,26,0.9099080765069776
24,0.0,27,1.0054274242508443
24,0.0,28,1.0078954345128592
24,0.0,29,0.9653902760786787
24,0.0,30,0.9937492787958526
24,0.0,31,0.9846294483429702
24,0.0,32,0.9850364190108598
24,0.0,33,0.9878710948232097
24,0.0,34,0.9628295289220388
24,0.0,35,0.9377517005116058
24,0.0,36,0.950454738285991
24,0.0,37,1.016337686957514
24,0.0,38,1.0010620151499239
24,0.0,39,0.9762894543638171
24,0.0,40,1.0568282274202836
24,0.0,41,1.0508029835183619
24,0.0,42,1.0767594172732857
24,0.0,43,1.0836575567887567
24,0.0,44,1.0536158880023372
24,0.0,45,1.0863810747309675
24,0.0,46,1.0628131051581806
24,0.0,47,1.1138313682194132
24,0.0,48,1.1167720991455472
24,0.0,49,1.1081567836533932
24,0.0,50,1.0779407130954857
24,0.0,51,1.0963915894523903
24,0.0,52,1.0859394337900385
24,0.0,53,1.087670817429977
24,0.0,54,1.1739802392686527
24,0.0,55,1.1493153562197314
24,0.0,56,1.1729034638324987
24,0.0,57,1.2459463639710844
24,0.0,58,1.0663252083669232
24,0.0,59,1.103210314667756
24,0.0,60,1.000735738587853
24,0.0,61,0.9785921600096111
24,0.0,62,0.9911747019330858
24,0.0,63,0.9913746497203698
24,0.0,64,0.9727381331212281
24,0.0,65,0.9687672499189076
24,0.0,66,0.8818072606352926
24,0.0,67,0.8778911539464962
24,0.0,68,0.8141625355512715
24,0.0,69,0.8267782650551436
24,0.0,70,0.8597162525693974
24,0.0,71,0.8341221569446681
24,0.0,72,0.8273581036448078
24,0.0,73,0.8140424323124191
24,0.0,74,0.8303282923743618
24,0.0,75,0.8386173464245796
24,0.0,76,0.855632396249146
24,0.0,77,0.8009078671779882
24,0.0,78,0.8059636073604858
24,0.0,79,0.7979327326779188
24,0.0,80,0.8091377790900394
24,0.0,81,0.7950121129491674
24,0.0,82,0.7681848109088106
24,0.0,83,0.7613690731511138
24,0.0,84,0.7999961025541913
24,0.0,85,0.8097203081085077
24,0.0,86,0.8530632303934256
24,0.0,87,0.8097251247641124
24,0.0,88,0.788799839500488
24,0.0,89,0.7884906997183575
24,0.0,90,0.7546926206325472
24,0.0,91,0.756487631052256
24,0.0,92,0.7623853952387356
24,0.0,93,0.7484820988195849
24,0.0,94,0.7114997496145471
24,0.0,95,0.6982648530695051
24,0.0,96,0.7083843416165435
24,0.0,97,0.7006005626823588
24,0.0,98,0.6965249001267316
24,0.0,99,0.7043652952402695
24,0.0,100,0.704209614045537
24,0.0,101,0.6907781380926971
24,0.0,102,0.6514403824443715
24,0.0,103,0.6382984790556775
24,0.0,104,0.7238550201809528
24,0.0,105,0.7662027850800396
24,0.0,106,0.7400730493463781
24,0.0,107,0.72453246248334
24,0.0,108,0.7113296482332817
24,0.0,109,0.6997932562996667
24,0.0,110,0.6651108927490305
24,0.0,111,0.6413979084562146
24,0.0,112,0.6315216352146659
24,0.0,113,0.6183317155650773
24,0.0,114,0.656973540747766
24,0.0,115,0.652744091578048
24,0.0,116,0.6768722992006032
24,0.0,117,0.6823706397398632
24,0.0,118,0.6369586081782156
24,0.0,119,0.6441755223790406
24,0.0,120,0.6393912921255996
24,1.0,0,1.0
24,1.0,1,1.04029583212102
24,1.0,2,1.0481757174172763
24,1.0,3,1.0205046323587477
24,1.0,4,0.9893197120559596
24,1.0,5,0.9852156547894932
24,1.0,6,1.0479333241108475
24,1.0,7,1.0589965998671689
24,1.0,8,1.0128319945242152
24,1.0,9,0.9882639127005561
24,1.0,10,1.0774489087227404
24,1.0,11,1.064465514585099
24,1.0,12,1.0583294504782377
24,1.0,13,1.0214145194426991
24,1.0,14,1.0640687741769743
24,1.0,15,1.0801119853376726
24,1.0,16,1.039958926759421
24,1.0,17,1.036149406785706
24,1.0,18,1.1183193968264193
24,1.0,19,1.0715952362460333
24,1.0,20,1.0603713262572405
24,1.0,21,1.040793470803393
24,1.0,22,0.9987807730126947
24,1.0,23,1.0181118618146863
24,1.0,24,0.9878954651481094
24,1.0,25,1.043945949763686
24,1.0,26,1.0372874062933015
24,1.0,27,1.1536648160389913
24,1.0,28,1.1662664933932558
24,1.0,29,1.174148336482776
24,1.0,30,1.2138797601544074
24,1.0,31,1.2059344553420606
24,1.0,32,1.2097575550729824
24,1.0,33,1.210020636096802
24,1.0,34,1.1988201253259945
24,1.0,35,1.168007159612304
24,1.0,36,1.1464095735096878
24,1.0,37,1.2151324427309518
24,1.0,38,1.1979074908498875
24,1.0,39,1.1459799635353425
24,1.0,40,1.2347851966007584
24,1.0,41,1.2093487311099556
24,1.0,42,1.2121279131021565
24,1.0,43,1.2187983114271426
24,1.0,44,1.2350570576892286
24,1.0,45,1.2549577388684412
24,1.0,46,1.2298759379958615
24,1.0,47,1.2599391218813778
24,1.0,48,1.3096189310915163
24,1.0,49,1.2616744849920467
24,1.0,50,1.2602380359003764
24,1.0,51,1.321478278456578
24,1.0,52,1.263616178685199
24,1.0,53,1.2620801261978882
24,1.0,54,1.340081592075319
24,1.0,55,1.3723089335821097
24,1.0,56,1.3834774086981583
24,1.0,57,1.446193970594037
24,1.0,58,1.3293876818316694
24,1.0,59,1.374654681213724
24,1.0,60,1.2822045092524061
24,1.0,61,1.2743293634300519
24,1.0,62,1.3023458895677484
24,1.0,63,1.3103626491449445
24,1.0,64,1.2881003011762888
24,1.0,65,1.3244638719623802
24,1.0,66,1.244683669340989
24,1.0,67,1.282508845385011
24,1.0,68,1.1955205236060968
24,1.0,69,1.2118753877211577
24,1.0,70,1.2586575046505215
24,1.0,71,1.3198581623736263
24,1.0,72,1.3399054858042887
24,1.0,73,1.333078824547218
24,1.0,74,1.3201378175950835
24,1.0,75,1.333796377139829
24,1.0,76,1.3717247200778477
24,1.0,77,1.3493474346009569
24,1.0,78,1.3583207699688162
24,1.0,79,1.3172948748581343
24,1.0,80,1.3446237959560028
24,1.0,81,1.3392846135125203
24,1.0,82,1.2988754662568132
24,1.0,83,1.3027695575024998
24,1.0,84,1.374908555014259
24,1.0,85,1.41707892090041
24,1.0,86,1.4931639703403663
24,1.0,87,1.4280730918387854
24,1.0,88,1.4091954476079431
24,1.0,89,1.4500790328462265
24,1.0,90,1.4237278405851015
24,1.0,91,1.4041951153668728
24,1.0,92,1.4230482575937202
24,1.0,93,1.4184733891406331
24,1.0,94,1.3881233213954332
24,1.0,95,1.391170165841926
24,1.0,96,1.4294451464807558
24,1.0,97,1.4732464560290084
24,1.0,98,1.461764205121547
24,1.0,99,1.4906404753235463
24,1.0,100,1.4885541300407579
24,1.0,101,1.4525124825723563
24,1.0,102,1.401327022184347
24,1.0,103,1.3585164029244774
24,1.0,104,1.4784699653421753
24,1.0,105,1.5522679513415218
24,1.0,106,1.4901982126197015
24,1.0,107,1.4426902356114832
24,1.0,108,1.4646435002266034
24,1.0,109,1.4775158364451362
24,1.0,110,1.4268791866316963
24,1.0,111,1.384215128460632
24,1.0,112,1.3374189407104267
24,1.0,113,1.3243686357661184
24,1.0,114,1.3725018650266319
24,1.0,115,1.3735877350231893
24,1.0,116,1.4165436674671612
24,1.0,117,1.401497429958178
24,1.0,118,1.3166423929197235
24,1.0,119,1.3429336194393344
24,1.0,120,1.3744535930951771
24,3.0,0,1.0
24,3.0,1,1.0323552031263656
24,3.0,2,1.024383123501612
24,3.0,3,1.0291100670735678
24,3.0,4,0.9996822600418754
24,3.0,5,1.0078607100851464
24,3.0,6,1.0580793585360264
24,3.0,7,1.0723418041009873
24,3.0,8,1.0331889426456595
24,3.0,9,1.0124037923978486
24,3.0,10,1.084891302643515
24,3.0,11,1.124375245609106
24,3.0,12,1.1159200367308235
24,3.0,13,1.0675866047238687
24,3.0,14,1.0789259729626366
24,3.0,15,1.1000068937513692
24,3.0,16,1.024341758258821
24,3.0,17,1.0067877930925024
24,3.0,18,1.0727437438519125
24,3.0,19,1.0363122929748587
24,3.0,20,1.031244432959403
24,3.0,21,1.0271140495361604
24,3.0,22,0.9728316562801781
24,3.0,23,0.9633476253515751
24,3.0,24,0.9432936848664168
24,3.0,25,0.998403430581771
24,3.0,26,0.9976043785782043
24,3.0,27,1.097465543685494
24,3.0,28,1.1404790843407562
24,3.0,29,1.1549047633844303
24,3.0,30,1.1902031189669375
24,3.0,31,1.184691352089329
24,3.0,32,1.1917104975246229
24,3.0,33,1.1799344964353156
24,3.0,34,1.1898294517322328
24,3.0,35,1.1784049274039938
24,3.0,36,1.1835691596671702
24,3.0,37,1.1783553492764332
24,3.0,38,1.1359797993473277
24,3.0,39,1.121082511197225
24,3.0,40,1.1927808449280497
24,3.0,41,1.168674811519406
24,3.0,42,1.1582448105126748
24,3.0,43,1.170592988714861
24,3.0,44,1.2095478342234876
24,3.0,45,1.265571028758277
24,3.0,46,1.1948438729256083
24,3.0,47,1.2058478367416636
24,3.0,48,1.2326328460594216
24,3.0,49,1.1436328993129095
24,3.0,50,1.1243283960049864
24,3.0,51,1.1745523483233298
24,3.0,52,1.0995687364118474
24,3.0,53,1.0934094666990475
24,3.0,54,1.133748783104451
24,3.0,55,1.168508973747961
24,3.0,56,1.1782222305967096
24,3.0,57,1.2437001186535763
24,3.0,58,1.1901171475904528
24,3.0,59,1.226400428678739
24,3.0,60,1.18575232231524
24,3.0,61,1.1671955672716
24,3.0,62,1.1880739324295528
24,3.0,63,1.2389671417906345
24,3.0,64,1.2602597198363494
24,3.0,65,1.277983367434447
24,3.0,66,1.2001271856221454
24,3.0,67,1.2522978036284043
24,3.0,68,1.1471774250978402
24,3.0,69,1.1752655580228266
24,3.0,70,1.187476025633973
24,3.0,71,1.226648747455216
24,3.0,72,1.2649837258929402
24,3.0,73,1.2660351441891013
24,3.0,74,1.2489494122942564
24,3.0,75,1.2568848320343713
24,3.0,76,1.3226147866829505
24,3.0,77,1.3261638876218762
24,3.0,78,1.315587167125162
24,3.0,79,1.2571154650533027
24,3.0,80,1.2801728794738665
24,3.0,81,1.338054481269018
24,3.0,82,1.3391020000683824
24,3.0,83,1.3712901040620151
24,3.0,84,1.448879993411749
24,3.0,85,1.476051476622021
24,3.0,86,1.5276481888458955
24,3.0,87,1.4731794288607694
24,3.0,88,1.4429043057566973
24,3.0,89,1.513375190903228
24,3.0,90,1.5053642648651984
24,3.0,91,1.4705101960063882
24,3.0,92,1.5035401053105661
24,3.0,93,1.4829762686363837
24,3.0,94,1.426769918359993
24,3.0,95,1.433163493288627
24,3.0,96,1.4879491281115038
24,3.0,97,1.5770314876832685
24,3.0,98,1.5517295646201323
24,3.0,99,1.5661257119403476
24,3.0,100,1.6079345779717726
24,3.0,101,1.6576065656769052
24,3.0,102,1.658936503451743
24,3.0,103,1.6076125515243467
24,3.0,104,1.6649588364416885
24,3.0,105,1.7173635629195223
24,3.0,106,1.6614838445715117
24,3.0,107,1.6021033963037392
24,3.0,108,1.6043970968285866
24,3.0,109,1.6344607586689004
24,3.0,110,1.6432886546332832
24,3.0,111,1.5675808020505704
24,3.0,112,1.5195410553204025
24,3.0,113,1.5221738529843167
24,3.0,114,1.5978741432805854
24,3.0,115,1.593220009328887
24,3.0,116,1.6399357052361423
24,3.0,117,1.6218050768012697
24,3.0,118,1.5279513228265749
24,3.0,119,1.5601520469796157
24,3.0,120,1.6018143741325273
24,10.0,0,1.0
24,10.0,1,1.0292198982744205
24,10.0,2,0.999158031338947
24,10.0,3,0.984528539739883
24,10.0,4,0.9716763580005972
24,10.0,5,0.9775386806180223
24,10.0,6,1.004042070103222
24,10.0,7,1.0391915334110695
24,10.0,8,1.0269485553243833
24,10.0,9,1.0059317624837847
24,10.0,10,1.0824789692435959
24,10.0,11,1.1158004481505093
24,10.0,12,1.1084294645682007
24,10.0,13,1.0442339309227895
24,10.0,14,1.0695892570570813
24,10.0,15,1.0744736620472297
24,10.0,16,1.0254858408078675
24,10.0,17,1.0154798977765123
24,10.0,18,1.0569810283745709
24,10.0,19,1.037542490164136
24,10.0,20,1.0499877366396089
24,10.0,21,1.055183629699645
24,10.0,22,1.018936509607057
24,10.0,23,1.0212107367399683
24,10.0,24,1.0278037324208382
24,10.0,25,1.054818889951277
24,10.0,26,1.0558798818691404
24,10.0,27,1.1052678410577248
24,10.0,28,1.1337683120605055
24,10.0,29,1.1468287957877086
24,10.0,30,1.202818946332982
24,10.0,31,1.1836614717182163
24,10.0,32,1.1879615729794808
24,10.0,33,1.2068789497091645
24,10.0,34,1.1957838562250973
24,10.0,35,1.1954351668850915
24,10.0,36,1.1921960688019517
24,10.0,37,1.1998481050744452
24,10.0,38,1.1759955632269996
24,10.0,39,1.1260230505183422
24,10.0,40,1.161023317915975
24,10.0,41,1.163891414783938
24,10.0,42,1.14907511819751
24,10.0,43,1.1506128436841794
24,10.0,44,1.156305222105491
24,10.0,45,1.1767253170879146
24,10.0,46,1.154827224762211
24,10.0,47,1.1644981860737915
24,10.0,48,1.1615856908679778
24,10.0,49,1.1168575204539406
24,10.0,50,1.1350526141859103
24,10.0,51,1.153153755296108
24,10.0,52,1.1174501480863603
24,10.0,53,1.1174164848495456
24,10.0,54,1.1327083298444984
24,10.0,55,1.1656962911981368
24,10.0,56,1.1683326440083954
24,10.0,57,1.205977306084527
24,10.0,58,1.1297028133630989
24,10.0,59,1.1903822283586116
24,10.0,60,1.193580275512767
24,10.0,61,1.170783981214881
24,10.0,62,1.205251903750935
24,10.0,63,1.2438831397616608
24,10.0,64,1.2638391271175506
24,10.0,65,1.2707406162806412
24,10.0,66,1.18671983714742
24,10.0,67,1.2159912359631024
24,10.0,68,1.1493218445020286
24,10.0,69,1.1805324220883164
24,10.0,70,1.1644320999229318
24,10.0,71,1.17581830896342
24,10.0,72,1.1893453173777515
24,10.0,73,1.2271320061935689
24,10.0,74,1.2219990261083065
24,10.0,75,1.2343124142542303
24,10.0,76,1.286660264982279
24,10.0,77,1.2895819540453897
24,10.0,78,1.3101249987860957
24,10.0,79,1.271539945405115
24,10.0,80,1.2488640591472775
24,10.0,81,1.2735157123110248
24,10.0,82,1.2722692829491915
24,10.0,83,1.2890007376159494
24,10.0,84,1.3448343849776456
24,10.0,85,1.3582523002134463
24,10.0,86,1.3493561452818812
24,10.0,87,1.3014061913848043
24,10.0,88,1.2843755657319151
24,10.0,89,1.2969043110896177
24,10.0,90,1.2596174062358998
24,10.0,91,1.2641183507377765
24,10.0,92,1.2638124983968035
24,10.0,93,1.2672374168698952
24,10.0,94,1.2797204189312534
24,10.0,95,1.3025810405408136
24,10.0,96,1.3351708954716146
24,10.0,97,1.363483771020996
24,10.0,98,1.3418645533439097
24,10.0,99,1.3634543827347778
24,10.0,100,1.3849904338530161
24,10.0,101,1.3655932516182656
24,10.0,102,1.3851858950040035
24,10.0,103,1.350564471434402
24,10.0,104,1.4020427135350666
24,10.0,105,1.4437509863940523
24,10.0,106,1.3906192560922799
24,10.0,107,1.3762259210456766
24,10.0,108,1.3966541542963904
24,10.0,109,1.418312821575969
24,10.0,110,1.3980679134577332
24,10.0,111,1.3672970474044048
24,10.0,112,1.342273017687941
24,10.0,113,1.3845345179781008
24,10.0,114,1.4749347313166894
24,10.0,115,1.4775785244432473
24,10.0,116,1.5141695484788118
24,10.0,117,1.5322625717693426
24,10.0,118,1.430650317722781
24,10.0,119,1.470886318404587
24,10.0,120,1.5024246032158903
25,0.0,0,1.0
25,0.0,1,0.9836753948821106
25,0.0,2,0.9971101871526001
25,0.0,3,0.9864361424085241
25,0.0,4,0.9835263123946045
25,0.0,5,0.9858000620870592
25,0.0,6,0.9400839911753194
25,0.0,7,0.9348051484219494
25,0.0,8,0.8790455674718696
25,0.0,9,0.8909030911634971
25,0.0,10,0.8950592648735375
25,0.0,11,0.8011889558132046
25,0.0,12,0.7589194919045059
25,0.0,13,0.7777331048207234
25,0.0,14,0.8131012061599708
25,0.0,15,0.7689666524616084
25,0.0,16,0.6965111168776796
25,0.0,17,0.6985502260750587
25,0.0,18,0.6404322824366121
25,0.0,19,0.7016414236490808
25,0.0,20,0.7090674579567505
25,0.0,21,0.7266958691929639
25,0.0,22,0.7493555829993959
25,0.0,23,0.7559079039674046
25,0.0,24,0.7893420583273195
25,0.0,25,0.8008695457282123
25,0.0,26,0.8238751910544099
25,0.0,27,0.7642260358011888
25,0.0,28,0.7133680756680881
25,0.0,29,0.6895993849281148
25,0.0,30,0.678661314048196
25,0.0,31,0.7288612915052419
25,0.0,32,0.6977701033433902
25,0.0,33,0.6790264669760512
25,0.0,34,0.6729353058731664
25,0.0,35,0.6281191367488523
25,0.0,36,0.617470821537582
25,0.0,37,0.6185757559843552
25,0.0,38,0.6473329839986791
25,0.0,39,0.6455168526369381
25,0.0,40,0.6820369008454746
25,0.0,41,0.6762879545066676
25,0.0,42,0.6861258751958733
25,0.0,43,0.6883950854369587
25,0.0,44,0.6726776495694866
25,0.0,45,0.6557017127059418
25,0.0,46,0.6262184189829567
25,0.0,47,0.6199076173113259
25,0.0,48,0.5806772842991083
25,0.0,49,0.5816530241291238
25,0.0,50,0.5970974638696471
25,0.0,51,0.5912142627498439
25,0.0,52,0.6186424483364886
25,0.0,53,0.6314124459790142
25,0.0,54,0.636910102310304
25,0.0,55,0.641143049814348
25,0.0,56,0.6488313050485288
25,0.0,57,0.6238674947459825
25,0.0,58,0.6311320973014641
25,0.0,59,0.6411989186900543
25,0.0,60,0.6545732114761894
25,0.0,61,0.6374870887005896
25,0.0,62,0.6598624813269748
25,0.0,63,0.7126743131661383
25,0.0,64,0.7302502307509143
25,0.0,65,0.715924971472239
25,0.0,66,0.7138998450736721
25,0.0,67,0.6933870629774457
25,0.0,68,0.7221555242077965
25,0.0,69,0.7374585766225988
25,0.0,70,0.743600478841549
25,0.0,71,0.7148138287602618
25,0.0,72,0.7397275574103527
25,0.0,73,0.7445677725190648
25,0.0,74,0.6895000623160404
25,0.0,75,0.7168363930775015
25,0.0,76,0.7246271287046157
25,0.0,77,0.6853710245401236
25,0.0,78,0.6866263397214353
25,0.0,79,0.6887817592253759
25,0.0,80,0.6979619477156443
25,0.0,81,0.6831617071103352
25,0.0,82,0.7008044888817555
25,0.0,83,0.6706015242936635
25,0.0,84,0.6996267018897
25,0.0,85,0.705120729767705
25,0.0,86,0.6514588016220821
25,0.0,87,0.6278919626222534
25,0.0,88,0.5752130847388142
25,0.0,89,0.5262519338002499
25,0.0,90,0.49377021126821735
25,0.0,91,0.4697572766634469
25,0.0,92,0.4855935864332419
25,0.0,93,0.4509471625275276
25,0.0,94,0.4301026650400646
25,0.0,95,0.431737681330709
25,0.0,96,0.4266599555041201
25,0.0,97,0.4077661503223293
25,0.0,98,0.41224006267012375
25,0.0,99,0.4320189564492972
25,0.0,100,0.4357261948184626
25,0.0,101,0.46316438031200025
25,0.0,102,0.4544538973874861
25,0.0,103,0.4540081729298149
25,0.0,104,0.4487625051848191
25,0.0,105,0.4580103837683856
25,0.0,106,0.44644155848599243
25,0.0,107,0.46253316418333346
25,0.0,108,0.4759450970160875
25,0.0,109,0.48290887827552936
25,0.0,110,0.46335748325074916
25,0.0,111,0.44737020231782026
25,0.0,112,0.47141662356757735
25,0.0,113,0.48830543988905406
25,0.0,114,0.46363108183251034
25,0.0,115,0.440207428896274
25,0.0,116,0.42309019558121136
25,0.0,117,0.4075839267527152
25,0.0,118,0.4264710923534641
25,0.0,119,0.39522151431417846
25,0.0,120,0.40206002877056013
25,1.0,0,1.0
25,1.0,1,0.9890262430449018
25,1.0,2,1.0089111882726063
25,1.0,3,0.9809357900619445
25,1.0,4,0.9778053114267747
25,1.0,5,0.9811375748624793
25,1.0,6,0.9437908956614626
25,1.0,7,0.9263412212700656
25,1.0,8,0.8837090694231927
25,1.0,9,0.9122179905467322
25,1.0,10,0.921617131873999
25,1.0,11,0.862633437236371
25,1.0,12,0.892049057465416
25,1.0,13,0.9181855544466283
25,1.0,14,0.9349806509751398
25,1.0,15,0.8836852294181288
25,1.0,16,0.8106510325984279
25,1.0,17,0.8088461999456898
25,1.0,18,0.7586640725646852
25,1.0,19,0.8011417107402482
25,1.0,20,0.7863191599952909
25,1.0,21,0.8225071562081755
25,1.0,22,0.8796244551979377
25,1.0,23,0.8897012423866375
25,1.0,24,0.9236320862305185
25,1.0,25,0.9338117204660495
25,1.0,26,0.9496778059534537
25,1.0,27,0.9031768875654402
25,1.0,28,0.8512304693448709
25,1.0,29,0.8797866496681321
25,1.0,30,0.8664689493623808
25,1.0,31,0.9247670745276372
25,1.0,32,0.9008185903924522
25,1.0,33,0.8751808311717262
25,1.0,34,0.8772715035026238
25,1.0,35,0.8327012666061989
25,1.0,36,0.807507363894162
25,1.0,37,0.8169160270030494
25,1.0,38,0.8506973593922409
25,1.0,39,0.8790292556738045
25,1.0,40,0.9423224679536042
25,1.0,41,0.9415090995059197
25,1.0,42,0.9560268001942828
25,1.0,43,0.959362098544916
25,1.0,44,0.9829180635727076
25,1.0,45,0.976854266895872
25,1.0,46,0.9413704755352033
25,1.0,47,0.9565987248830751
25,1.0,48,0.9219217800661307
25,1.0,49,0.9318762747375049
25,1.0,50,0.9581120942740498
25,1.0,51,0.9806465428983439
25,1.0,52,1.0414824122254633
25,1.0,53,1.0664079778386837
25,1.0,54,1.074626871193788
25,1.0,55,1.0991471938824093
25,1.0,56,1.0866945286623293
25,1.0,57,1.0671439133035039
25,1.0,58,1.0823889256849337
25,1.0,59,1.1098889612235263
25,1.0,60,1.1120507589507005
25,1.0,61,1.086273082735286
25,1.0,62,1.1459458682209298
25,1.0,63,1.141244938710662
25,1.0,64,1.147204302504374
25,1.0,65,1.1208551319296656
25,1.0,66,1.1148441560378501
25,1.0,67,1.0915820686898248
25,1.0,68,1.1326477324625248
25,1.0,69,1.1691714594604414
25,1.0,70,1.1017006976951798
25,1.0,71,1.0944325400123278
25,1.0,72,1.141931163406317
25,1.0,73,1.1625107894608981
25,1.0,74,1.1019493816849666
25,1.0,75,1.1520081293203126
25,1.0,76,1.162282160025616
25,1.0,77,1.1616456604481311
25,1.0,78,1.1416964973295332
25,1.0,79,1.196091877884072
25,1.0,80,1.1903052946122408
25,1.0,81,1.1827019256880673
25,1.0,82,1.2237465336845033
25,1.0,83,1.2113103543714037
25,1.0,84,1.2676322449062694
25,1.0,85,1.2790142155769202
25,1.0,86,1.2307339871884027
25,1.0,87,1.1962013890496628
25,1.0,88,1.1164886238293978
25,1.0,89,1.060229770155033
25,1.0,90,0.9812061442110276
25,1.0,91,0.9262027120052587
25,1.0,92,0.976399039890077
25,1.0,93,0.9291235097964112
25,1.0,94,0.9020811663212165
25,1.0,95,0.9305842383211295
25,1.0,96,0.9179211007260379
25,1.0,97,0.9051616589137719
25,1.0,98,0.909090933958582
25,1.0,99,0.9068089149404045
25,1.0,100,0.9129963427404301
25,1.0,101,0.964143531256706
25,1.0,102,0.9443384185643221
25,1.0,103,0.9336176260046581
25,1.0,104,0.9355077922287345
25,1.0,105,0.9392752599334834
25,1.0,106,0.9288778920677193
25,1.0,107,0.9483329746493785
25,1.0,108,0.9740570209998894
25,1.0,109,1.0011139372854008
25,1.0,110,0.9612068572768929
25,1.0,111,0.9278933547675112
25,1.0,112,0.9692781401233472
25,1.0,113,0.9839206601379544
25,1.0,114,0.9507400357305098
25,1.0,115,0.9199815169992757
25,1.0,116,0.8836258486736388
25,1.0,117,0.8584965285836916
25,1.0,118,0.8944115309692162
25,1.0,119,0.8329549680746049
25,1.0,120,0.8458328225300138
25,3.0,0,1.0
25,3.0,1,0.9971215685301905
25,3.0,2,1.0227786940445218
25,3.0,3,1.0089462076371256
25,3.0,4,0.9727290578520666
25,3.0,5,0.9886644485899463
25,3.0,6,0.9644159867229343
25,3.0,7,0.9370111699588389
25,3.0,8,0.9398644603233556
25,3.0,9,0.9974748426997818
25,3.0,10,1.0314894922799611
25,3.0,11,0.9876909456070257
25,3.0,12,1.0105145864526641
25,3.0,13,1.0390792162749711
25,3.0,14,1.0545725140337683
25,3.0,15,0.9975524241770384
25,3.0,16,0.9248661244029057
25,3.0,17,0.9175420967505761
25,3.0,18,0.8816880273869712
25,3.0,19,0.9231650799704271
25,3.0,20,0.9409601912824955
25,3.0,21,0.9660161292978597
25,3.0,22,1.0145351579749502
25,3.0,23,1.0403597492402095
25,3.0,24,1.0650524736761018
25,3.0,25,1.0869098938291932
25,3.0,26,1.0930360681606133
25,3.0,27,1.0598362606196412
25,3.0,28,1.010996498449881
25,3.0,29,1.040681976237303
25,3.0,30,1.035006001487994
25,3.0,31,1.048989220547413
25,3.0,32,1.067843916045054
25,3.0,33,1.0450105049743164
25,3.0,34,1.0246781739820336
25,3.0,35,1.0177530794909322
25,3.0,36,0.984054038339666
25,3.0,37,1.012542023677043
25,3.0,38,1.0313653030591101
25,3.0,39,1.0557028799207455
25,3.0,40,1.1126903069372627
25,3.0,41,1.114113814265979
25,3.0,42,1.139415334680838
25,3.0,43,1.1405340554506713
25,3.0,44,1.1808449718804181
25,3.0,45,1.1891034378198488
25,3.0,46,1.136508688260145
25,3.0,47,1.165546249295787
25,3.0,48,1.1573326538206976
25,3.0,49,1.186134670392595
25,3.0,50,1.215554599192876
25,3.0,51,1.2443602049668459
25,3.0,52,1.3177979809917586
25,3.0,53,1.3449823220288732
25,3.0,54,1.3853414564328164
25,3.0,55,1.429384179306557
25,3.0,56,1.433151784458897
25,3.0,57,1.42108840349983
25,3.0,58,1.4521306132851348
25,3.0,59,1.4764943294556123
25,3.0,60,1.4727326103218918
25,3.0,61,1.4584548908434187
25,3.0,62,1.5373419538555384
25,3.0,63,1.5117406356836094
25,3.0,64,1.4957474792275745
25,3.0,65,1.490734962056277
25,3.0,66,1.4931084411282525
25,3.0,67,1.4784376822208463
25,3.0,68,1.5459152324608003
25,3.0,69,1.5435893653171737
25,3.0,70,1.4454733721813535
25,3.0,71,1.4363138477235242
25,3.0,72,1.4579192493476631
25,3.0,73,1.5057452981483048
25,3.0,74,1.4449896131433522
25,3.0,75,1.502069588032075
25,3.0,76,1.497519024122818
25,3.0,77,1.520805554934301
25,3.0,78,1.502516696457852
25,3.0,79,1.6146353365732518
25,3.0,80,1.6257259579854513
25,3.0,81,1.5931734969532176
25,3.0,82,1.6969171236271328
25,3.0,83,1.6829634162518161
25,3.0,84,1.743319333935723
25,3.0,85,1.756624725747022
25,3.0,86,1.721182693158909
25,3.0,87,1.6898710137721018
25,3.0,88,1.6501330009817565
25,3.0,89,1.5702452345008828
25,3.0,90,1.4577908861973479
25,3.0,91,1.4054574092338286
25,3.0,92,1.506967385145856
25,3.0,93,1.4341804794085085
25,3.0,94,1.4223116792945916
25,3.0,95,1.4064363201716361
25,3.0,96,1.4182757161964206
25,3.0,97,1.4098793327155643
25,3.0,98,1.4621941774086753
25,3.0,99,1.468038829465245
25,3.0,100,1.4307889355966699
25,3.0,101,1.5257224579676425
25,3.0,102,1.5096175158432021
25,3.0,103,1.4840281880168034
25,3.0,104,1.487283828352535
25,3.0,105,1.4973579129759953
25,3.0,106,1.4520779410085753
25,3.0,107,1.4808791860246415
25,3.0,108,1.5265034803558908
25,3.0,109,1.594874587954671
25,3.0,110,1.5740963846771032
25,3.0,111,1.6088692115249827
25,3.0,112,1.7051264703986684
25,3.0,113,1.7141179517028118
25,3.0,114,1.719661065730532
25,3.0,115,1.6916236831431066
25,3.0,116,1.607050226855348
25,3.0,117,1.6218125903360958
25,3.0,118,1.7045849995079712
25,3.0,119,1.636413007356093
25,3.0,120,1.616015026196769
25,10.0,0,1.0
25,10.0,1,1.0006462877624442
25,10.0,2,1.023175729889538
25,10.0,3,1.011607707381543
25,10.0,4,0.9723846122035399
25,10.0,5,0.975517146274406
25,10.0,6,0.948043162882674
25,10.0,7,0.9421315180106816
25,10.0,8,0.9286286045079483
25,10.0,9,0.9443265060467054
25,10.0,10,0.960347104408099
25,10.0,11,0.9438183755229491
25,10.0,12,0.9551684321238166
25,10.0,13,0.9729134397057833
25,10.0,14,0.9751815612123501
25,10.0,15,0.9668411170394822
25,10.0,16,0.895058607261971
25,10.0,17,0.9026591396373971
25,10.0,18,0.8577906322524087
25,10.0,19,0.8992988765943635
25,10.0,20,0.8932554370251008
25,10.0,21,0.9238686105663492
25,10.0,22,0.9936047012126811
25,10.0,23,0.9964428001462112
25,10.0,24,0.9927991869834215
25,10.0,25,0.990073610404628
25,10.0,26,1.0021859833849995
25,10.0,27,0.9789843964850469
25,10.0,28,0.9404154481731676
25,10.0,29,0.9323282407608188
25,10.0,30,0.9276956512312917
25,10.0,31,0.9424592194434551
25,10.0,32,0.9772021407033612
25,10.0,33,0.9676901736482607
25,10.0,34,0.9657337507939447
25,10.0,35,0.9650380382115631
25,10.0,36,0.9545805633074006
25,10.0,37,0.9962203925687263
25,10.0,38,1.0145499932709827
25,10.0,39,1.0329769559366226
25,10.0,40,1.1083421748635915
25,10.0,41,1.114838865470505
25,10.0,42,1.131281124628936
25,10.0,43,1.1208060148701755
25,10.0,44,1.11450805036904
25,10.0,45,1.1213488367574465
25,10.0,46,1.0822920404407774
25,10.0,47,1.1061720141001197
25,10.0,48,1.11439492369929
25,10.0,49,1.1178430137986497
25,10.0,50,1.1286690640341965
25,10.0,51,1.129038680117723
25,10.0,52,1.1859342428506596
25,10.0,53,1.2160073476970714
25,10.0,54,1.2419422066749457
25,10.0,55,1.247382308528461
25,10.0,56,1.2207770221939465
25,10.0,57,1.2085142753467315
25,10.0,58,1.2301809465855855
25,10.0,59,1.242133325803642
25,10.0,60,1.245378339374418
25,10.0,61,1.2178040150947425
25,10.0,62,1.2541672408152338
25,10.0,63,1.246680219475079
25,10.0,64,1.2135056816464942
25,10.0,65,1.217858732124058
25,10.0,66,1.1949424745577581
25,10.0,67,1.153352686369386
25,10.0,68,1.1797275834629941
25,10.0,69,1.187006308863551
25,10.0,70,1.1771349514146807
25,10.0,71,1.1697845222218757
25,10.0,72,1.1959389151412332
25,10.0,73,1.2320875810910206
25,10.0,74,1.190546215610328
25,10.0,75,1.2111489103466255
25,10.0,76,1.2140892231246372
25,10.0,77,1.2031697589187291
25,10.0,78,1.1741237930144708
25,10.0,79,1.2589120491468353
25,10.0,80,1.2941449480585336
25,10.0,81,1.262091854011012
25,10.0,82,1.3295129054527683
25,10.0,83,1.3243876412318147
25,10.0,84,1.3604345236532347
25,10.0,85,1.3612312872033074
25,10.0,86,1.3535302936312017
25,10.0,87,1.319291928806838
25,10.0,88,1.26506190062399
25,10.0,89,1.2151933511229736
25,10.0,90,1.1306171829311908
25,10.0,91,1.1238253163185747
25,10.0,92,1.1962285603045821
25,10.0,93,1.1255584517022312
25,10.0,94,1.1171566467762188
25,10.0,95,1.1151451359450213
25,10.0,96,1.1311301693749738
25,10.0,97,1.120596907844896
25,10.0,98,1.152682923996164
25,10.0,99,1.1731477705624453
25,10.0,100,1.1460770216748946
25,10.0,101,1.2253990677850093
25,10.0,102,1.2103173619517476
25,10.0,103,1.1858680854347097
25,10.0,104,1.2095335054312182
25,10.0,105,1.2143841780867903
25,10.0,106,1.1666058653915767
25,10.0,107,1.1845482296279555
25,10.0,108,1.1864607493421273
25,10.0,109,1.1955607251043023
25,10.0,110,1.1721420091705004
25,10.0,111,1.1776872743987334
25,10.0,112,1.2370626240894544
25,10.0,113,1.264111563517645
25,10.0,114,1.2452375436549659
25,10.0,115,1.2210614504915982
25,10.0,116,1.1655349247397615
25,10.0,117,1.152005484097599
25,10.0,118,1.1945194944087925
25,10.0,119,1.130770027332421
25,10.0,120,1.085418763555913
26,0.0,0,1.0
26,0.0,1,1.0069570519133295
26,0.0,2,0.9769541570258055
26,0.0,3,0.994596031121607
26,0.0,4,0.8834078301491084
26,0.0,5,0.8610725124416504
26,0.0,6,0.8443713090969327
26,0.0,7,0.825407629251195
26,0.0,8,0.8364099993282095
26,0.0,9,0.8115654021204536
26,0.0,10,0.8310229022579864
26,0.0,11,0.8479704199875647
26,0.0,12,0.8004881142315782
26,0.0,13,0.7968424535689538
26,0.0,14,0.7923795340869203
26,0.0,15,0.7685197178468958
26,0.0,16,0.8124715049063819
26,0.0,17,0.7775039823498284
26,0.0,18,0.7681605220446416
26,0.0,19,0.7331522684522529
26,0.0,20,0.7692343622476255
26,0.0,21,0.7352414328574963
26,0.0,22,0.7117150888844338
26,0.0,23,0.6872544499144718
26,0.0,24,0.685002506721397
26,0.0,25,0.685827063030306
26,0.0,26,0.7016096649135575
26,0.0,27,0.7225705887171149
26,0.0,28,0.7442465223766314
26,0.0,29,0.747181269765621
26,0.0,30,0.7080381428172207
26,0.0,31,0.7424085097493899
26,0.0,32,0.7247955275729213
26,0.0,33,0.7116536746960954
26,0.0,34,0.6610384844073366
26,0.0,35,0.6372934596305
26,0.0,36,0.6683605666327354
26,0.0,37,0.6705304168790589
26,0.0,38,0.6938132453083513
26,0.0,39,0.7228660347962688
26,0.0,40,0.6593236845381175
26,0.0,41,0.6452415907577862
26,0.0,42,0.599025230371175
26,0.0,43,0.6097545388973891
26,0.0,44,0.6111211052736785
26,0.0,45,0.6102209013196098
26,0.0,46,0.5771991430168455
26,0.0,47,0.5924521821941668
26,0.0,48,0.6025458599020316
26,0.0,49,0.5813943865945551
26,0.0,50,0.5519228201715702
26,0.0,51,0.576748554403969
26,0.0,52,0.5952318535499883
26,0.0,53,0.5835627251059694
26,0.0,54,0.5910136009292152
26,0.0,55,0.5950668382363261
26,0.0,56,0.5770044842929095
26,0.0,57,0.5606705786319507
26,0.0,58,0.5723890349768708
26,0.0,59,0.5741710493075369
26,0.0,60,0.5599609674118025
26,0.0,61,0.5581752150847559
26,0.0,62,0.5352971156568038
26,0.0,63,0.5331730033703788
26,0.0,64,0.547651687261251
26,0.0,65,0.5484348095613072
26,0.0,66,0.525890693635107
26,0.0,67,0.5222618848885611
26,0.0,68,0.4723407346554988
26,0.0,69,0.46727261843764367
26,0.0,70,0.46352951483911475
26,0.0,71,0.4657238948985788
26,0.0,72,0.4503927976892079
26,0.0,73,0.45666174800357223
26,0.0,74,0.44349357236854975
26,0.0,75,0.4520213113710128
26,0.0,76,0.43582230833077673
26,0.0,77,0.40908070278705216
26,0.0,78,0.3997949835584839
26,0.0,79,0.40233329555721137
26,0.0,80,0.41509353758693557
26,0.0,81,0.39970101284182213
26,0.0,82,0.4281446249981075
26,0.0,83,0.4183851193315799
26,0.0,84,0.4232456965257273
26,0.0,85,0.419639244530662
26,0.0,86,0.42252652541466856
26,0.0,87,0.42640905025615844
26,0.0,88,0.4165433870210237
26,0.0,89,0.4305899120038623
26,0.0,90,0.41625948171041194
26,0.0,91,0.41087775046192576
26,0.0,92,0.4094337114563899
26,0.0,93,0.401073788452115
26,0.0,94,0.4288829879051246
26,0.0,95,0.43921478098746736
26,0.0,96,0.4384438532073093
26,0.0,97,0.46318678745544706
26,0.0,98,0.43994980575702597
26,0.0,99,0.44490593554871405
26,0.0,100,0.4570015647740476
26,0.0,101,0.4567829320358359
26,0.0,102,0.4666423647569983
26,0.0,103,0.4216153274142018
26,0.0,104,0.44018897780880883
26,0.0,105,0.44939007315444107
26,0.0,106,0.4561754663831815
26,0.0,107,0.45895683639969725
26,0.0,108,0.45805988635971495
26,0.0,109,0.46242097794923415
26,0.0,110,0.43659549346348614
26,0.0,111,0.4459160507871304
26,0.0,112,0.4520506572135945
26,0.0,113,0.4772659815805578
26,0.0,114,0.46674228714826094
26,0.0,115,0.45519514088507274
26,0.0,116,0.4655098287778352
26,0.0,117,0.4587342871677646
26,0.0,118,0.46945275590631735
26,0.0,119,0.4790638618635597
26,0.0,120,0.4811030236913925
26,1.0,0,1.0
26,1.0,1,1.0328075990277514
26,1.0,2,1.026525910105591
26,1.0,3,1.0281543334929086
26,1.0,4,0.9178029699962122
26,1.0,5,0.9117766363319019
26,1.0,6,0.9036631309906905
26,1.0,7,0.8767269044122867
26,1.0,8,0.8969006279268888
26,1.0,9,0.8871215636329426
26,1.0,10,0.9044941405063257
26,1.0,11,0.9303004880243122
26,1.0,12,0.8730663401668991
26,1.0,13,0.9089498971197586
26,1.0,14,0.9159757810513459
26,1.0,15,0.8971256731579905
26,1.0,16,0.9443046158863249
26,1.0,17,0.9383214363657202
26,1.0,18,0.955490899591651
26,1.0,19,0.9105980688371751
26,1.0,20,0.9617637629730538
26,1.0,21,0.9384231009043585
26,1.0,22,0.9401697654841079
26,1.0,23,0.9089079173795677
26,1.0,24,0.9084680706003917
26,1.0,25,0.9216180759060013
26,1.0,26,0.944601804784386
26,1.0,27,0.9777790599946206
26,1.0,28,1.0078737183486073
26,1.0,29,1.0641282490619028
26,1.0,30,1.0120498234886128
26,1.0,31,1.043284888491651
26,1.0,32,0.9821303631577694
26,1.0,33,0.9652695433521497
26,1.0,34,0.9364706414939846
26,1.0,35,0.9133419556009166
26,1.0,36,0.9645398915003442
26,1.0,37,0.9566499881132048
26,1.0,38,0.9931127002490006
26,1.0,39,1.0338024546267182
26,1.0,40,0.9969958533576987
26,1.0,41,0.9697827691945611
26,1.0,42,0.9343603779514361
26,1.0,43,0.9348094700546822
26,1.0,44,0.9607958310677724
26,1.0,45,0.9657094030298635
26,1.0,46,0.925544766918943
26,1.0,47,0.9529592327882107
26,1.0,48,0.978824504852404
26,1.0,49,0.9469775805818408
26,1.0,50,0.8947074594673845
26,1.0,51,0.9389982161599373
26,1.0,52,0.9398681100574019
26,1.0,53,0.9381114293877024
26,1.0,54,0.943472785840856
26,1.0,55,0.953719998541177
26,1.0,56,0.9127559472852772
26,1.0,57,0.912737632814213
26,1.0,58,0.9317486145838648
26,1.0,59,0.9425378711071032
26,1.0,60,0.9300852032444791
26,1.0,61,0.9382912627497227
26,1.0,62,0.9107342221085417
26,1.0,63,0.9100080494527143
26,1.0,64,0.9425130057297145
26,1.0,65,0.937366840530986
26,1.0,66,0.9116406765685984
26,1.0,67,0.9350204857588609
26,1.0,68,0.9311746845145756
26,1.0,69,0.936387949564648
26,1.0,70,0.9360477457965347
26,1.0,71,0.9409800999276292
26,1.0,72,0.9264395784201696
26,1.0,73,0.9304959056806199
26,1.0,74,0.9390263878850453
26,1.0,75,0.9710047747318905
26,1.0,76,0.9557509010694036
26,1.0,77,0.8998424654021601
26,1.0,78,0.8794815185374701
26,1.0,79,0.8949752137981816
26,1.0,80,0.9329338184105989
26,1.0,81,0.9080039808544773
26,1.0,82,0.9736332435677302
26,1.0,83,0.9555766487014185
26,1.0,84,0.9503874619078125
26,1.0,85,0.9384985871508861
26,1.0,86,0.9583852541924305
26,1.0,87,0.9466133618011577
26,1.0,88,0.8976819432662269
26,1.0,89,0.9314922322461642
26,1.0,90,0.9013374171224108
26,1.0,91,0.8872972002079045
26,1.0,92,0.8355382165085616
26,1.0,93,0.8424126277399522
26,1.0,94,0.9196907065378558
26,1.0,95,0.943270210003599
26,1.0,96,0.9416145434810692
26,1.0,97,0.9947531758647263
26,1.0,98,1.0077581789792862
26,1.0,99,1.0299408736731173
26,1.0,100,1.07084289829178
26,1.0,101,1.069207508591247
26,1.0,102,1.0996234720030609
26,1.0,103,1.0382005072270344
26,1.0,104,1.0786263230356867
26,1.0,105,1.0763909864724868
26,1.0,106,1.1270786236214736
26,1.0,107,1.1393135887677044
26,1.0,108,1.1336888349543839
26,1.0,109,1.1298845643940794
26,1.0,110,1.1004795235092386
26,1.0,111,1.121028925249329
26,1.0,112,1.1417194959305819
26,1.0,113,1.188691744036077
26,1.0,114,1.1621307020309168
26,1.0,115,1.1347370431754251
26,1.0,116,1.1694528300725073
26,1.0,117,1.1750479556119535
26,1.0,118,1.2093787984254625
26,1.0,119,1.2389897214955068
26,1.0,120,1.2454020344235712
26,3.0,0,1.0
26,3.0,1,1.0384995776081103
26,3.0,2,1.0342249409575797
26,3.0,3,1.0408339178703727
26,3.0,4,0.9674510031415129
26,3.0,5,0.956535514311311
26,3.0,6,0.9339353059790628
26,3.0,7,0.9110177438101461
26,3.0,8,0.9344001925988171
26,3.0,9,0.9262763753447227
26,3.0,10,0.9491050070237304
26,3.0,11,0.9591570215453322
26,3.0,12,0.9052803101077918
26,3.0,13,0.9534033378935913
26,3.0,14,0.9973052388131921
26,3.0,15,0.9947181429261007
26,3.0,16,1.0352382732522185
26,3.0,17,1.0356499210081356
26,3.0,18,1.0731989317136474
26,3.0,19,1.0323255308179655
26,3.0,20,1.0760032623859088
26,3.0,21,1.089314699715348
26,3.0,22,1.0924071210183337
26,3.0,23,1.0815072563766472
26,3.0,24,1.0744835870467377
26,3.0,25,1.0897439328127536
26,3.0,26,1.1136892600185724
26,3.0,27,1.1515309645632357
26,3.0,28,1.1868322612555975
26,3.0,29,1.2598534500518697
26,3.0,30,1.2005221764876628
26,3.0,31,1.2290970675971054
26,3.0,32,1.135735635676949
26,3.0,33,1.1127044197282001
26,3.0,34,1.0945396393324063
26,3.0,35,1.1050578555141972
26,3.0,36,1.09776167290562
26,3.0,37,1.0932275702149847
26,3.0,38,1.1403418457545633
26,3.0,39,1.1931123202304013
26,3.0,40,1.211638252823368
26,3.0,41,1.1802263174010326
26,3.0,42,1.1574733304612759
26,3.0,43,1.1719140332046019
26,3.0,44,1.217905115749684
26,3.0,45,1.2286663543211727
26,3.0,46,1.1838697248981542
26,3.0,47,1.2194955664962428
26,3.0,48,1.2599319504923232
26,3.0,49,1.235112150972431
26,3.0,50,1.1785689962340749
26,3.0,51,1.2129024235255494
26,3.0,52,1.2106827388062742
26,3.0,53,1.2156741213938314
26,3.0,54,1.2133056749880338
26,3.0,55,1.2229860966976953
26,3.0,56,1.16916214906416
26,3.0,57,1.1585140637900317
26,3.0,58,1.1752098182711173
26,3.0,59,1.2025257033138184
26,3.0,60,1.2103167157101342
26,3.0,61,1.26348356762888
26,3.0,62,1.2395075371042712
26,3.0,63,1.2370704487085717
26,3.0,64,1.2479747135174528
26,3.0,65,1.23963573347063
26,3.0,66,1.1804371478825257
26,3.0,67,1.2175697627053292
26,3.0,68,1.2343539883132912
26,3.0,69,1.2493892339322357
26,3.0,70,1.2601907577174918
26,3.0,71,1.2709821223443105
26,3.0,72,1.2578143805604776
26,3.0,73,1.3017577075602325
26,3.0,74,1.311320731392189
26,3.0,75,1.3106860854994198
26,3.0,76,1.2869270679345859
26,3.0,77,1.2214272307666527
26,3.0,78,1.1917646934693353
26,3.0,79,1.221417372900925
26,3.0,80,1.2602881838808073
26,3.0,81,1.2387665838515494
26,3.0,82,1.3165513122171013
26,3.0,83,1.2909183582561443
26,3.0,84,1.2919820693851751
26,3.0,85,1.263442892198761
26,3.0,86,1.3003271682293567
26,3.0,87,1.2627647224266823
26,3.0,88,1.2220415423510478
26,3.0,89,1.2439930101324648
26,3.0,90,1.204964378380796
26,3.0,91,1.1930788811184354
26,3.0,92,1.157520650754859
26,3.0,93,1.1883620475586956
26,3.0,94,1.2899095961541505
26,3.0,95,1.3067649512151374
26,3.0,96,1.3058867794837707
26,3.0,97,1.3792193242171962
26,3.0,98,1.411860762558712
26,3.0,99,1.4451088329929436
26,3.0,100,1.5079412844549422
26,3.0,101,1.502728975830219
26,3.0,102,1.5463953909639385
26,3.0,103,1.5031068567258585
26,3.0,104,1.5483423126511442
26,3.0,105,1.5371649781446328
26,3.0,106,1.5680226302751685
26,3.0,107,1.6040748567627676
26,3.0,108,1.6148766853357794
26,3.0,109,1.6227160441969417
26,3.0,110,1.6064970516344195
26,3.0,111,1.6942008291713875
26,3.0,112,1.7739516811760896
26,3.0,113,1.8623797157522706
26,3.0,114,1.9117210963617173
26,3.0,115,1.8477285927326932
26,3.0,116,1.896072105070781
26,3.0,117,1.9119796253887162
26,3.0,118,1.9428208881118234
26,3.0,119,2.0161552060746044
26,3.0,120,2.040241786077681
26,10.0,0,1.0
26,10.0,1,1.0443896795878223
26,10.0,2,1.0610057437870972
26,10.0,3,1.086554790248121
26,10.0,4,1.0114792941171422
26,10.0,5,1.0189429093033482
26,10.0,6,1.0147718465940982
26,10.0,7,1.018019842958239
26,10.0,8,1.0439854998219464
26,10.0,9,1.048786385945908
26,10.0,10,1.0936849909410877
26,10.0,11,1.1368432220616083
26,10.0,12,1.099678492907944
26,10.0,13,1.150611132079485
26,10.0,14,1.2008486488223054
26,10.0,15,1.1985887177539993
26,10.0,16,1.2492372333317965
26,10.0,17,1.237554021437415
26,10.0,18,1.2802732608439538
26,10.0,19,1.2329021890305287
26,10.0,20,1.274972696606347
26,10.0,21,1.3157130415332667
26,10.0,22,1.3339992722496494
26,10.0,23,1.3127651882745959
26,10.0,24,1.298371928183785
26,10.0,25,1.2374614904841665
26,10.0,26,1.2284862279896018
26,10.0,27,1.2038506246684406
26,10.0,28,1.2106589084685244
26,10.0,29,1.254277572066163
26,10.0,30,1.2026079668238392
26,10.0,31,1.2296223304353937
26,10.0,32,1.1686643204150462
26,10.0,33,1.1765460072976246
26,10.0,34,1.1543709763623038
26,10.0,35,1.1439783131624506
26,10.0,36,1.1822135911651017
26,10.0,37,1.1781195872463737
26,10.0,38,1.2055252602143764
26,10.0,39,1.2039225844845276
26,10.0,40,1.2297636056550605
26,10.0,41,1.221996125334667
26,10.0,42,1.2099076054556615
26,10.0,43,1.1931135984107744
26,10.0,44,1.2370195122270131
26,10.0,45,1.2944475134429552
26,10.0,46,1.2183178330885251
26,10.0,47,1.2649513527678193
26,10.0,48,1.3080709937619635
26,10.0,49,1.2824472801036886
26,10.0,50,1.2130167943931056
26,10.0,51,1.2700653545156693
26,10.0,52,1.2686906244370126
26,10.0,53,1.286055155191594
26,10.0,54,1.303397190684681
26,10.0,55,1.3129320196757583
26,10.0,56,1.2473822962258587
26,10.0,57,1.2228075614592653
26,10.0,58,1.237290477386316
26,10.0,59,1.2446752671687709
26,10.0,60,1.2300876117546047
26,10.0,61,1.3039190356896466
26,10.0,62,1.2638752869847347
26,10.0,63,1.2615461719174759
26,10.0,64,1.2692560187804638
26,10.0,65,1.2592039553108494
26,10.0,66,1.2522921648223084
26,10.0,67,1.2979119331846354
26,10.0,68,1.2863957150498666
26,10.0,69,1.3634408166967578
26,10.0,70,1.376120417158886
26,10.0,71,1.3671549166930332
26,10.0,72,1.3703783923894484
26,10.0,73,1.4230659577504434
26,10.0,74,1.4405205240743642
26,10.0,75,1.417336674634552
26,10.0,76,1.4101900720692824
26,10.0,77,1.3518796331515677
26,10.0,78,1.3070145763350012
26,10.0,79,1.3277874320376954
26,10.0,80,1.3591459226560294
26,10.0,81,1.3194227586552476
26,10.0,82,1.377527395654579
26,10.0,83,1.3502648060159046
26,10.0,84,1.3623254930866384
26,10.0,85,1.3499712801596968
26,10.0,86,1.3771753453104818
26,10.0,87,1.3878500314496172
26,10.0,88,1.3625291406611575
26,10.0,89,1.3669071298981657
26,10.0,90,1.309616722897237
26,10.0,91,1.2879165560311683
26,10.0,92,1.2752475986943528
26,10.0,93,1.2812182821568985
26,10.0,94,1.3379347154258763
26,10.0,95,1.3609220210472281
26,10.0,96,1.3654538724752379
26,10.0,97,1.4071688863834388
26,10.0,98,1.4039247526313838
26,10.0,99,1.4247220338665119
26,10.0,100,1.5015780267217105
26,10.0,101,1.479493000785149
26,10.0,102,1.523084542493438
26,10.0,103,1.4656252766421927
26,10.0,104,1.4790892676233325
26,10.0,105,1.467697668445651
26,10.0,106,1.51116508462915
26,10.0,107,1.5337978853383727
26,10.0,108,1.5150937612042201
26,10.0,109,1.5154326676038004
26,10.0,110,1.4952512300565428
26,10.0,111,1.583999673580894
26,10.0,112,1.655123702559165
26,10.0,113,1.7216804115877193
26,10.0,114,1.7047775184256768
26,10.0,115,1.663828690354199
26,10.0,116,1.7011273623223178
26,10.0,117,1.717015195129288
26,10.0,118,1.7928067174837232
26,10.0,119,1.8453748316646736
26,10.0,120,1.8774096381286984
27,0.0,0,1.0
27,0.0,1,0.9621765255861219
27,0.0,2,0.9462763488224595
27,0.0,3,0.8733427127041308
27,0.0,4,0.8869052124626305
27,0.0,5,0.8579336172049513
27,0.0,6,0.796374621492908
27,0.0,7,0.829032658560771
27,0.0,8,0.7729192423939075
27,0.0,9,0.7579054629730014
27,0.0,10,0.7603878767815849
27,0.0,11,0.7508931937702984
27,0.0,12,0.7523079319826156
27,0.0,13,0.7407883062584893
27,0.0,14,0.7592329018743853
27,0.0,15,0.7389790436465097
27,0.0,16,0.7171836721555404
27,0.0,17,0.7015826051483445
27,0.0,18,0.6876871084327205
27,0.0,19,0.6700533271754906
27,0.0,20,0.6611999091697008
27,0.0,21,0.6696074457395816
27,0.0,22,0.6579865073859819
27,0.0,23,0.6584645741127728
27,0.0,24,0.6620556342239838
27,0.0,25,0.6582288816173186
27,0.0,26,0.6560285760921288
27,0.0,27,0.6123566088906736
27,0.0,28,0.5920002004340734
27,0.0,29,0.5527831826968761
27,0.0,30,0.5304759882993177
27,0.0,31,0.5311891109429248
27,0.0,32,0.5184203372924643
27,0.0,33,0.5203763503061465
27,0.0,34,0.5663952910608115
27,0.0,35,0.52936007580874
27,0.0,36,0.5250247426832397
27,0.0,37,0.5294726941139621
27,0.0,38,0.5370521039665146
27,0.0,39,0.5251264706436135
27,0.0,40,0.5521638726282568
27,0.0,41,0.5678480507337734
27,0.0,42,0.6050364487318995
27,0.0,43,0.5767885607165236
27,0.0,44,0.5605598624826534
27,0.0,45,0.5541066733186784
27,0.0,46,0.5644345255377785
27,0.0,47,0.5459232148103149
27,0.0,48,0.5298253610336396
27,0.0,49,0.49168959278734403
27,0.0,50,0.49930963732296396
27,0.0,51,0.4670024883890632
27,0.0,52,0.4674114340602334
27,0.0,53,0.46304578772356564
27,0.0,54,0.46854049533399295
27,0.0,55,0.4723099993684277
27,0.0,56,0.4862869275706837
27,0.0,57,0.48522682753929974
27,0.0,58,0.49840253898866166
27,0.0,59,0.5085304082451877
27,0.0,60,0.5146906094299899
27,0.0,61,0.5200526521989294
27,0.0,62,0.4846589177468119
27,0.0,63,0.4745079707168661
27,0.0,64,0.4595363985623108
27,0.0,65,0.48773054760181495
27,0.0,66,0.49561735736597645
27,0.0,67,0.48828493692644215
27,0.0,68,0.5016736121011474
27,0.0,69,0.5015754862676003
27,0.0,70,0.5432440282721779
27,0.0,71,0.5377777976148014
27,0.0,72,0.547203305687073
27,0.0,73,0.5244694686322443
27,0.0,74,0.5401929702009599
27,0.0,75,0.5104979560550098
27,0.0,76,0.5179429127715577
27,0.0,77,0.4816718237404516
27,0.0,78,0.48276351702077186
27,0.0,79,0.5222293197936604
27,0.0,80,0.5214605824097049
27,0.0,81,0.5662595917475409
27,0.0,82,0.5721836207717319
27,0.0,83,0.5812782528343143
27,0.0,84,0.5645394385451581
27,0.0,85,0.519449265710207
27,0.0,86,0.5176058516166675
27,0.0,87,0.5084716292279546
27,0.0,88,0.5033515813949373
27,0.0,89,0.5109324362795297
27,0.0,90,0.5159119105110143
27,0.0,91,0.48085699674774185
27,0.0,92,0.47335704952627405
27,0.0,93,0.4852087253991166
27,0.0,94,0.47799467724148365
27,0.0,95,0.472541567704103
27,0.0,96,0.45325350636082795
27,0.0,97,0.46492435652848285
27,0.0,98,0.4280563657341057
27,0.0,99,0.44129645695593694
27,0.0,100,0.43630848660312543
27,0.0,101,0.41750551768627875
27,0.0,102,0.424550515226363
27,0.0,103,0.4225683671416663
27,0.0,104,0.42438918885917154
27,0.0,105,0.43964328471206643
27,0.0,106,0.4299877304117511
27,0.0,107,0.44775156877960176
27,0.0,108,0.4825198037136927
27,0.0,109,0.4919766576770909
27,0.0,110,0.5080581003866076
27,0.0,111,0.5146595644285001
27,0.0,112,0.45094424259778443
27,0.0,113,0.4312411584429788
27,0.0,114,0.4313349708963521
27,0.0,115,0.43700584253264574
27,0.0,116,0.41420957685296034
27,0.0,117,0.4049498817131563
27,0.0,118,0.3947342240129861
27,0.0,119,0.38987398850226906
27,0.0,120,0.3715074415696624
27,1.0,0,1.0
27,1.0,1,0.9622322607075626
27,1.0,2,0.9535657083567638
27,1.0,3,0.8802697647961467
27,1.0,4,0.8968713071962074
27,1.0,5,0.8871653537219006
27,1.0,6,0.8323969290830079
27,1.0,7,0.8546796833847347
27,1.0,8,0.8027335022525474
27,1.0,9,0.7887489897368904
27,1.0,10,0.7721372757045084
27,1.0,11,0.7751904580682463
27,1.0,12,0.7353163195170467
27,1.0,13,0.7320024951463312
27,1.0,14,0.7435918172933625
27,1.0,15,0.7514133047546205
27,1.0,16,0.7395213961485796
27,1.0,17,0.7241899463127598
27,1.0,18,0.7149517596602295
27,1.0,19,0.7519240796369654
27,1.0,20,0.7494622197601993
27,1.0,21,0.7675599853678056
27,1.0,22,0.7606919598131442
27,1.0,23,0.7566412650331459
27,1.0,24,0.7609398641036976
27,1.0,25,0.7630838363203444
27,1.0,26,0.7638369293173602
27,1.0,27,0.7437780235180032
27,1.0,28,0.7183487597215925
27,1.0,29,0.6874481437650528
27,1.0,30,0.6611037185817564
27,1.0,31,0.6608067909824928
27,1.0,32,0.6449222553869876
27,1.0,33,0.6243355425551408
27,1.0,34,0.6661485497315249
27,1.0,35,0.6442623374475185
27,1.0,36,0.640583690254326
27,1.0,37,0.6453615627925158
27,1.0,38,0.6307100353905898
27,1.0,39,0.6229544620702109
27,1.0,40,0.6568879651672066
27,1.0,41,0.6702009791903867
27,1.0,42,0.7104279801231976
27,1.0,43,0.7025242426236341
27,1.0,44,0.689160709072399
27,1.0,45,0.6811281106251326
27,1.0,46,0.6890059535298106
27,1.0,47,0.6931391541071613
27,1.0,48,0.6950826750617768
27,1.0,49,0.6603904185746118
27,1.0,50,0.6737939783641456
27,1.0,51,0.6405615766881675
27,1.0,52,0.6417545093768517
27,1.0,53,0.6303725175271676
27,1.0,54,0.6581499779739333
27,1.0,55,0.6593982688898191
27,1.0,56,0.7088065102773115
27,1.0,57,0.7237862246314226
27,1.0,58,0.7506053831950719
27,1.0,59,0.7654315503492964
27,1.0,60,0.7674678898558384
27,1.0,61,0.7875399117776792
27,1.0,62,0.7655689779168221
27,1.0,63,0.7417019716584909
27,1.0,64,0.7164786609079253
27,1.0,65,0.8091916096455699
27,1.0,66,0.8317767412578262
27,1.0,67,0.8182482066830281
27,1.0,68,0.8485302944978228
27,1.0,69,0.8544910141488061
27,1.0,70,0.9186115932254668
27,1.0,71,0.936134159057483
27,1.0,72,0.9491983320796532
27,1.0,73,0.9510127817011175
27,1.0,74,0.9641042078847083
27,1.0,75,0.928652742521423
27,1.0,76,0.9090918200193114
27,1.0,77,0.8574808766922847
27,1.0,78,0.8548829841633226
27,1.0,79,0.9255596722977663
27,1.0,80,0.9791956072828342
27,1.0,81,1.0663787550770945
27,1.0,82,1.11766861938827
27,1.0,83,1.0869517810093923
27,1.0,84,1.0961026470491226
27,1.0,85,1.031220632213415
27,1.0,86,1.0318881909790578
27,1.0,87,1.0572367455888068
27,1.0,88,1.0540209967341176
27,1.0,89,1.075225888878751
27,1.0,90,1.073562538851976
27,1.0,91,1.0359028888984008
27,1.0,92,1.0126017564548757
27,1.0,93,1.0329780246995734
27,1.0,94,1.0340110766341555
27,1.0,95,1.036118907382437
27,1.0,96,1.017033312213512
27,1.0,97,1.0506951723874545
27,1.0,98,0.9690779206413459
27,1.0,99,0.9853715926200591
27,1.0,100,0.9914224186339429
27,1.0,101,0.9464468400024593
27,1.0,102,0.9313700175247979
27,1.0,103,0.9289145294192444
27,1.0,104,0.9326272671164489
27,1.0,105,0.9806320500953384
27,1.0,106,0.9824472308486278
27,1.0,107,1.0196048804786237
27,1.0,108,1.040837947668877
27,1.0,109,1.0551594421414976
27,1.0,110,1.0806209028060894
27,1.0,111,1.0985200570343945
27,1.0,112,0.9778353504966267
27,1.0,113,0.9451756559511847
27,1.0,114,0.9567987938647928
27,1.0,115,0.9752171352303708
27,1.0,116,0.9343826466562366
27,1.0,117,0.9220052539331248
27,1.0,118,0.9078195929223145
27,1.0,119,0.8844716989593094
27,1.0,120,0.8493816971011922
27,3.0,0,1.0
27,3.0,1,0.9652957551161372
27,3.0,2,0.9520230618809372
27,3.0,3,0.8981085006908943
27,3.0,4,0.9086624394505242
27,3.0,5,0.9142702019940147
27,3.0,6,0.8697367886374168
27,3.0,7,0.911012292066722
27,3.0,8,0.880577663467646
27,3.0,9,0.870299883345714
27,3.0,10,0.8830293282716248
27,3.0,11,0.9116287422467629
27,3.0,12,0.8731618173165725
27,3.0,13,0.8787433573782917
27,3.0,14,0.889415747472582
27,3.0,15,0.9111653927269138
27,3.0,16,0.9035409862572672
27,3.0,17,0.890831554864604
27,3.0,18,0.8814844097060011
27,3.0,19,0.9191963312119477
27,3.0,20,0.9216179138695496
27,3.0,21,0.9545831522734155
27,3.0,22,0.9691760520443123
27,3.0,23,0.9606499475485969
27,3.0,24,0.9755221300126946
27,3.0,25,0.9871266870046912
27,3.0,26,0.9479076489034194
27,3.0,27,0.9248166628483164
27,3.0,28,0.902926096171873
27,3.0,29,0.8652991303616648
27,3.0,30,0.8364889009358348
27,3.0,31,0.835778743345027
27,3.0,32,0.8324654658570927
27,3.0,33,0.8176381121377317
27,3.0,34,0.8628498216234912
27,3.0,35,0.843621534555044
27,3.0,36,0.8413407862880612
27,3.0,37,0.8560863257115916
27,3.0,38,0.840642846936705
27,3.0,39,0.8397455475550445
27,3.0,40,0.8732288522451181
27,3.0,41,0.8855577492650005
27,3.0,42,0.9111707549405378
27,3.0,43,0.868335056213091
27,3.0,44,0.851564140151313
27,3.0,45,0.8510903400618774
27,3.0,46,0.8858904885070947
27,3.0,47,0.8982280691938358
27,3.0,48,0.9155669546589897
27,3.0,49,0.9221938850202115
27,3.0,50,0.9226383955129887
27,3.0,51,0.9061885843641043
27,3.0,52,0.9191845783812733
27,3.0,53,0.8950101613458696
27,3.0,54,0.8845150718674885
27,3.0,55,0.8805965164012182
27,3.0,56,0.9336322888877223
27,3.0,57,0.9496885554581433
27,3.0,58,0.9752327160331568
27,3.0,59,0.9978872151568525
27,3.0,60,0.9902442221890548
27,3.0,61,1.042350583590941
27,3.0,62,1.03179767213096
27,3.0,63,1.0185332033295
27,3.0,64,0.9835424369748038
27,3.0,65,1.1003742319742684
27,3.0,66,1.151874246315444
27,3.0,67,1.1529924828436529
27,3.0,68,1.1912054203371987
27,3.0,69,1.2094868331014599
27,3.0,70,1.2814724477390285
27,3.0,71,1.2964274893712235
27,3.0,72,1.3171522590044271
27,3.0,73,1.3040615253610661
27,3.0,74,1.3399469875934014
27,3.0,75,1.3124911808155435
27,3.0,76,1.3274258207278882
27,3.0,77,1.243734347629063
27,3.0,78,1.2387497435626205
27,3.0,79,1.3107434050996214
27,3.0,80,1.365646458823378
27,3.0,81,1.4750363155802024
27,3.0,82,1.5808148419913872
27,3.0,83,1.5120307651965557
27,3.0,84,1.4962968195211193
27,3.0,85,1.4032300130671298
27,3.0,86,1.4028006536089357
27,3.0,87,1.4602034273419329
27,3.0,88,1.4629058717344698
27,3.0,89,1.4954926167460472
27,3.0,90,1.5631958406168147
27,3.0,91,1.5280031777362053
27,3.0,92,1.4221783402518442
27,3.0,93,1.469057385154028
27,3.0,94,1.488768024500214
27,3.0,95,1.5293148613987766
27,3.0,96,1.5442474126096428
27,3.0,97,1.5426198678143492
27,3.0,98,1.4206769850543566
27,3.0,99,1.4546370046567763
27,3.0,100,1.5041256166883734
27,3.0,101,1.5039846412122302
27,3.0,102,1.5067222178077162
27,3.0,103,1.5227946062536963
27,3.0,104,1.5132869867806582
27,3.0,105,1.5910137075911985
27,3.0,106,1.6072854055401484
27,3.0,107,1.6296789429078946
27,3.0,108,1.6606443732675105
27,3.0,109,1.6735977282822825
27,3.0,110,1.721815468923663
27,3.0,111,1.7656471345565763
27,3.0,112,1.6465177800424051
27,3.0,113,1.6491927977590555
27,3.0,114,1.682471796575575
27,3.0,115,1.700215642547687
27,3.0,116,1.643765657495345
27,3.0,117,1.6362321335707954
27,3.0,118,1.6180803881038932
27,3.0,119,1.5916458868184191
27,3.0,120,1.560962551910342
27,10.0,0,1.0
27,10.0,1,0.965240319091439
27,10.0,2,0.9479946769743401
27,10.0,3,0.9056266281875318
27,10.0,4,0.9174185395426206
27,10.0,5,0.9067100328735664
27,10.0,6,0.8638310059184311
27,10.0,7,0.8988497710504577
27,10.0,8,0.9003567078224566
27,10.0,9,0.8929415615818267
27,10.0,10,0.9128411005722243
27,10.0,11,0.9283855308144442
27,10.0,12,0.8979914880251335
27,10.0,13,0.9004162399006336
27,10.0,14,0.896258916642728
27,10.0,15,0.9146014635483193
27,10.0,16,0.9460984516715086
27,10.0,17,0.9489300817603027
27,10.0,18,0.9486275431441757
27,10.0,19,0.982891682390064
27,10.0,20,0.9923677417227447
27,10.0,21,1.034180624531125
27,10.0,22,1.0295341513235556
27,10.0,23,1.0097741916304062
27,10.0,24,1.0011243030500374
27,10.0,25,1.0065153531184003
27,10.0,26,0.9916302729148461
27,10.0,27,0.9722590124477101
27,10.0,28,0.9467741124283341
27,10.0,29,0.9175064217466125
27,10.0,30,0.9060865573058747
27,10.0,31,0.9290944379388374
27,10.0,32,0.9275903777152371
27,10.0,33,0.9457035672551521
27,10.0,34,1.001744485998069
27,10.0,35,1.0122624000618374
27,10.0,36,1.003162489695663
27,10.0,37,1.0375519144756604
27,10.0,38,1.015202381017692
27,10.0,39,1.0543118640801414
27,10.0,40,1.113641080521926
27,10.0,41,1.1457858721701453
27,10.0,42,1.1859801580568115
27,10.0,43,1.2019449511070799
27,10.0,44,1.1719688652032298
27,10.0,45,1.1597788740151316
27,10.0,46,1.1873822592261165
27,10.0,47,1.192090974521537
27,10.0,48,1.1896488505831093
27,10.0,49,1.178660030906665
27,10.0,50,1.2384015061476117
27,10.0,51,1.19135144033751
27,10.0,52,1.2102623832550605
27,10.0,53,1.166238243826106
27,10.0,54,1.1215863385628448
27,10.0,55,1.1206175383942454
27,10.0,56,1.1820643754539497
27,10.0,57,1.2090144966133185
27,10.0,58,1.2168556086925424
27,10.0,59,1.2737420011354754
27,10.0,60,1.2712457668806807
27,10.0,61,1.3360817443902178
27,10.0,62,1.3263285267068379
27,10.0,63,1.29468335483408
27,10.0,64,1.288410184608892
27,10.0,65,1.3769914877579656
27,10.0,66,1.435791857542806
27,10.0,67,1.4131724475379945
27,10.0,68,1.4505801607421425
27,10.0,69,1.4315860608300959
27,10.0,70,1.5018891202878406
27,10.0,71,1.501639276349544
27,10.0,72,1.5521633106871298
27,10.0,73,1.4987193925952427
27,10.0,74,1.5613120425474964
27,10.0,75,1.564493782789666
27,10.0,76,1.570786364500857
27,10.0,77,1.5140470217094277
27,10.0,78,1.5290546585353373
27,10.0,79,1.6106709652223388
27,10.0,80,1.5849717956979519
27,10.0,81,1.6112060864279316
27,10.0,82,1.6795251945712755
27,10.0,83,1.682797686432373
27,10.0,84,1.6646536786822612
27,10.0,85,1.5813594647526998
27,10.0,86,1.5887996262620918
27,10.0,87,1.6137256679759115
27,10.0,88,1.6398349551212161
27,10.0,89,1.6318888950137442
27,10.0,90,1.7006814135429693
27,10.0,91,1.636057842469645
27,10.0,92,1.5841278978581244
27,10.0,93,1.6142125964029264
27,10.0,94,1.6525190892100503
27,10.0,95,1.6975167931701922
27,10.0,96,1.6985058610291588
27,10.0,97,1.694356886936565
27,10.0,98,1.5988845479301226
27,10.0,99,1.6782635803578076
27,10.0,100,1.7008177945816334
27,10.0,101,1.64865349889705
27,10.0,102,1.6167540681503874
27,10.0,103,1.634219671805388
27,10.0,104,1.563934515205359
27,10.0,105,1.6133198216049172
27,10.0,106,1.5777484851619805
27,10.0,107,1.6063250235010216
27,10.0,108,1.6603174279066035
27,10.0,109,1.63787431815101
27,10.0,110,1.658359681205353
27,10.0,111,1.7199646513652347
27,10.0,112,1.5975766392167459
27,10.0,113,1.588741660802772
27,10.0,114,1.6171996882202793
27,10.0,115,1.6176282271288762
27,10.0,116,1.5673438680224916
27,10.0,117,1.5655362752530106
27,10.0,118,1.578788025711151
27,10.0,119,1.588499743194936
27,10.0,120,1.61538168852412
28,0.0,0,1.0
28,0.0,1,1.051270746977521
28,0.0,2,1.0946229470065734
28,0.0,3,1.1011016376030547
28,0.0,4,1.159742819208294
28,0.0,5,1.1179296894922046
28,0.0,6,1.1957959029308731
28,0.0,7,1.1891608705446959
28,0.0,8,1.176970958924283
28,0.0,9,1.1481721863751595
28,0.0,10,1.1921522989418645
28,0.0,11,1.1668858103850421
28,0.0,12,1.1516188529673421
28,0.0,13,1.209480426024101
28,0.0,14,1.187927675318826
28,0.0,15,1.2022671514902532
28,0.0,16,1.1538127273490584
28,0.0,17,1.1405245200180971
28,0.0,18,1.1886236539500226
28,0.0,19,1.162771355413606
28,0.0,20,1.1502337432812493
28,0.0,21,1.119125634315164
28,0.0,22,1.1177394457785437
28,0.0,23,1.1460600409035473
28,0.0,24,1.198548128740036
28,0.0,25,1.1126687724217705
28,0.0,26,1.1037539179877442
28,0.0,27,1.0308903178931597
28,0.0,28,1.017719740228292
28,0.0,29,1.0322736771602543
28,0.0,30,1.006110700123207
28,0.0,31,1.0648325265017573
28,0.0,32,1.0078740252078073
28,0.0,33,1.0207294009367964
28,0.0,34,1.0301388708931722
28,0.0,35,1.0794694859078808
28,0.0,36,1.0479420124212575
28,0.0,37,1.0663387145803078
28,0.0,38,1.03244371124696
28,0.0,39,1.0239895313525966
28,0.0,40,1.0484343315112765
28,0.0,41,1.0348495903128452
28,0.0,42,1.0293761447344074
28,0.0,43,0.9972142388210763
28,0.0,44,1.0306148148296024
28,0.0,45,1.0262476139308088
28,0.0,46,0.932073779214865
28,0.0,47,1.0208109270316783
28,0.0,48,1.0406914424245317
28,0.0,49,0.9756516954949653
28,0.0,50,0.9686009321552321
28,0.0,51,1.008637915987664
28,0.0,52,0.9747609946104471
28,0.0,53,0.9905063408564456
28,0.0,54,0.9979169512128763
28,0.0,55,0.9201502954339217
28,0.0,56,0.9971519249388862
28,0.0,57,0.9259317784696818
28,0.0,58,0.8683516266660388
28,0.0,59,0.8634525237206605
28,0.0,60,0.9070155599769893
28,0.0,61,0.9459038384260926
28,0.0,62,0.944086688108547
28,0.0,63,0.949541935306145
28,0.0,64,0.9732062084332201
28,0.0,65,0.9829959549751767
28,0.0,66,0.976085011782259
28,0.0,67,0.9844154341101339
28,0.0,68,1.0472747606511195
28,0.0,69,0.9666937335802106
28,0.0,70,0.9366054921672888
28,0.0,71,0.9121379931000585
28,0.0,72,0.86431255430699
28,0.0,73,0.8086586804700338
28,0.0,74,0.7962324783073361
28,0.0,75,0.8017631507575792
28,0.0,76,0.7763478956840826
28,0.0,77,0.8025806856429388
28,0.0,78,0.7787641649067641
28,0.0,79,0.7708699646588196
28,0.0,80,0.7572524268040145
28,0.0,81,0.7690297765542076
28,0.0,82,0.7443207719277154
28,0.0,83,0.7382866380680656
28,0.0,84,0.8088554450879967
28,0.0,85,0.7835287083161864
28,0.0,86,0.7983122387008957
28,0.0,87,0.8314521044460402
28,0.0,88,0.8259697213558584
28,0.0,89,0.7943913347963584
28,0.0,90,0.7983522185102156
28,0.0,91,0.826343134860982
28,0.0,92,0.781538916051349
28,0.0,93,0.807123949978651
28,0.0,94,0.8562981218694372
28,0.0,95,0.8658523240009649
28,0.0,96,0.8716928025541226
28,0.0,97,0.8765455191978575
28,0.0,98,0.9594953796540082
28,0.0,99,0.9199426129306016
28,0.0,100,0.9099040559095265
28,0.0,101,0.8754150233354315
28,0.0,102,0.8508381613977617
28,0.0,103,0.8536179032221882
28,0.0,104,0.830920688375972
28,0.0,105,0.8561351709419825
28,0.0,106,0.8760749978327027
28,0.0,107,0.903060989932802
28,0.0,108,0.8690899356200051
28,0.0,109,0.863671358171823
28,0.0,110,0.8887310474073166
28,0.0,111,0.9105300520827004
28,0.0,112,0.8948545416976001
28,0.0,113,0.9739427433016448
28,0.0,114,0.9911666978035937
28,0.0,115,0.9996668160800611
28,0.0,116,0.9946548406862271
28,0.0,117,0.9277341234523918
28,0.0,118,0.9558686918817456
28,0.0,119,0.9573514981268589
28,0.0,120,0.9439950904097796
28,1.0,0,1.0
28,1.0,1,1.0294803267241215
28,1.0,2,1.0516273615293268
28,1.0,3,1.0444476534207545
28,1.0,4,1.0968126463744978
28,1.0,5,1.052188164961107
28,1.0,6,1.124031978531703
28,1.0,7,1.1306902419561502
28,1.0,8,1.120170330139192
28,1.0,9,1.0789876728041947
28,1.0,10,1.1198706717739202
28,1.0,11,1.1014652663661524
28,1.0,12,1.0860968500705108
28,1.0,13,1.1319135648696332
28,1.0,14,1.1156904913920331
28,1.0,15,1.1436068456802513
28,1.0,16,1.1088998446157825
28,1.0,17,1.1299001435862095
28,1.0,18,1.182198112353867
28,1.0,19,1.1552200045268637
28,1.0,20,1.132311221952537
28,1.0,21,1.145000520385441
28,1.0,22,1.1507580691634611
28,1.0,23,1.1402258007371966
28,1.0,24,1.1883637864971281
28,1.0,25,1.1276422296160307
28,1.0,26,1.115903841103715
28,1.0,27,1.0577522857568995
28,1.0,28,1.0869416305382469
28,1.0,29,1.0928246902576775
28,1.0,30,1.0822892403997424
28,1.0,31,1.1072685727782647
28,1.0,32,1.0511889426364256
28,1.0,33,1.112656375254879
28,1.0,34,1.13287860013978
28,1.0,35,1.1930538775691928
28,1.0,36,1.1712282601542257
28,1.0,37,1.1880071255923783
28,1.0,38,1.1936135179356082
28,1.0,39,1.1894703985705626
28,1.0,40,1.208982372489803
28,1.0,41,1.2117107778363174
28,1.0,42,1.2097831337893756
28,1.0,43,1.1897178128742039
28,1.0,44,1.2138962078394608
28,1.0,45,1.2044614059591094
28,1.0,46,1.1182792430803572
28,1.0,47,1.2102748264245076
28,1.0,48,1.2151969416147597
28,1.0,49,1.1493851190529314
28,1.0,50,1.141107952557833
28,1.0,51,1.182111421576704
28,1.0,52,1.1495925718346394
28,1.0,53,1.190374431694584
28,1.0,54,1.214732782802702
28,1.0,55,1.1209018612614736
28,1.0,56,1.222479083707642
28,1.0,57,1.2225757861221251
28,1.0,58,1.1756588527794998
28,1.0,59,1.196865432573984
28,1.0,60,1.2791335283030851
28,1.0,61,1.3257011524003246
28,1.0,62,1.389063534207843
28,1.0,63,1.395092090820361
28,1.0,64,1.411749415555
28,1.0,65,1.4366913574232256
28,1.0,66,1.446933337862717
28,1.0,67,1.4602119713441692
28,1.0,68,1.4977669752831708
28,1.0,69,1.4096950941790845
28,1.0,70,1.367676767361436
28,1.0,71,1.3911995002420112
28,1.0,72,1.3361500206487547
28,1.0,73,1.2503907578014668
28,1.0,74,1.2406360884436405
28,1.0,75,1.2568494812901612
28,1.0,76,1.2421119955597237
28,1.0,77,1.2897596712670114
28,1.0,78,1.2318543813746186
28,1.0,79,1.2400680749729238
28,1.0,80,1.2123253324088288
28,1.0,81,1.2182456413351423
28,1.0,82,1.188755183250225
28,1.0,83,1.2105264418725576
28,1.0,84,1.30828199960244
28,1.0,85,1.3045458229804663
28,1.0,86,1.3098082094874404
28,1.0,87,1.381443916181627
28,1.0,88,1.3806799682558748
28,1.0,89,1.331297645760596
28,1.0,90,1.3608873207685366
28,1.0,91,1.400967697933714
28,1.0,92,1.3370608336411745
28,1.0,93,1.40630378501381
28,1.0,94,1.4162909949757363
28,1.0,95,1.430210007312628
28,1.0,96,1.460696076033407
28,1.0,97,1.4534150882771466
28,1.0,98,1.599815309151458
28,1.0,99,1.5404127559277174
28,1.0,100,1.5701981778986749
28,1.0,101,1.5101608141074394
28,1.0,102,1.5259758574418714
28,1.0,103,1.5071937498011516
28,1.0,104,1.4777649724683868
28,1.0,105,1.526555511434136
28,1.0,106,1.5698393469889367
28,1.0,107,1.6411074566941268
28,1.0,108,1.5766646078615807
28,1.0,109,1.577571512121317
28,1.0,110,1.6229204051046386
28,1.0,111,1.646791019062311
28,1.0,112,1.6291116339401763
28,1.0,113,1.7619651294642225
28,1.0,114,1.7831546606929012
28,1.0,115,1.810191684813139
28,1.0,116,1.8082224994415514
28,1.0,117,1.6851036404821935
28,1.0,118,1.7362062812983037
28,1.0,119,1.7475642678898053
28,1.0,120,1.6789884776182604
28,3.0,0,1.0
28,3.0,1,1.0214217263216383
28,3.0,2,1.0422440741312695
28,3.0,3,1.0367981583785575
28,3.0,4,1.0837126827992085
28,3.0,5,1.0537959621061153
28,3.0,6,1.107202063784096
28,3.0,7,1.109440968717459
28,3.0,8,1.097461677845684
28,3.0,9,1.0927607803976127
28,3.0,10,1.107500892218913
28,3.0,11,1.0930398716050096
28,3.0,12,1.0877084777844448
28,3.0,13,1.125055881559597
28,3.0,14,1.1154753130832686
28,3.0,15,1.1478051112293957
28,3.0,16,1.1425560113827402
28,3.0,17,1.1424033192448657
28,3.0,18,1.1644774759309933
28,3.0,19,1.1420938213599767
28,3.0,20,1.130173101575603
28,3.0,21,1.1323408658102947
28,3.0,22,1.1345878085221766
28,3.0,23,1.1369076910783709
28,3.0,24,1.167473055881784
28,3.0,25,1.1419465347590687
28,3.0,26,1.1277700952495153
28,3.0,27,1.0869245963193268
28,3.0,28,1.1106781363383138
28,3.0,29,1.1153784854703506
28,3.0,30,1.09628032904166
28,3.0,31,1.1126912537738407
28,3.0,32,1.0790225923139336
28,3.0,33,1.1387450055539732
28,3.0,34,1.1558991485463874
28,3.0,35,1.212761105543153
28,3.0,36,1.192427167057043
28,3.0,37,1.204029073214347
28,3.0,38,1.1839053130719956
28,3.0,39,1.162182125632581
28,3.0,40,1.203431234104695
28,3.0,41,1.2491247658268398
28,3.0,42,1.261595540185637
28,3.0,43,1.2680837486360013
28,3.0,44,1.2673355518883818
28,3.0,45,1.2760995563174866
28,3.0,46,1.2270781237869135
28,3.0,47,1.3095562805608139
28,3.0,48,1.3133461776681197
28,3.0,49,1.2304891350157123
28,3.0,50,1.2118458662964169
28,3.0,51,1.218029931811181
28,3.0,52,1.220855674777925
28,3.0,53,1.2596335089973578
28,3.0,54,1.262872152191042
28,3.0,55,1.2087651473319878
28,3.0,56,1.2641583253104989
28,3.0,57,1.306565874866474
28,3.0,58,1.2784625000398417
28,3.0,59,1.3081428429882325
28,3.0,60,1.4020239905865572
28,3.0,61,1.4644296431626218
28,3.0,62,1.4963413519562954
28,3.0,63,1.5057868625115234
28,3.0,64,1.524389526580299
28,3.0,65,1.552385143230083
28,3.0,66,1.57035871191121
28,3.0,67,1.6027837040923778
28,3.0,68,1.6498240377431082
28,3.0,69,1.569487142173211
28,3.0,70,1.5199693243059544
28,3.0,71,1.5810305304080938
28,3.0,72,1.5428640180434994
28,3.0,73,1.452692508290205
28,3.0,74,1.4593535175038357
28,3.0,75,1.5025268453765706
28,3.0,76,1.555945142161585
28,3.0,77,1.634331598600275
28,3.0,78,1.5624227087094846
28,3.0,79,1.5729092497071344
28,3.0,80,1.539246688602151
28,3.0,81,1.5052490246392902
28,3.0,82,1.4710838416562269
28,3.0,83,1.516134113176482
28,3.0,84,1.5955088924114318
28,3.0,85,1.6076481379975611
28,3.0,86,1.681528354723673
28,3.0,87,1.8155900744567302
28,3.0,88,1.8190679733622679
28,3.0,89,1.7848946271423969
28,3.0,90,1.8269054087923113
28,3.0,91,1.8518237131725845
28,3.0,92,1.776899062306899
28,3.0,93,1.839571572750889
28,3.0,94,1.8086198106605853
28,3.0,95,1.8720620648669477
28,3.0,96,1.9467586463958755
28,3.0,97,1.9216502451563655
28,3.0,98,2.0874251448747105
28,3.0,99,2.0303277109148583
28,3.0,100,2.122232249585034
28,3.0,101,2.0276064270538487
28,3.0,102,2.0840931997538084
28,3.0,103,2.0896063102848306
28,3.0,104,2.0230998825178856
28,3.0,105,2.0649184425264995
28,3.0,106,2.1513190919155174
28,3.0,107,2.2831519797215867
28,3.0,108,2.290442286685704
28,3.0,109,2.3127819848488724
28,3.0,110,2.3729931880930835
28,3.0,111,2.3969504896360077
28,3.0,112,2.395988522163672
28,3.0,113,2.560677511277756
28,3.0,114,2.5314963906738424
28,3.0,115,2.56541093182811
28,3.0,116,2.5751394192946577
28,3.0,117,2.428960953594492
28,3.0,118,2.4956790566254248
28,3.0,119,2.5121989899872657
28,3.0,120,2.3727851592672558
28,10.0,0,1.0
28,10.0,1,1.015669159602023
28,10.0,2,1.0654389173158016
28,10.0,3,1.0560002770095334
28,10.0,4,1.1200457908784403
28,10.0,5,1.1027812695168473
28,10.0,6,1.122607625121365
28,10.0,7,1.152024659859759
28,10.0,8,1.1618339690454602
28,10.0,9,1.1457178625891424
28,10.0,10,1.1413498912543494
28,10.0,11,1.140364182050913
28,10.0,12,1.1501924657642333
28,10.0,13,1.2016084893571812
28,10.0,14,1.2285328450914648
28,10.0,15,1.2437347454260546
28,10.0,16,1.2725073949191636
28,10.0,17,1.3309703597856732
28,10.0,18,1.3592876976277402
28,10.0,19,1.3374178772642165
28,10.0,20,1.3082686430291373
28,10.0,21,1.3202669065031096
28,10.0,22,1.325952672216402
28,10.0,23,1.3491377729383522
28,10.0,24,1.3600857812613134
28,10.0,25,1.324357878322614
28,10.0,26,1.3355561796008293
28,10.0,27,1.3009983342698976
28,10.0,28,1.3127158792151827
28,10.0,29,1.3618224540777006
28,10.0,30,1.3816179737789542
28,10.0,31,1.4083448428597516
28,10.0,32,1.3592997074310857
28,10.0,33,1.3722227132753864
28,10.0,34,1.3592128013005627
28,10.0,35,1.4022880540826363
28,10.0,36,1.3737104869282362
28,10.0,37,1.3672474134402102
28,10.0,38,1.342976991244703
28,10.0,39,1.3442732849894758
28,10.0,40,1.3997396961691377
28,10.0,41,1.4217393747998366
28,10.0,42,1.4116373364383437
28,10.0,43,1.4521515430935632
28,10.0,44,1.4680789304373292
28,10.0,45,1.4713132953348882
28,10.0,46,1.4202182707903455
28,10.0,47,1.4843816798370701
28,10.0,48,1.4855122859526961
28,10.0,49,1.4478537863501535
28,10.0,50,1.4321433268330084
28,10.0,51,1.4680347643780107
28,10.0,52,1.4791787446726141
28,10.0,53,1.5321930761228149
28,10.0,54,1.5581715020070743
28,10.0,55,1.5439299285638801
28,10.0,56,1.5519873932507289
28,10.0,57,1.58459118180436
28,10.0,58,1.6081867246090242
28,10.0,59,1.640741229467091
28,10.0,60,1.701313886040699
28,10.0,61,1.7120827426226497
28,10.0,62,1.7570973468091942
28,10.0,63,1.7587921047208679
28,10.0,64,1.8077919207603865
28,10.0,65,1.8097832360559287
28,10.0,66,1.8947516077772402
28,10.0,67,1.8956154742660682
28,10.0,68,1.9500449990931497
28,10.0,69,1.901533303648216
28,10.0,70,1.8427155666388144
28,10.0,71,1.8533529950240848
28,10.0,72,1.7875648724222997
28,10.0,73,1.7561193978507865
28,10.0,74,1.719609153700859
28,10.0,75,1.7777593177406918
28,10.0,76,1.8408142745520855
28,10.0,77,1.899138629618838
28,10.0,78,1.876487362493702
28,10.0,79,1.9292753535134815
28,10.0,80,1.9108605762135025
28,10.0,81,1.8884335586598013
28,10.0,82,1.937074384000558
28,10.0,83,1.935780012044523
28,10.0,84,2.0853928287323895
28,10.0,85,2.0735435281976673
28,10.0,86,2.103195786675697
28,10.0,87,2.2383414746106727
28,10.0,88,2.228677149182994
28,10.0,89,2.219076370262396
28,10.0,90,2.272522144935203
28,10.0,91,2.275363929799294
28,10.0,92,2.149464763736032
28,10.0,93,2.2165012255233827
28,10.0,94,2.2253194567378856
28,10.0,95,2.2422913018323585
28,10.0,96,2.3390576400266734
28,10.0,97,2.298141809238512
28,10.0,98,2.398899089716675
28,10.0,99,2.3715669743940206
28,10.0,100,2.4143746641833257
28,10.0,101,2.4123387772944938
28,10.0,102,2.389025087934689
28,10.0,103,2.4343802847465295
28,10.0,104,2.402338439076962
28,10.0,105,2.380043997070471
28,10.0,106,2.4332513968174543
28,10.0,107,2.5640177370823487
28,10.0,108,2.6149857226467086
28,10.0,109,2.631406969118497
28,10.0,110,2.691755773992352
28,10.0,111,2.7494457844356637
28,10.0,112,2.7318343229739837
28,10.0,113,2.7978084339831812
28,10.0,114,2.8000563289117006
28,10.0,115,2.6724245539448117
28,10.0,116,2.7352782267621185
28,10.0,117,2.7900668732710683
28,10.0,118,2.746908091596489
28,10.0,119,2.7333530736560587
28,10.0,120,2.621679902500461
29,0.0,0,1.0
29,0.0,1,1.003080464310813
29,0.0,2,1.039580595936127
29,0.0,3,1.1111224642883635
29,0.0,4,1.0968434877582065
29,0.0,5,1.073024629794147
29,0.0,6,1.0368482878087062
29,0.0,7,1.047692673741177
29,0.0,8,1.0028279549158157
29,0.0,9,1.0127747789194288
29,0.0,10,1.1081272229418615
29,0.0,11,1.0957977993065702
29,0.0,12,1.0933567747858222
29,0.0,13,1.0817738660917209
29,0.0,14,1.06992938793065
29,0.0,15,1.1301386055683051
29,0.0,16,1.0584730993912201
29,0.0,17,1.0509265857456893
29,0.0,18,0.991267650216032
29,0.0,19,0.9727146114634241
29,0.0,20,0.9844742780137656
29,0.0,21,1.004079776009587
29,0.0,22,1.0281555694893612
29,0.0,23,1.0388097395481735
29,0.0,24,1.0479900663307398
29,0.0,25,1.047367169863233
29,0.0,26,1.107339592502596
29,0.0,27,1.087834110399322
29,0.0,28,0.9875190990771509
29,0.0,29,0.9691992095050235
29,0.0,30,0.9557250164179818
29,0.0,31,0.9400056900448961
29,0.0,32,0.9668840406903171
29,0.0,33,1.0005026978287868
29,0.0,34,0.9796850541362451
29,0.0,35,0.9767131441465642
29,0.0,36,1.009556395943136
29,0.0,37,1.099824692766646
29,0.0,38,1.1244976278242853
29,0.0,39,1.0987779821332873
29,0.0,40,1.0557843398510294
29,0.0,41,1.0655778937443312
29,0.0,42,1.0498822654129871
29,0.0,43,1.0386837702545264
29,0.0,44,1.0805470296725463
29,0.0,45,1.0642990592464054
29,0.0,46,0.9923078592874741
29,0.0,47,0.9811924364680731
29,0.0,48,0.9744283090114033
29,0.0,49,0.9499969735975721
29,0.0,50,0.9543476599543664
29,0.0,51,0.9504477855150874
29,0.0,52,1.001151806192095
29,0.0,53,1.0296672733642207
29,0.0,54,1.0838436250131955
29,0.0,55,1.064165970388964
29,0.0,56,1.119004940528128
29,0.0,57,1.0725541098265123
29,0.0,58,1.0218829588656515
29,0.0,59,1.0149168853213237
29,0.0,60,1.0735950916697612
29,0.0,61,1.134488283047359
29,0.0,62,1.1195576371298321
29,0.0,63,1.1590757692804385
29,0.0,64,1.1526036006806948
29,0.0,65,1.1040743032474163
29,0.0,66,1.1046716793547944
29,0.0,67,1.1281530228576684
29,0.0,68,1.1118382860062597
29,0.0,69,1.1092828700651245
29,0.0,70,1.0833348588564016
29,0.0,71,1.0843274197632227
29,0.0,72,1.036253035717826
29,0.0,73,1.029872040160111
29,0.0,74,1.0315699604334192
29,0.0,75,1.0374236020100027
29,0.0,76,1.0337533006847293
29,0.0,77,1.0344943673177611
29,0.0,78,0.9647584387752514
29,0.0,79,0.9551811068244365
29,0.0,80,0.9090981001120239
29,0.0,81,0.9489965370957029
29,0.0,82,0.980117513611015
29,0.0,83,0.8463788914013166
29,0.0,84,0.8171745410589708
29,0.0,85,0.8328785246589703
29,0.0,86,0.8347416070837445
29,0.0,87,0.7954827427965454
29,0.0,88,0.7528680695326829
29,0.0,89,0.7807376289062625
29,0.0,90,0.7018130075171682
29,0.0,91,0.7246189156565332
29,0.0,92,0.6983276794337185
29,0.0,93,0.6989214180168062
29,0.0,94,0.7052594199058735
29,0.0,95,0.678038470781061
29,0.0,96,0.6848446961445762
29,0.0,97,0.6758747464088397
29,0.0,98,0.6707501753632422
29,0.0,99,0.6644385285635617
29,0.0,100,0.6231311949001868
29,0.0,101,0.5824530183780062
29,0.0,102,0.5812234854295303
29,0.0,103,0.5835315834355727
29,0.0,104,0.5841820245737347
29,0.0,105,0.5781881199884654
29,0.0,106,0.5823205479613446
29,0.0,107,0.5748794039612338
29,0.0,108,0.5498377804678012
29,0.0,109,0.5638772539554813
29,0.0,110,0.5265285712335293
29,0.0,111,0.5404527244905655
29,0.0,112,0.5244383943619902
29,0.0,113,0.5483510570261013
29,0.0,114,0.5354497082272626
29,0.0,115,0.510635325664339
29,0.0,116,0.5070625097937472
29,0.0,117,0.4859779305545184
29,0.0,118,0.48637359549377457
29,0.0,119,0.5341489130335408
29,0.0,120,0.48966859113237937
29,1.0,0,1.0
29,1.0,1,1.0061175916184577
29,1.0,2,1.0390606290304323
29,1.0,3,1.112884400977004
29,1.0,4,1.1087002554729477
29,1.0,5,1.069547791625317
29,1.0,6,1.0281417990256876
29,1.0,7,1.0280505004352016
29,1.0,8,1.0268317487158338
29,1.0,9,1.0320638553568189
29,1.0,10,1.0749305446422148
29,1.0,11,1.0490683441407902
29,1.0,12,1.077375529583324
29,1.0,13,1.1259008164431261
29,1.0,14,1.125599017048545
29,1.0,15,1.1711970175146171
29,1.0,16,1.1176412120242163
29,1.0,17,1.1065854909062984
29,1.0,18,1.0808455633113485
29,1.0,19,1.0789966013969259
29,1.0,20,1.093285684726811
29,1.0,21,1.115754444345556
29,1.0,22,1.142018955355852
29,1.0,23,1.1471014789889094
29,1.0,24,1.1503361661168794
29,1.0,25,1.1486455133020843
29,1.0,26,1.2102627337029301
29,1.0,27,1.176136324952494
29,1.0,28,1.0762023479383551
29,1.0,29,1.0248934535519136
29,1.0,30,1.0201268809403157
29,1.0,31,1.002986646820847
29,1.0,32,1.0226852596847837
29,1.0,33,1.051586092328741
29,1.0,34,1.0456376618960777
29,1.0,35,1.0421239774143891
29,1.0,36,1.0766340693462932
29,1.0,37,1.1549032621924353
29,1.0,38,1.188548114011262
29,1.0,39,1.2009907389502075
29,1.0,40,1.1523000959451817
29,1.0,41,1.1587910149378813
29,1.0,42,1.1941698043068534
29,1.0,43,1.1775152845334302
29,1.0,44,1.235463779099299
29,1.0,45,1.1632802863293745
29,1.0,46,1.1039983489259138
29,1.0,47,1.0894612469065927
29,1.0,48,1.0811028620641034
29,1.0,49,1.057392445763487
29,1.0,50,1.0764308012205164
29,1.0,51,1.0874018614904393
29,1.0,52,1.147479137405003
29,1.0,53,1.1888683674860947
29,1.0,54,1.2746570654803895
29,1.0,55,1.2582122855944062
29,1.0,56,1.3268341913808952
29,1.0,57,1.35239274680422
29,1.0,58,1.331712138772094
29,1.0,59,1.340450122497596
29,1.0,60,1.4005959805161465
29,1.0,61,1.4818532148535264
29,1.0,62,1.4945084358125507
29,1.0,63,1.5217539323268308
29,1.0,64,1.5068973361680431
29,1.0,65,1.4695591177769105
29,1.0,66,1.478054664175316
29,1.0,67,1.436396948067133
29,1.0,68,1.4178325638497677
29,1.0,69,1.4032273629410377
29,1.0,70,1.3744144152747788
29,1.0,71,1.3838024362064842
29,1.0,72,1.3228044349912957
29,1.0,73,1.327316830718541
29,1.0,74,1.3670579570328427
29,1.0,75,1.3768171463973096
29,1.0,76,1.3708404960438654
29,1.0,77,1.3852174098951577
29,1.0,78,1.3372937534285723
29,1.0,79,1.317507231254938
29,1.0,80,1.2572439157444715
29,1.0,81,1.349190029701981
29,1.0,82,1.4010685309989763
29,1.0,83,1.2963107747007476
29,1.0,84,1.2675187315516847
29,1.0,85,1.3073820837582926
29,1.0,86,1.2913288189050158
29,1.0,87,1.2267988634614344
29,1.0,88,1.1655734941325313
29,1.0,89,1.145375294514873
29,1.0,90,1.0703418314837627
29,1.0,91,1.1151113461334048
29,1.0,92,1.124444473529628
29,1.0,93,1.1190142803900132
29,1.0,94,1.1283635102311937
29,1.0,95,1.1205453680536357
29,1.0,96,1.1230456413266456
29,1.0,97,1.1119446555437977
29,1.0,98,1.1046037571645995
29,1.0,99,1.1120154697201838
29,1.0,100,1.0585331793546642
29,1.0,101,1.0115171635180025
29,1.0,102,1.0413426477189784
29,1.0,103,1.0476127289302466
29,1.0,104,1.0645909621466039
29,1.0,105,1.0659548639285836
29,1.0,106,1.086641653497923
29,1.0,107,1.0718314097598087
29,1.0,108,1.044940065978393
29,1.0,109,1.0668908626216198
29,1.0,110,0.998199657595209
29,1.0,111,1.0464171554732498
29,1.0,112,1.0510549310220332
29,1.0,113,1.0913763571777637
29,1.0,114,1.057336496343681
29,1.0,115,1.0377276600918166
29,1.0,116,1.0203074398365497
29,1.0,117,0.9950946576156676
29,1.0,118,1.0390528107060295
29,1.0,119,1.1144959273609414
29,1.0,120,1.044239608345082
29,3.0,0,1.0
29,3.0,1,0.9977902096628486
29,3.0,2,1.024824351641818
29,3.0,3,1.080007465151419
29,3.0,4,1.0690810786692702
29,3.0,5,1.0352740935302627
29,3.0,6,1.0074269558878124
29,3.0,7,1.0073176761013245
29,3.0,8,1.0101986627815527
29,3.0,9,1.007071878761372
29,3.0,10,1.048474688692891
29,3.0,11,1.0031710335601316
29,3.0,12,1.033778366259807
29,3.0,13,1.0954709781306435
29,3.0,14,1.1123885963308529
29,3.0,15,1.1153366252692338
29,3.0,16,1.0850400511442808
29,3.0,17,1.042925561144238
29,3.0,18,1.0426211568682413
29,3.0,19,1.050103079824217
29,3.0,20,1.106836152741841
29,3.0,21,1.124203211821582
29,3.0,22,1.1326914727991286
29,3.0,23,1.1459842836427385
29,3.0,24,1.132544303321083
29,3.0,25,1.1350577965759798
29,3.0,26,1.2107544118170732
29,3.0,27,1.1687012914098733
29,3.0,28,1.0526311312008663
29,3.0,29,1.0529421252743232
29,3.0,30,1.0762377945442403
29,3.0,31,1.053864320591818
29,3.0,32,1.0657059302909389
29,3.0,33,1.1094332869308918
29,3.0,34,1.1740542224993127
29,3.0,35,1.1653230826750942
29,3.0,36,1.2134040946534455
29,3.0,37,1.2392651938609287
29,3.0,38,1.2750782585869824
29,3.0,39,1.2769749122415457
29,3.0,40,1.2486500819898634
29,3.0,41,1.2443134542666037
29,3.0,42,1.2303781937976443
29,3.0,43,1.2354933155355852
29,3.0,44,1.2966709553945432
29,3.0,45,1.2044715946857307
29,3.0,46,1.156946306720559
29,3.0,47,1.1196354433870674
29,3.0,48,1.1087490655212127
29,3.0,49,1.1003659601287443
29,3.0,50,1.1100839253773842
29,3.0,51,1.1134697542389467
29,3.0,52,1.1643150104313489
29,3.0,53,1.2066611505711917
29,3.0,54,1.2835495733674784
29,3.0,55,1.2533311903595468
29,3.0,56,1.3130040722534768
29,3.0,57,1.3586650096679123
29,3.0,58,1.3377534398084536
29,3.0,59,1.355526824151699
29,3.0,60,1.3766694974429503
29,3.0,61,1.4394643314302311
29,3.0,62,1.452513243687796
29,3.0,63,1.4359812256442492
29,3.0,64,1.4171576200207716
29,3.0,65,1.410421030508636
29,3.0,66,1.4316049618975935
29,3.0,67,1.3662287014029495
29,3.0,68,1.34505217274211
29,3.0,69,1.3002583517999737
29,3.0,70,1.283899231095588
29,3.0,71,1.2795210319461872
29,3.0,72,1.243878487426915
29,3.0,73,1.2554982004569888
29,3.0,74,1.2819233003559487
29,3.0,75,1.2778737557591338
29,3.0,76,1.2616760835620235
29,3.0,77,1.282830643122974
29,3.0,78,1.290890371087974
29,3.0,79,1.27818258801059
29,3.0,80,1.214310048110001
29,3.0,81,1.3028493497312084
29,3.0,82,1.3325617817835331
29,3.0,83,1.2669764149606983
29,3.0,84,1.2127676016515283
29,3.0,85,1.2381787984591002
29,3.0,86,1.204212966562041
29,3.0,87,1.221643302605156
29,3.0,88,1.2175570689121797
29,3.0,89,1.122345787687381
29,3.0,90,1.042824197749051
29,3.0,91,1.0633530518270848
29,3.0,92,1.1225861457101993
29,3.0,93,1.1397447155702398
29,3.0,94,1.124896222709021
29,3.0,95,1.1112491639605395
29,3.0,96,1.1219727971429203
29,3.0,97,1.1109941929843832
29,3.0,98,1.1030002471212634
29,3.0,99,1.1175291908048908
29,3.0,100,1.1009212018178172
29,3.0,101,1.1029517621701208
29,3.0,102,1.1396752223747417
29,3.0,103,1.1531280302451083
29,3.0,104,1.1552476558383225
29,3.0,105,1.1751687595579505
29,3.0,106,1.2166537014117664
29,3.0,107,1.2136501314097126
29,3.0,108,1.161484815047549
29,3.0,109,1.2127578424993437
29,3.0,110,1.2023040527139526
29,3.0,111,1.247691660305316
29,3.0,112,1.247477845507261
29,3.0,113,1.2728532682768048
29,3.0,114,1.2174756740382333
29,3.0,115,1.2047117479881164
29,3.0,116,1.1852259870627326
29,3.0,117,1.1829690872823007
29,3.0,118,1.237438898343461
29,3.0,119,1.2764716790923316
29,3.0,120,1.256271814937438
29,10.0,0,1.0
29,10.0,1,0.9956341280018217
29,10.0,2,1.0128494362411524
29,10.0,3,1.0658469851821444
29,10.0,4,1.0703449539563494
29,10.0,5,1.0644865299157285
29,10.0,6,1.0513307770270706
29,10.0,7,1.0596535650533587
29,10.0,8,1.0573001681717844
29,10.0,9,1.0665356753582074
29,10.0,10,1.140594498207469
29,10.0,11,1.110604730744372
29,10.0,12,1.1477542934946834
29,10.0,13,1.1839671899186344
29,10.0,14,1.1952108792769691
29,10.0,15,1.1904491685564789
29,10.0,16,1.141705600618899
29,10.0,17,1.1229951074058477
29,10.0,18,1.1130645323907857
29,10.0,19,1.1173085006786032
29,10.0,20,1.1086225239576752
29,10.0,21,1.0886772200834587
29,10.0,22,1.1161135851873725
29,10.0,23,1.13059549015375
29,10.0,24,1.1275865542607106
29,10.0,25,1.1455297527829238
29,10.0,26,1.2042404263793887
29,10.0,27,1.1798118969576803
29,10.0,28,1.1052864209381996
29,10.0,29,1.1027754433101573
29,10.0,30,1.0913070118494563
29,10.0,31,1.0919230431525078
29,10.0,32,1.1117757650631441
29,10.0,33,1.114865940088768
29,10.0,34,1.1862389259599113
29,10.0,35,1.1644825813573145
29,10.0,36,1.2238839432217117
29,10.0,37,1.2526913251520424
29,10.0,38,1.2918608372011535
29,10.0,39,1.300450064871686
29,10.0,40,1.2676098134232578
29,10.0,41,1.2936837122954439
29,10.0,42,1.275980083710093
29,10.0,43,1.3104421429152462
29,10.0,44,1.3377517300625827
29,10.0,45,1.2914119076864807
29,10.0,46,1.2437339387570199
29,10.0,47,1.2230407545942261
29,10.0,48,1.1893737466176137
29,10.0,49,1.1882733758574893
29,10.0,50,1.202645527551181
29,10.0,51,1.2333324976305307
29,10.0,52,1.2775334159780514
29,10.0,53,1.2933151580887718
29,10.0,54,1.3959174623906494
29,10.0,55,1.3808056525474168
29,10.0,56,1.42584120719317
29,10.0,57,1.4890295513808636
29,10.0,58,1.4672713650645388
29,10.0,59,1.501648332237836
29,10.0,60,1.541387553097112
29,10.0,61,1.616084703093343
29,10.0,62,1.6345576508459756
29,10.0,63,1.6898334094470497
29,10.0,64,1.6902432197596906
29,10.0,65,1.6702277930053726
29,10.0,66,1.731015216686311
29,10.0,67,1.662066530783643
29,10.0,68,1.6213031587900752
29,10.0,69,1.5837088966581194
29,10.0,70,1.53792016956307
29,10.0,71,1.5471207059095393
29,10.0,72,1.4942037051586627
29,10.0,73,1.510905005056974
29,10.0,74,1.5472757201421283
29,10.0,75,1.5430341491085529
29,10.0,76,1.5203857864005998
29,10.0,77,1.534557415316955
29,10.0,78,1.5778365343079224
29,10.0,79,1.5620425436871876
29,10.0,80,1.5045118577248147
29,10.0,81,1.5910832017159502
29,10.0,82,1.5962045759762342
29,10.0,83,1.5165244029525888
29,10.0,84,1.4240088455774544
29,10.0,85,1.4151791832601155
29,10.0,86,1.4113201413268166
29,10.0,87,1.4257278874893555
29,10.0,88,1.3898453714274275
29,10.0,89,1.3153299335606088
29,10.0,90,1.2180922246501449
29,10.0,91,1.2609707533626744
29,10.0,92,1.3066606251754838
29,10.0,93,1.2810392959944266
29,10.0,94,1.2421519183621155
29,10.0,95,1.2052056377836837
29,10.0,96,1.224273505713126
29,10.0,97,1.211816605007519
29,10.0,98,1.198080913819334
29,10.0,99,1.1848292053308829
29,10.0,100,1.1581943660810703
29,10.0,101,1.1649207316680024
29,10.0,102,1.177413131560234
29,10.0,103,1.1986088375324992
29,10.0,104,1.2293851111861496
29,10.0,105,1.2606946007005222
29,10.0,106,1.3233918772251685
29,10.0,107,1.3229506416239627
29,10.0,108,1.31386936813664
29,10.0,109,1.3221879548518207
29,10.0,110,1.2564513597324156
29,10.0,111,1.3436922594299363
29,10.0,112,1.3706702035659737
29,10.0,113,1.370088802367921
29,10.0,114,1.3316159378038699
29,10.0,115,1.2920910539201962
29,10.0,116,1.3008297202848962
29,10.0,117,1.2943857055617178
29,10.0,118,1.3373442324703497
29,10.0,119,1.355865159410201
29,10.0,120,1.3565770478406283
