n_train,rep,method,risk_ratio,true_vol,leverage,estimated_vol,condition_number
60,0,Sample,3.0077785959036563,0.49246619136232767,3.5456278489570208,0.12527711552315354,702.1350398260861
60,0,Shrink 0.2,1.4328622400195685,0.3399035555608881,2.0942047799526544,0.2537333859030564,49.46067961332455
60,0,Shrink 0.5,1.5268987232212345,0.35087999209394455,1.4012485283389133,0.2829655367539846,13.777532960226527
60,0,Equal weight,3.0691715827142136,0.4974667664886608,1.0,,
60,0,Oracle,1.0,0.28395759457307596,1.7902126983646487,0.28395759457307596,53.32272967272869
60,1,Sample,3.345146133807514,0.5193510762951489,3.478376504949098,0.1759689125311961,403.7217303356938
60,1,Shrink 0.2,1.3737969620492112,0.3328240985561516,1.6187039898460498,0.2557717831183371,37.702396680094395
60,1,Shrink 0.5,1.6745465354530464,0.3674532552227617,1.2240433560728234,0.2644232599797111,10.848782196469744
60,1,Equal weight,3.0691715827142136,0.4974667664886608,1.0,,
60,1,Oracle,1.0,0.28395759457307596,1.7902126983646487,0.28395759457307596,53.32272967272869
60,2,Sample,4.376875590972216,0.5940672208379462,3.9407063643199445,0.12460871931939325,1183.7771099890174
60,2,Shrink 0.2,1.4273026982220223,0.33924349747402355,1.8787069073970313,0.24748684202074173,46.23111959450044
60,2,Shrink 0.5,1.540939079885709,0.35248953133990685,1.3807264066896585,0.27135498444136524,12.641675881409217
60,2,Equal weight,3.0691715827142136,0.4974667664886608,1.0,,
60,2,Oracle,1.0,0.28395759457307596,1.7902126983646487,0.28395759457307596,53.32272967272869
60,3,Sample,2.6348041777269215,0.4609222362383515,2.774711468121702,0.18168488924904816,680.9528163003359
60,3,Shrink 0.2,1.435059250973012,0.34016404319757093,1.675162246500906,0.25065016841216303,42.83730891516187
60,3,Shrink 0.5,1.6396773870507064,0.36360738241367047,1.2730560980231282,0.26395591233384136,11.96534837040953
60,3,Equal weight,3.0691715827142136,0.4974667664886608,1.0,,
60,3,Oracle,1.0,0.28395759457307596,1.7902126983646487,0.28395759457307596,53.32272967272869
60,4,Sample,2.544656863212734,0.4529686051053483,2.80914695133454,0.21346841297001848,533.2398818501001
60,4,Shrink 0.2,1.4861394714830876,0.34616509400748663,1.7420691032874072,0.26725275840485446,47.88912984079104
60,4,Shrink 0.5,1.5865563335167356,0.3576689478345354,1.4091895784900956,0.27784478474535335,13.551608715382649
60,4,Equal weight,3.0691715827142136,0.4974667664886608,1.0,,
60,4,Oracle,1.0,0.28395759457307596,1.7902126983646487,0.28395759457307596,53.32272967272869
60,5,Sample,3.0094614130563833,0.4926039366523616,3.0810634497411495,0.20847675422957787,689.7497333520184
60,5,Shrink 0.2,1.3492571217585154,0.3298381212816768,1.7671900219983514,0.2706360278737498,46.89789276253743
60,5,Shrink 0.5,1.5045885394343164,0.3483071288354567,1.2882383705665623,0.28448395031730583,13.078133163784237
60,5,Equal weight,3.0691715827142136,0.4974667664886608,1.0,,
60,5,Oracle,1.0,0.28395759457307596,1.7902126983646487,0.28395759457307596,53.32272967272869
60,6,Sample,3.2457388653807646,0.5115761350761924,3.0093300610205613,0.16844820769471855,623.434187032322
60,6,Shrink 0.2,1.6421346215968633,0.3638797329806226,1.9050983947183044,0.26226248219574927,47.34371932602211
60,6,Shrink 0.5,1.6900456045192174,0.3691498535843133,1.3293253174028354,0.28348311094556183,13.271173125040736
60,6,Equal weight,3.0691715827142136,0.4974667664886608,1.0,,
60,6,Oracle,1.0,0.28395759457307596,1.7902126983646487,0.28395759457307596,53.32272967272869
60,7,Sample,3.033285073630295,0.4945498820059255,3.482914975233731,0.1200770445868323,505.18591625273785
60,7,Shrink 0.2,1.401984585062263,0.33622121083758605,1.9727798712474038,0.22080869295399966,38.97873015109816
60,7,Shrink 0.5,1.5881223094369923,0.3578454189774761,1.3426640738143463,0.24546729277160825,11.063204562404978
60,7,Equal weight,3.0691715827142136,0.4974667664886608,1.0,,
60,7,Oracle,1.0,0.28395759457307596,1.7902126983646487,0.28395759457307596,53.32272967272869
60,8,Sample,1.7283583255380641,0.37331065144955244,2.2529601275236795,0.1908811986935435,382.53252689120427
60,8,Shrink 0.2,1.440273833395058,0.3407815107276554,1.6553555928362544,0.24258541715359414,40.47169751562125
60,8,Shrink 0.5,1.6671166950488352,0.3666371673876454,1.2254429012785821,0.2555456588981732,11.698000897311013
60,8,Equal weight,3.0691715827142136,0.4974667664886608,1.0,,
60,8,Oracle,1.0,0.28395759457307596,1.7902126983646487,0.28395759457307596,53.32272967272869
60,9,Sample,3.415338520721328,0.52477165230261,3.553562677011085,0.1615618926339544,876.6169237441975
60,9,Shrink 0.2,1.5089682916767384,0.34881370932116507,1.6631626303541356,0.23775957237666462,42.642811844851686
60,9,Shrink 0.5,1.7377060177688584,0.3743188010451915,1.3099068944874495,0.2537015009871642,11.795774083664973
60,9,Equal weight,3.0691715827142136,0.4974667664886608,1.0,,
60,9,Oracle,1.0,0.28395759457307596,1.7902126983646487,0.28395759457307596,53.32272967272869
60,10,Sample,2.9353082156555876,0.4864971984064881,3.363588261396435,0.177021389708779,559.2616167720936
60,10,Shrink 0.2,1.487767315141711,0.34635462817979923,1.961475075387037,0.2717363261162206,52.469575732472954
60,10,Shrink 0.5,1.501544890831726,0.34795465333950604,1.4125264979663614,0.3011368061871418,14.823230480021696
60,10,Equal weight,3.0691715827142136,0.4974667664886608,1.0,,
60,10,Oracle,1.0,0.28395759457307596,1.7902126983646487,0.28395759457307596,53.32272967272869
60,11,Sample,2.266574525597007,0.42750233409659616,2.563508308240147,0.11803443044784068,302.6097830573084
60,11,Shrink 0.2,1.780066379533375,0.3788537474104246,1.6524039387290126,0.19092896466501386,33.65635409800639
60,11,Shrink 0.5,1.98146009738133,0.3997110495968761,1.267084929010525,0.2184375423314405,9.885648915642816
60,11,Equal weight,3.0691715827142136,0.4974667664886608,1.0,,
60,11,Oracle,1.0,0.28395759457307596,1.7902126983646487,0.28395759457307596,53.32272967272869
60,12,Sample,3.3011673527555923,0.515925815491594,3.5882939064657404,0.140952147375066,523.3858432835427
60,12,Shrink 0.2,1.604579146712934,0.35969471805415104,1.9976694611715171,0.23875769760249801,41.052693140217364
60,12,Shrink 0.5,1.7075857811090187,0.37106052395564765,1.3576349402998493,0.26196347395591735,11.624106897018917
60,12,Equal weight,3.0691715827142136,0.4974667664886608,1.0,,
60,12,Oracle,1.0,0.28395759457307596,1.7902126983646487,0.28395759457307596,53.32272967272869
60,13,Sample,2.0448335685897905,0.4060527644854241,2.7019749946859473,0.13895577148527322,570.5795513550453
60,13,Shrink 0.2,1.4359936955060408,0.34027477475881196,1.7278037881388766,0.23197886173201052,44.92687383759094
60,13,Shrink 0.5,1.5984202462016248,0.359003741276268,1.3531062091149928,0.26234171106369497,12.655910094665249
60,13,Equal weight,3.0691715827142136,0.4974667664886608,1.0,,
60,13,Oracle,1.0,0.28395759457307596,1.7902126983646487,0.28395759457307596,53.32272967272869
60,14,Sample,3.186044367549929,0.5068499386146209,3.3186295850349117,0.15538095332528198,631.3558548951207
60,14,Shrink 0.2,1.730240820911841,0.37351389759100845,1.869079281946005,0.24148679993650415,45.02668069236916
60,14,Shrink 0.5,1.7728259050480015,0.3780824626981836,1.2882226028560468,0.2634301993386069,12.615105726256667
60,14,Equal weight,3.0691715827142136,0.4974667664886608,1.0,,
60,14,Oracle,1.0,0.28395759457307596,1.7902126983646487,0.28395759457307596,53.32272967272869
60,15,Sample,2.4602301383432645,0.44539091668346853,2.6450274019048363,0.20057353458103327,428.59596994309703
60,15,Shrink 0.2,1.4813198879771572,0.3456033276158389,1.709255606986628,0.24594043586222372,39.38905062653973
60,15,Shrink 0.5,1.6649910090505728,0.3664033492972075,1.3414695194413415,0.25510028757048203,11.290139923202537
60,15,Equal weight,3.0691715827142136,0.4974667664886608,1.0,,
60,15,Oracle,1.0,0.28395759457307596,1.7902126983646487,0.28395759457307596,53.32272967272869
60,16,Sample,2.0339783403565974,0.40497354197583396,2.6640504512339636,0.2140469412107484,876.4281408702066
60,16,Shrink 0.2,1.4731754784708497,0.3446519414132217,1.827398215788603,0.26586681324065964,47.14840050679954
60,16,Shrink 0.5,1.7070351739982337,0.37100069532576424,1.381101817584361,0.2751793006472246,13.012012163152136
60,16,Equal weight,3.0691715827142136,0.4974667664886608,1.0,,
60,16,Oracle,1.0,0.28395759457307596,1.7902126983646487,0.28395759457307596,53.32272967272869
60,17,Sample,2.2399857316700325,0.42498745895902956,2.747749477829989,0.17441464107493246,396.3949889723882
60,17,Shrink 0.2,1.4943095961902662,0.3471153196192214,1.7147241430692592,0.2412139670524092,41.83687859609579
60,17,Shrink 0.5,1.743661390759461,0.3749596750955395,1.3178939843146138,0.25364790405538296,12.066435939486006
60,17,Equal weight,3.0691715827142136,0.4974667664886608,1.0,,
60,17,Oracle,1.0,0.28395759457307596,1.7902126983646487,0.28395759457307596,53.32272967272869
60,18,Sample,2.508120770078773,0.44970499445328904,3.161968837904796,0.13853296183473823,726.3767647045529
60,18,Shrink 0.2,1.3407639334610362,0.32879836406126567,1.9034191900122965,0.2552769506877188,56.9672628739679
60,18,Shrink 0.5,1.4565571212824548,0.34270248138447723,1.4600110085263132,0.29169307537888195,15.851212249079632
60,18,Equal weight,3.0691715827142136,0.4974667664886608,1.0,,
60,18,Oracle,1.0,0.28395759457307596,1.7902126983646487,0.28395759457307596,53.32272967272869
60,19,Sample,2.865698503890816,0.48069403955038864,3.6042023688215403,0.17381395619216142,655.8970536630023
60,19,Shrink 0.2,1.256225010617972,0.3182637725612075,2.0152599891216556,0.26923034348996405,50.754011936242556
60,19,Shrink 0.5,1.4316024649721166,0.3397541007960592,1.414866314312555,0.29007166177777954,14.190062148074833
60,19,Equal weight,3.0691715827142136,0.4974667664886608,1.0,,
60,19,Oracle,1.0,0.28395759457307596,1.7902126983646487,0.28395759457307596,53.32272967272869
60,20,Sample,2.589416810739235,0.4569350473738365,3.130986461507886,0.17720892380226785,493.8756121006599
60,20,Shrink 0.2,1.4139664713491547,0.33765489047235225,1.9611144996101588,0.26435766276013145,48.837014580468356
60,20,Shrink 0.5,1.4815699645098603,0.34563249877434593,1.398108593118323,0.2870074617118683,13.89814480653204
60,20,Equal weight,3.0691715827142136,0.4974667664886608,1.0,,
60,20,Oracle,1.0,0.28395759457307596,1.7902126983646487,0.28395759457307596,53.32272967272869
60,21,Sample,2.0067009076611417,0.40224885090185974,2.68146448756835,0.1648828959293918,360.434951124568
60,21,Shrink 0.2,1.529976379664407,0.3512334354616014,1.8095281761522424,0.23924443254922106,39.64821288207674
60,21,Shrink 0.5,1.7103389785933902,0.37135954010257727,1.3063860560337592,0.2586034351450142,11.50958489424232
60,21,Equal weight,3.0691715827142136,0.4974667664886608,1.0,,
60,21,Oracle,1.0,0.28395759457307596,1.7902126983646487,0.28395759457307596,53.32272967272869
60,22,Sample,3.9661584751072856,0.5655076967529591,4.121217742263874,0.14916835699878536,952.8511247499347
60,22,Shrink 0.2,1.5594092929046126,0.354595767543727,1.7059809307235685,0.22217712643329104,45.36382316180477
60,22,Shrink 0.5,1.7557577785595486,0.37625804026876913,1.3338247165770332,0.24383456936608922,12.492693909193903
60,22,Equal weight,3.0691715827142136,0.4974667664886608,1.0,,
60,22,Oracle,1.0,0.28395759457307596,1.7902126983646487,0.28395759457307596,53.32272967272869
60,23,Sample,3.789960285442991,0.552803543353153,3.4684615377925034,0.19465576095362075,638.6910696256323
60,23,Shrink 0.2,1.5764318400352777,0.35652590220351055,1.8115629975135696,0.2753852607220885,49.062153277045525
60,23,Shrink 0.5,1.638858695035726,0.36351659637537304,1.3593245498466837,0.2893060006024463,13.73543107310389
60,23,Equal weight,3.0691715827142136,0.4974667664886608,1.0,,
60,23,Oracle,1.0,0.28395759457307596,1.7902126983646487,0.28395759457307596,53.32272967272869
60,24,Sample,3.0421051584007794,0.4952683778741886,3.461524989000465,0.13600584611524327,449.9697437882408
60,24,Shrink 0.2,1.4791829760839403,0.34535395865677065,1.950140769146283,0.245329184064107,41.012338389269296
60,24,Shrink 0.5,1.6892997696677243,0.3690683897444831,1.290049539877657,0.26851197829468526,11.719584390378767
60,24,Equal weight,3.0691715827142136,0.4974667664886608,1.0,,
60,24,Oracle,1.0,0.28395759457307596,1.7902126983646487,0.28395759457307596,53.32272967272869
60,25,Sample,4.151926417735233,0.5785998445751122,4.137689794727577,0.1514708715809055,830.0398196473625
60,25,Shrink 0.2,1.2876458435472604,0.3222194141746897,1.9171434127176576,0.2816288097074492,56.78396222866555
60,25,Shrink 0.5,1.384720171273311,0.3341446391355593,1.3857098397197212,0.30521623808673914,15.687187950645566
60,25,Equal weight,3.0691715827142136,0.4974667664886608,1.0,,
60,25,Oracle,1.0,0.28395759457307596,1.7902126983646487,0.28395759457307596,53.32272967272869
60,26,Sample,2.4353621201606814,0.4431341926809516,3.0179572195088227,0.16193668402314407,419.2634434053267
60,26,Shrink 0.2,1.4771469666562627,0.34511619698261153,2.0283118016142074,0.2369767229988911,42.50432840439202
60,26,Shrink 0.5,1.5937916365982348,0.358483573670903,1.3754746175395254,0.2606791036519014,12.210388156770467
60,26,Equal weight,3.0691715827142136,0.4974667664886608,1.0,,
60,26,Oracle,1.0,0.28395759457307596,1.7902126983646487,0.28395759457307596,53.32272967272869
60,27,Sample,2.9775041214630726,0.48998149023156023,3.5200357804847293,0.1352544888511918,515.5525962932222
60,27,Shrink 0.2,1.4651110321031016,0.3437073012923895,1.9376619417213963,0.23591716363187448,48.811087904592824
60,27,Shrink 0.5,1.5479868784433803,0.35329470304846233,1.4306889521861499,0.26568542966045183,13.848137330032895
60,27,Equal weight,3.0691715827142136,0.4974667664886608,1.0,,
60,27,Oracle,1.0,0.28395759457307596,1.7902126983646487,0.28395759457307596,53.32272967272869
60,28,Sample,3.225486877785987,0.5099776322807962,3.6150652852709655,0.14990018035949054,450.53290913256984
60,28,Shrink 0.2,1.625872321889134,0.36207347278960406,1.9396731723692153,0.2506834757447945,42.21536537453443
60,28,Shrink 0.5,1.7078538702979025,0.37108965087033685,1.3641151440593933,0.27482994754268647,12.064689811102534
60,28,Equal weight,3.0691715827142136,0.4974667664886608,1.0,,
60,28,Oracle,1.0,0.28395759457307596,1.7902126983646487,0.28395759457307596,53.32272967272869
60,29,Sample,3.9941877947398594,0.5675024341969062,3.810047030430437,0.13612597332030868,580.8255916258463
60,29,Shrink 0.2,1.6148091310704782,0.3608395120139976,1.783617647046579,0.24031586375604738,44.46296111936039
60,29,Shrink 0.5,1.7282239276473428,0.37329613676854345,1.2815192819430963,0.26363025820839897,12.512989133144002
60,29,Equal weight,3.0691715827142136,0.4974667664886608,1.0,,
60,29,Oracle,1.0,0.28395759457307596,1.7902126983646487,0.28395759457307596,53.32272967272869
60,30,Sample,2.3218010309874755,0.4326791704888402,3.0520019816903248,0.10682418500363185,435.92481294591454
60,30,Shrink 0.2,1.3433399126351568,0.3291140688948173,1.8058812213557704,0.2150176249427468,38.90598609771612
60,30,Shrink 0.5,1.5794132632940152,0.3568628823656816,1.2833187040716632,0.2411068942986177,11.139264196384703
60,30,Equal weight,3.0691715827142136,0.4974667664886608,1.0,,
60,30,Oracle,1.0,0.28395759457307596,1.7902126983646487,0.28395759457307596,53.32272967272869
60,31,Sample,2.891964239117858,0.4828919301490303,3.3692906079481455,0.13409868633986352,602.7495284769773
60,31,Shrink 0.2,1.3368403018038035,0.32831691134186763,1.9158538258695903,0.2447642141575354,44.22699406087786
60,31,Shrink 0.5,1.5280143162477446,0.3510081498405843,1.3643093146591827,0.27158568493141566,12.422134814356756
60,31,Equal weight,3.0691715827142136,0.4974667664886608,1.0,,
60,31,Oracle,1.0,0.28395759457307596,1.7902126983646487,0.28395759457307596,53.32272967272869
60,32,Sample,2.8378259279748925,0.4783506459416692,3.396249812541785,0.15250169470050073,698.996419770892
60,32,Shrink 0.2,1.3575993601942675,0.33085621788835967,2.0992030304860707,0.27748941164350266,57.86048088604404
60,32,Shrink 0.5,1.3564818826410208,0.3307200214074219,1.4722113516767297,0.3150462675952301,16.140134258358163
60,32,Equal weight,3.0691715827142136,0.4974667664886608,1.0,,
60,32,Oracle,1.0,0.28395759457307596,1.7902126983646487,0.28395759457307596,53.32272967272869
60,33,Sample,3.8458856030605792,0.5568672400394307,3.313508540263628,0.16316493759688794,357.01667823705344
60,33,Shrink 0.2,1.7401976862407662,0.3745870697416419,1.753817437368842,0.24563945969031495,38.288451355941355
60,33,Shrink 0.5,1.8565615025141042,0.38690840029711054,1.3048193699802004,0.25934679268336286,11.116824295680564
60,33,Equal weight,3.0691715827142136,0.4974667664886608,1.0,,
60,33,Oracle,1.0,0.28395759457307596,1.7902126983646487,0.28395759457307596,53.32272967272869
60,34,Sample,2.981269759021917,0.4902912311463954,3.492279935641675,0.15246349249495,526.0545837975787
60,34,Shrink 0.2,1.5663722452392101,0.3553865424355686,2.0675030626436866,0.2549065618894251,49.023332612076345
60,34,Shrink 0.5,1.6228001888191785,0.3617312368648503,1.4464472541550697,0.27940342004992547,13.890060756492753
60,34,Equal weight,3.0691715827142136,0.4974667664886608,1.0,,
60,34,Oracle,1.0,0.28395759457307596,1.7902126983646487,0.28395759457307596,53.32272967272869
60,35,Sample,2.664836706656317,0.46354167902608423,3.0735737401952363,0.13627968892470585,698.0745405886345
60,35,Shrink 0.2,1.354187809211679,0.3304402472835052,1.9281983850410707,0.25195070975309214,51.46647513130641
60,35,Shrink 0.5,1.445162116520146,0.3413593263494967,1.4215200395802179,0.28436493003055535,14.34101096647783
60,35,Equal weight,3.0691715827142136,0.4974667664886608,1.0,,
60,35,Oracle,1.0,0.28395759457307596,1.7902126983646487,0.28395759457307596,53.32272967272869
60,36,Sample,4.147499264849984,0.5782912850155407,4.192970847365758,0.1955009300357619,735.488364855463
60,36,Shrink 0.2,1.3826902715473623,0.3338996333628192,2.018757176242037,0.2904004689623877,52.69790747298528
60,36,Shrink 0.5,1.4773348378804534,0.34513814312013896,1.4918514911078309,0.30980291651856084,14.644780950108826
60,36,Equal weight,3.0691715827142136,0.4974667664886608,1.0,,
60,36,Oracle,1.0,0.28395759457307596,1.7902126983646487,0.28395759457307596,53.32272967272869
60,37,Sample,3.46070576571643,0.5282455252304915,3.7311918459752853,0.14619107315797755,603.7081500610273
60,37,Shrink 0.2,1.422593639614386,0.3386834069785502,1.8928767119931629,0.26146635404396756,47.72967433913899
60,37,Shrink 0.5,1.5819435304030833,0.35714862045668455,1.3551043240888068,0.28405384912339493,13.403688476857283
60,37,Equal weight,3.0691715827142136,0.4974667664886608,1.0,,
60,37,Oracle,1.0,0.28395759457307596,1.7902126983646487,0.28395759457307596,53.32272967272869
60,38,Sample,3.3063872473510285,0.5163335522612167,3.4638987120213267,0.16368021417545173,609.4997755683154
60,38,Shrink 0.2,1.5222941991204884,0.3503505348270002,2.0590853488536487,0.25630952343584124,46.00340267792847
60,38,Shrink 0.5,1.667635312832061,0.3666941909211521,1.4257252316113322,0.2801049740073902,12.911567079748353
60,38,Equal weight,3.0691715827142136,0.4974667664886608,1.0,,
60,38,Oracle,1.0,0.28395759457307596,1.7902126983646487,0.28395759457307596,53.32272967272869
60,39,Sample,3.6469429216090004,0.5422729880289603,3.505727088429755,0.19016000983456077,672.143808004181
60,39,Shrink 0.2,1.4141298146986567,0.3376743930875619,1.9127785780712119,0.27308902894268783,50.20087584484772
60,39,Shrink 0.5,1.5162518044673488,0.34965452577991957,1.3346531740003291,0.29017619724901794,14.015853270670952
60,39,Equal weight,3.0691715827142136,0.4974667664886608,1.0,,
60,39,Oracle,1.0,0.28395759457307596,1.7902126983646487,0.28395759457307596,53.32272967272869
60,40,Sample,3.4313318111142457,0.5259989132119872,3.5814192515807752,0.12171209478196494,652.2409719356141
60,40,Shrink 0.2,1.4546309839545002,0.3424758131675559,1.840407170610904,0.2371260071684542,48.417216332112304
60,40,Shrink 0.5,1.5834842068346773,0.35732249409459554,1.3178532490554162,0.26604230808478735,13.539034632129221
60,40,Equal weight,3.0691715827142136,0.4974667664886608,1.0,,
60,40,Oracle,1.0,0.28395759457307596,1.7902126983646487,0.28395759457307596,53.32272967272869
60,41,Sample,2.522738120384761,0.4510135330465916,2.6073310961927145,0.1539590329335612,346.21125031214444
60,41,Shrink 0.2,1.6986956581373496,0.37009334605456456,1.8339256076420298,0.22499410474994402,40.57090275457153
60,41,Shrink 0.5,1.8512320442609325,0.38635267022871056,1.4007243314676765,0.2501749835679798,11.823208384582344
60,41,Equal weight,3.0691715827142136,0.4974667664886608,1.0,,
60,41,Oracle,1.0,0.28395759457307596,1.7902126983646487,0.28395759457307596,53.32272967272869
60,42,Sample,2.8317940849589327,0.4778420046588047,3.1332049783158467,0.17451897367873084,719.0594884085567
60,42,Shrink 0.2,1.4020563607517047,0.33622981728041257,2.014713374199678,0.26448842580535004,51.23306911406977
60,42,Shrink 0.5,1.4460926469301922,0.3414692081801664,1.4388312882579655,0.29176674169385924,14.253653639282168
60,42,Equal weight,3.0691715827142136,0.4974667664886608,1.0,,
60,42,Oracle,1.0,0.28395759457307596,1.7902126983646487,0.28395759457307596,53.32272967272869
60,43,Sample,1.82420198810283,0.3835217081057203,2.2621548429015563,0.125663823431309,339.5210571127824
60,43,Shrink 0.2,1.545458368109418,0.35300604608203595,1.6690067858857573,0.18979817580267336,32.85663935130264
60,43,Shrink 0.5,1.7933361346763768,0.3802632347499909,1.27316105212797,0.21410794704478694,9.568947639427202
60,43,Equal weight,3.0691715827142136,0.4974667664886608,1.0,,
60,43,Oracle,1.0,0.28395759457307596,1.7902126983646487,0.28395759457307596,53.32272967272869
60,44,Sample,2.016009693710408,0.40318075760401195,2.7929226194764833,0.16865737370032144,771.9809946448948
60,44,Shrink 0.2,1.3777069473601637,0.3332973900062456,1.902708940188373,0.2452064188349778,51.6763901952983
60,44,Shrink 0.5,1.5384749282585786,0.352207581460721,1.4688890732930395,0.2743116311597243,14.32603530360629
60,44,Equal weight,3.0691715827142136,0.4974667664886608,1.0,,
60,44,Oracle,1.0,0.28395759457307596,1.7902126983646487,0.28395759457307596,53.32272967272869
60,45,Sample,8.166159987175691,0.8114512444835263,5.242366825835878,0.14474645454679183,996.9359926703155
60,45,Shrink 0.2,1.7483005143076504,0.37545814595738525,1.726426290299722,0.2441428192630875,46.64454950364334
60,45,Shrink 0.5,1.8210463284542386,0.3831898402960962,1.314290238378407,0.26131967454232385,12.81733589979889
60,45,Equal weight,3.0691715827142136,0.4974667664886608,1.0,,
60,45,Oracle,1.0,0.28395759457307596,1.7902126983646487,0.28395759457307596,53.32272967272869
60,46,Sample,2.9799586780459206,0.49018341094794027,3.36216380672034,0.17418970199637396,370.78073674234923
60,46,Shrink 0.2,1.5960423168218565,0.35873660149126924,1.8846215481970197,0.2672286612139485,43.69188742687916
60,46,Shrink 0.5,1.6905021711937767,0.369199713226934,1.3748030674147693,0.28441254034436286,12.68474098911318
60,46,Equal weight,3.0691715827142136,0.4974667664886608,1.0,,
60,46,Oracle,1.0,0.28395759457307596,1.7902126983646487,0.28395759457307596,53.32272967272869
60,47,Sample,2.687621181087312,0.4655191124021779,2.933391816954307,0.1361389440254146,350.8025269350519
60,47,Shrink 0.2,1.7486360210290952,0.37549417028147813,1.6338254582209522,0.21516879701419375,37.01554469238547
60,47,Shrink 0.5,1.8759849556908865,0.38892706315714665,1.23902316141803,0.23411535855176535,10.757345835223378
60,47,Equal weight,3.0691715827142136,0.4974667664886608,1.0,,
60,47,Oracle,1.0,0.28395759457307596,1.7902126983646487,0.28395759457307596,53.32272967272869
60,48,Sample,2.665369601309414,0.463588024555174,2.9189211131379063,0.14306419177541402,364.47440871952114
60,48,Shrink 0.2,1.476093366382162,0.3449930950199614,1.8362286721876975,0.22880500530896206,40.92565235737918
60,48,Shrink 0.5,1.6373249346549466,0.36334645423189627,1.3349145075511903,0.25264748655753533,11.877541383441756
60,48,Equal weight,3.0691715827142136,0.4974667664886608,1.0,,
60,48,Oracle,1.0,0.28395759457307596,1.7902126983646487,0.28395759457307596,53.32272967272869
60,49,Sample,2.579195031160077,0.45603227501031457,2.597342569436598,0.1523513055382353,358.19815047971395
60,49,Shrink 0.2,1.8904554694647844,0.39042418687900116,1.6380020687536683,0.21106776668813185,36.50377624165294
60,49,Shrink 0.5,2.0207521856847808,0.4036547033224767,1.2913397193738667,0.22852030089433734,10.590911907820988
60,49,Equal weight,3.0691715827142136,0.4974667664886608,1.0,,
60,49,Oracle,1.0,0.28395759457307596,1.7902126983646487,0.28395759457307596,53.32272967272869
60,50,Sample,3.1662298293473294,0.5052713885658972,3.0895474707384833,0.16053862130789856,829.9815114444866
60,50,Shrink 0.2,1.4891823778943374,0.34651930347656856,1.851402738995243,0.251837234666688,50.161384004610255
60,50,Shrink 0.5,1.5401709514899216,0.35240166577403237,1.4002565791301655,0.2776056514881076,13.862435160023999
60,50,Equal weight,3.0691715827142136,0.4974667664886608,1.0,,
60,50,Oracle,1.0,0.28395759457307596,1.7902126983646487,0.28395759457307596,53.32272967272869
60,51,Sample,3.61418761895046,0.5398322616787564,3.2413197779781395,0.17150918445365876,622.687764420344
60,51,Shrink 0.2,1.5319869272503666,0.3514641382691132,1.8433651422232817,0.2811044219206212,47.07705754342774
60,51,Shrink 0.5,1.6705293756759068,0.3670122388777253,1.304448582431382,0.2983223339211428,13.197275006090885
60,51,Equal weight,3.0691715827142136,0.4974667664886608,1.0,,
60,51,Oracle,1.0,0.28395759457307596,1.7902126983646487,0.28395759457307596,53.32272967272869
60,52,Sample,2.1609815983921465,0.4174255450647421,2.5641824826493096,0.17680657105062378,585.5217182938603
60,52,Shrink 0.2,1.5264438952379151,0.3508277286651119,1.7628613715267747,0.24543590133779883,42.041513843233574
60,52,Shrink 0.5,1.7691652738733614,0.3776919179653115,1.3221212830913518,0.26243041383153476,11.830728744359083
60,52,Equal weight,3.0691715827142136,0.4974667664886608,1.0,,
60,52,Oracle,1.0,0.28395759457307596,1.7902126983646487,0.28395759457307596,53.32272967272869
60,53,Sample,2.5959631625728923,0.4575122756894266,2.7546458406763223,0.16200300047155608,686.8761560130816
60,53,Shrink 0.2,1.6606431015120637,0.36592462921057417,1.8441684724704661,0.22605205737730574,45.28571246585969
60,53,Shrink 0.5,1.7764396587911861,0.37846761088161623,1.3896741919393831,0.25257529707327386,12.634858550476302
60,53,Equal weight,3.0691715827142136,0.4974667664886608,1.0,,
60,53,Oracle,1.0,0.28395759457307596,1.7902126983646487,0.28395759457307596,53.32272967272869
60,54,Sample,2.773105035292865,0.4728644318639037,2.811054513355018,0.1556152964075267,719.9848974483575
60,54,Shrink 0.2,1.669895302990477,0.36694257996427465,2.0603184811691415,0.2475581476307405,51.87427071088472
60,54,Shrink 0.5,1.6532968578915337,0.3651143554667875,1.541446265121446,0.2816605855763174,14.431354225799764
60,54,Equal weight,3.0691715827142136,0.4974667664886608,1.0,,
60,54,Oracle,1.0,0.28395759457307596,1.7902126983646487,0.28395759457307596,53.32272967272869
60,55,Sample,2.2269361936405523,0.42374772096678054,2.8473790745396963,0.14723000508577314,383.1269923497235
60,55,Shrink 0.2,1.3116224199143853,0.3252055167906452,1.8214649394536995,0.2381885452708034,38.76736338017513
60,55,Shrink 0.5,1.5536783407698453,0.3539435840802453,1.2274928255543698,0.2606925676910421,11.197759342978697
60,55,Equal weight,3.0691715827142136,0.4974667664886608,1.0,,
60,55,Oracle,1.0,0.28395759457307596,1.7902126983646487,0.28395759457307596,53.32272967272869
60,56,Sample,2.19031031276141,0.42024863603800594,3.085774049466929,0.17637022932834318,393.4723247706136
60,56,Shrink 0.2,1.3406111522296098,0.32877963009593497,1.8493706764666826,0.2631881709310788,41.69517504413832
60,56,Shrink 0.5,1.5997491353734794,0.35915294392471897,1.267146684928984,0.281122733190514,12.031695208905553
60,56,Equal weight,3.0691715827142136,0.4974667664886608,1.0,,
60,56,Oracle,1.0,0.28395759457307596,1.7902126983646487,0.28395759457307596,53.32272967272869
60,57,Sample,2.7830571646863698,0.47371218073681737,3.1846356071349957,0.1758663196203767,389.02760861901277
60,57,Shrink 0.2,1.6310374592321535,0.36264814161359443,2.0139275714587934,0.25984484848683115,44.744247183770845
60,57,Shrink 0.5,1.7006527362620119,0.3703064781392153,1.458020219690663,0.2786116055722824,12.946120141149033
60,57,Equal weight,3.0691715827142136,0.4974667664886608,1.0,,
60,57,Oracle,1.0,0.28395759457307596,1.7902126983646487,0.28395759457307596,53.32272967272869
60,58,Sample,3.140812675945609,0.5032392495996034,3.3768441662371416,0.15870803756367793,472.18552597281337
60,58,Shrink 0.2,1.5442366009975637,0.35286648345787897,1.9941525245435172,0.25510209417408036,43.08759273742206
60,58,Shrink 0.5,1.646160745913736,0.3643255332663676,1.3935806165193438,0.27481924923546325,12.27739418446365
60,58,Equal weight,3.0691715827142136,0.4974667664886608,1.0,,
60,58,Oracle,1.0,0.28395759457307596,1.7902126983646487,0.28395759457307596,53.32272967272869
60,59,Sample,6.239194957730713,0.7092800862267987,4.870989985088309,0.17896849796153128,1168.1348006516125
60,59,Shrink 0.2,1.486086761153162,0.3461589550688277,2.0582376416661594,0.301505610032356,51.02310614875808
60,59,Shrink 0.5,1.603457739307785,0.35956900446076345,1.4088140650187684,0.3116413758025711,13.921123636913785
60,59,Equal weight,3.0691715827142136,0.4974667664886608,1.0,,
60,59,Oracle,1.0,0.28395759457307596,1.7902126983646487,0.28395759457307596,53.32272967272869
60,60,Sample,2.640278286436999,0.4614007972793258,3.0533139347252254,0.12585843136097663,309.0192400471707
60,60,Shrink 0.2,1.594790828278362,0.3585959276553455,1.5844616317553162,0.2180161553318917,32.56269699951155
60,60,Shrink 0.5,1.8550032191664088,0.3867459926737809,1.1654732556205816,0.23586645441557003,9.547576125438027
60,60,Equal weight,3.0691715827142136,0.4974667664886608,1.0,,
60,60,Oracle,1.0,0.28395759457307596,1.7902126983646487,0.28395759457307596,53.32272967272869
60,61,Sample,3.976749278180924,0.566262228852953,3.701329438961234,0.20879077669788385,595.3003984438797
60,61,Shrink 0.2,1.5156803331937159,0.34958862763958043,1.7607880511087433,0.28383993705706884,46.44707809201177
60,61,Shrink 0.5,1.673438924096956,0.3673317110576155,1.346974925389982,0.29246194556492344,13.053056543079492
60,61,Equal weight,3.0691715827142136,0.4974667664886608,1.0,,
60,61,Oracle,1.0,0.28395759457307596,1.7902126983646487,0.28395759457307596,53.32272967272869
60,62,Sample,3.095504280254457,0.49959627661147543,3.6535125542684774,0.13335435610037194,548.5246126825624
60,62,Shrink 0.2,1.503178325561878,0.3481438607124616,1.9012377722378115,0.24005428385037617,44.05372525913777
60,62,Shrink 0.5,1.5950416753691263,0.35862412859765536,1.4067166853886088,0.26620287336401993,12.437987236943124
60,62,Equal weight,3.0691715827142136,0.4974667664886608,1.0,,
60,62,Oracle,1.0,0.28395759457307596,1.7902126983646487,0.28395759457307596,53.32272967272869
60,63,Sample,2.9072000727338496,0.4841622771881265,3.26229991739769,0.14664669790694618,408.9292047059065
60,63,Shrink 0.2,1.549374298326147,0.3534529919591476,1.841899243322589,0.23888388545707792,43.99590822525306
60,63,Shrink 0.5,1.6395236786635539,0.36359033917863415,1.3519976170194261,0.26254503729840967,12.671622460920933
60,63,Equal weight,3.0691715827142136,0.4974667664886608,1.0,,
60,63,Oracle,1.0,0.28395759457307596,1.7902126983646487,0.28395759457307596,53.32272967272869
60,64,Sample,2.417763598784698,0.4415301917583992,3.02116253715383,0.13611863233040947,397.39073519549123
60,64,Shrink 0.2,1.4660229909922564,0.3438142550183188,1.8236832957994737,0.21803483381039307,37.9481561113142
60,64,Shrink 0.5,1.679599821797278,0.3680072702153979,1.2681279970991328,0.24170057279611562,10.931323868731042
60,64,Equal weight,3.0691715827142136,0.4974667664886608,1.0,,
60,64,Oracle,1.0,0.28395759457307596,1.7902126983646487,0.28395759457307596,53.32272967272869
60,65,Sample,3.42202786328516,0.5252853144386145,3.3099156339871794,0.19270395880672125,282.79560307202036
60,65,Shrink 0.2,1.5003110685554284,0.34781166646199774,1.819739381840978,0.2498654913977304,33.13100431894127
60,65,Shrink 0.5,1.7217862838582416,0.37260022299536527,1.2890148001125683,0.2542281943087246,9.78392399576473
60,65,Equal weight,3.0691715827142136,0.4974667664886608,1.0,,
60,65,Oracle,1.0,0.28395759457307596,1.7902126983646487,0.28395759457307596,53.32272967272869
60,66,Sample,5.688127345022736,0.677233049641386,4.645500070694454,0.16180075114202577,828.9897791161923
60,66,Shrink 0.2,1.7202405892231123,0.3724329387379197,2.0999287285416584,0.2913333740794696,50.72559348607406
60,66,Shrink 0.5,1.6881239557743943,0.36893992489574295,1.4455569290961465,0.3095682232253705,14.017741593606408
60,66,Equal weight,3.0691715827142136,0.4974667664886608,1.0,,
60,66,Oracle,1.0,0.28395759457307596,1.7902126983646487,0.28395759457307596,53.32272967272869
60,67,Sample,3.5347220957149257,0.5338646021167358,3.3810634183786465,0.16711552673709001,681.2460844634868
60,67,Shrink 0.2,1.5044412216250465,0.348290076632178,1.855225275867149,0.2513180338856526,49.31362929448399
60,67,Shrink 0.5,1.5409006129280771,0.35248513165770445,1.4036533231887067,0.2763723909811728,13.757997988803162
60,67,Equal weight,3.0691715827142136,0.4974667664886608,1.0,,
60,67,Oracle,1.0,0.28395759457307596,1.7902126983646487,0.28395759457307596,53.32272967272869
60,68,Sample,1.7217381091507076,0.37259501037621,2.165124561814374,0.1422638392029262,540.9714403777316
60,68,Shrink 0.2,1.4336292210921042,0.3399945150086639,1.6302860234442251,0.20740538209507148,42.03913662551833
60,68,Shrink 0.5,1.6382140498700428,0.3634450947059251,1.2887021927170275,0.2357243137273417,11.879961728469395
60,68,Equal weight,3.0691715827142136,0.4974667664886608,1.0,,
60,68,Oracle,1.0,0.28395759457307596,1.7902126983646487,0.28395759457307596,53.32272967272869
60,69,Sample,5.382395764233164,0.6587813601900537,4.682574880126941,0.15760642381851542,1316.974196729184
60,69,Shrink 0.2,1.4495104687883622,0.3418724991257788,1.8927902473265859,0.2669156179664065,57.56336278137332
60,69,Shrink 0.5,1.5064782774026584,0.3485257941527566,1.4358321776291225,0.2930688701003756,15.611877826114895
60,69,Equal weight,3.0691715827142136,0.4974667664886608,1.0,,
60,69,Oracle,1.0,0.28395759457307596,1.7902126983646487,0.28395759457307596,53.32272967272869
60,70,Sample,3.2152129079986147,0.5091647823277062,3.3225860055604604,0.22526314639837422,488.7775996389757
60,70,Shrink 0.2,1.4498303185141928,0.3419102159260184,1.9255335909761113,0.28898940609540424,47.357543782091746
60,70,Shrink 0.5,1.614083206914419,0.36075839668021276,1.3498651821449612,0.3003838381482507,13.47886321155884
60,70,Equal weight,3.0691715827142136,0.4974667664886608,1.0,,
60,70,Oracle,1.0,0.28395759457307596,1.7902126983646487,0.28395759457307596,53.32272967272869
60,71,Sample,3.053072158568879,0.49616031315810144,3.3719065059571602,0.2070080853027698,500.7959177055244
60,71,Shrink 0.2,1.387775624359508,0.3345130892777466,1.9816907675807507,0.28128496171216993,45.461847210755025
60,71,Shrink 0.5,1.5430515375690614,0.3527310607441338,1.338149462576392,0.2920536589555475,12.910103982809378
60,71,Equal weight,3.0691715827142136,0.4974667664886608,1.0,,
60,71,Oracle,1.0,0.28395759457307596,1.7902126983646487,0.28395759457307596,53.32272967272869
60,72,Sample,2.9866364790696944,0.4907323305596821,3.4046304969612695,0.15895720795830542,1064.191153872789
60,72,Shrink 0.2,1.475020078173719,0.34486764755091903,2.071005001209187,0.2854361041638494,61.009660174998
60,72,Shrink 0.5,1.5061119659830875,0.3484834182545482,1.5206767084489419,0.3203417945918961,16.665573600507006
60,72,Equal weight,3.0691715827142136,0.4974667664886608,1.0,,
60,72,Oracle,1.0,0.28395759457307596,1.7902126983646487,0.28395759457307596,53.32272967272869
60,73,Sample,2.7648463547320685,0.4721597798295858,3.072978272633722,0.1731205433614686,486.7492100155481
60,73,Shrink 0.2,1.41426790782971,0.3376908800378383,1.8995628577488441,0.2614396812060949,45.60754961456576
60,73,Shrink 0.5,1.5495693869136562,0.35347524367539435,1.376370024642907,0.28213886825340645,12.976780395817501
60,73,Equal weight,3.0691715827142136,0.4974667664886608,1.0,,
60,73,Oracle,1.0,0.28395759457307596,1.7902126983646487,0.28395759457307596,53.32272967272869
60,74,Sample,4.575026826549434,0.607365768347641,4.376422592468401,0.10134106041669808,806.7551317605725
60,74,Shrink 0.2,1.3902655168441032,0.3348130399172093,1.9244478593519054,0.23486089492372064,39.054328307617524
60,74,Shrink 0.5,1.6532946940376703,0.3651141165337842,1.333070668169022,0.25535405855317694,10.862938363737475
60,74,Equal weight,3.0691715827142136,0.4974667664886608,1.0,,
60,74,Oracle,1.0,0.28395759457307596,1.7902126983646487,0.28395759457307596,53.32272967272869
60,75,Sample,2.5996183040708565,0.45783425326965194,3.1390775310726777,0.1494941922086205,508.0574827203153
60,75,Shrink 0.2,1.5504870536774604,0.35357989354649405,2.014282906070365,0.23935620851667722,43.47293284656933
60,75,Shrink 0.5,1.635953901204518,0.3631942961412628,1.390421909915372,0.26283734700566436,12.33001487970065
60,75,Equal weight,3.0691715827142136,0.4974667664886608,1.0,,
60,75,Oracle,1.0,0.28395759457307596,1.7902126983646487,0.28395759457307596,53.32272967272869
60,76,Sample,3.0551415186450543,0.49632843241142155,3.1894575391756086,0.16766274686780994,400.15922928152946
60,76,Shrink 0.2,1.6320339957505527,0.36275891066127314,1.8504116922467688,0.25007107385936034,40.5997281656835
60,76,Shrink 0.5,1.7455715020739535,0.37516499554447824,1.2700001405272163,0.2670603282634543,11.695759504159106
60,76,Equal weight,3.0691715827142136,0.4974667664886608,1.0,,
60,76,Oracle,1.0,0.28395759457307596,1.7902126983646487,0.28395759457307596,53.32272967272869
60,77,Sample,3.0782875773007867,0.49820500184766325,3.1677297920306353,0.14043657374037347,299.93547223439043
60,77,Shrink 0.2,1.8216878274164015,0.38325732738757684,1.7834946113704393,0.23744410821409018,36.15778734080719
60,77,Shrink 0.5,1.9263046091908316,0.3941086531729941,1.257078925060125,0.2555913831029868,10.639744248307087
60,77,Equal weight,3.0691715827142136,0.4974667664886608,1.0,,
60,77,Oracle,1.0,0.28395759457307596,1.7902126983646487,0.28395759457307596,53.32272967272869
60,78,Sample,2.1663931526223483,0.4179478791142449,2.5679419714114458,0.17926787435974176,366.0705685425122
60,78,Shrink 0.2,1.561970175767125,0.35488680906810366,1.8957220344359194,0.23670663110969925,37.71876592872433
60,78,Shrink 0.5,1.7149759908833284,0.3718626079728982,1.375528458579828,0.25331452855246,10.92865924236351
60,78,Equal weight,3.0691715827142136,0.4974667664886608,1.0,,
60,78,Oracle,1.0,0.28395759457307596,1.7902126983646487,0.28395759457307596,53.32272967272869
60,79,Sample,2.42392734075665,0.44209264250398006,3.182434898623777,0.16558542280513466,479.7257756380308
60,79,Shrink 0.2,1.4862227257113534,0.346174790036929,1.6606874392620696,0.23264066718847054,39.97873349122168
60,79,Shrink 0.5,1.7842164835661172,0.3792951262073787,1.2846222602669066,0.24879636701885063,11.378458247703003
60,79,Equal weight,3.0691715827142136,0.4974667664886608,1.0,,
60,79,Oracle,1.0,0.28395759457307596,1.7902126983646487,0.28395759457307596,53.32272967272869
60,80,Sample,2.372712836195097,0.43739728045698334,2.90115153890303,0.2046257249435388,643.5650882516692
60,80,Shrink 0.2,1.4308427798506442,0.339663942951273,1.7718112194821871,0.27559280523056545,42.74925601362107
60,80,Shrink 0.5,1.685340759144406,0.36863566526659297,1.2786401073713352,0.2847374625407713,11.97197394393331
60,80,Equal weight,3.0691715827142136,0.4974667664886608,1.0,,
60,80,Oracle,1.0,0.28395759457307596,1.7902126983646487,0.28395759457307596,53.32272967272869
60,81,Sample,3.1889772693594747,0.5070831744049177,3.5578619647345566,0.19780654136278633,449.1660713041565
60,81,Shrink 0.2,1.5933133556587868,0.3584297809663134,1.9665300200085838,0.283232467743971,51.356469635631775
60,81,Shrink 0.5,1.6663899136306384,0.3665572407307294,1.3962336254067367,0.2998772656981766,14.747643518527937
60,81,Equal weight,3.0691715827142136,0.4974667664886608,1.0,,
60,81,Oracle,1.0,0.28395759457307596,1.7902126983646487,0.28395759457307596,53.32272967272869
60,82,Sample,2.8542862496420156,0.47973593542576876,3.1363308897153037,0.21924035159587976,460.3138043407116
60,82,Shrink 0.2,1.405325026606776,0.3366215216196001,1.8437939109684716,0.2827137638809392,41.42930064805272
60,82,Shrink 0.5,1.6094717158467755,0.36024267850590663,1.3503341959444686,0.28876121040380004,11.821730531015715
60,82,Equal weight,3.0691715827142136,0.4974667664886608,1.0,,
60,82,Oracle,1.0,0.28395759457307596,1.7902126983646487,0.28395759457307596,53.32272967272869
60,83,Sample,3.0023991267201287,0.4920256017019755,3.203800758282671,0.17852017344797783,704.6725128376818
60,83,Shrink 0.2,1.5746624307863644,0.3563257611862438,2.0029207887531735,0.26448842427319175,56.15075505362702
60,83,Shrink 0.5,1.554335188198071,0.35401839440615096,1.4871670052333945,0.28816435257590284,15.648768259226458
60,83,Equal weight,3.0691715827142136,0.4974667664886608,1.0,,
60,83,Oracle,1.0,0.28395759457307596,1.7902126983646487,0.28395759457307596,53.32272967272869
60,84,Sample,3.3467269166983686,0.519473774122846,3.6101000304683035,0.13159515657537196,531.6823411311483
60,84,Shrink 0.2,1.562070171231064,0.354898168600996,2.0830579184240294,0.2438737871348203,48.5363525788895
60,84,Shrink 0.5,1.5688536569198828,0.3556679287218682,1.486253967070787,0.2725935998484756,13.739984933704653
60,84,Equal weight,3.0691715827142136,0.4974667664886608,1.0,,
60,84,Oracle,1.0,0.28395759457307596,1.7902126983646487,0.28395759457307596,53.32272967272869
60,85,Sample,2.269819506363069,0.4278082452139241,2.4583791343824077,0.1558823968754954,289.06413942851765
60,85,Shrink 0.2,1.6891505299600813,0.3690520868726898,1.7524653836385937,0.2157750769483171,32.7108720437901
60,85,Shrink 0.5,1.8780835608553645,0.3891445425678821,1.3052778737600426,0.23321345294957188,9.6411485980971
60,85,Equal weight,3.0691715827142136,0.4974667664886608,1.0,,
60,85,Oracle,1.0,0.28395759457307596,1.7902126983646487,0.28395759457307596,53.32272967272869
60,86,Sample,2.975594269341213,0.48982432129754766,3.0794572406639587,0.1657899477871647,628.3747610402019
60,86,Shrink 0.2,1.7037317483510568,0.3706415443450786,1.9409910441457272,0.2463861202100138,50.41949950442916
60,86,Shrink 0.5,1.6925683540520668,0.36942526785335084,1.446250075785814,0.2745198367621102,14.130617610928438
60,86,Equal weight,3.0691715827142136,0.4974667664886608,1.0,,
60,86,Oracle,1.0,0.28395759457307596,1.7902126983646487,0.28395759457307596,53.32272967272869
60,87,Sample,2.9230717897578877,0.4854821084223022,3.2928717887534953,0.14449317823914345,980.0257436097916
60,87,Shrink 0.2,1.4366977090973096,0.3403581764870257,1.9385212783347594,0.24673911292631884,48.824925266378024
60,87,Shrink 0.5,1.5889487305981027,0.3579385139998328,1.4330006482718018,0.27520795949591864,13.410932261725891
60,87,Equal weight,3.0691715827142136,0.4974667664886608,1.0,,
60,87,Oracle,1.0,0.28395759457307596,1.7902126983646487,0.28395759457307596,53.32272967272869
60,88,Sample,3.035600930693235,0.49473863583019295,3.3537561236574986,0.18524470272023894,364.55707711246833
60,88,Shrink 0.2,1.5548742057728129,0.354079772929007,1.7244924459802378,0.24413479367657853,37.233334154552125
60,88,Shrink 0.5,1.7889364804976933,0.37979649176696284,1.225536493068354,0.24938701633349794,10.790121100137812
60,88,Equal weight,3.0691715827142136,0.4974667664886608,1.0,,
60,88,Oracle,1.0,0.28395759457307596,1.7902126983646487,0.28395759457307596,53.32272967272869
60,89,Sample,2.5775187310979257,0.4558840560560248,3.059325155281811,0.1839121102106541,345.59697089864693
60,89,Shrink 0.2,1.580883935845896,0.35702899035694124,1.7917016433386863,0.24378759014592857,40.43579696852159
60,89,Shrink 0.5,1.7842663592368624,0.3793004275446327,1.332975522978114,0.25433508499534524,11.784593729664504
60,89,Equal weight,3.0691715827142136,0.4974667664886608,1.0,,
60,89,Oracle,1.0,0.28395759457307596,1.7902126983646487,0.28395759457307596,53.32272967272869
60,90,Sample,2.596630486319149,0.4575710764443571,2.819306446355194,0.1305070040624107,696.8929273088893
60,90,Shrink 0.2,1.6881206456940125,0.3689395631861061,1.9005215227842243,0.2227754622081576,47.73056344595804
60,90,Shrink 0.5,1.728837034249091,0.3733623463688236,1.5237128805830757,0.2587676471836984,13.302229856743216
60,90,Equal weight,3.0691715827142136,0.4974667664886608,1.0,,
60,90,Oracle,1.0,0.28395759457307596,1.7902126983646487,0.28395759457307596,53.32272967272869
60,91,Sample,2.6439427002844322,0.46172087286342,3.3171104706954657,0.14158024734555177,640.2821779987783
60,91,Shrink 0.2,1.3584771648573921,0.33096316409356813,1.9256902017157258,0.24557381575529902,51.39632488263712
60,91,Shrink 0.5,1.4419568683141593,0.34098056305782315,1.4756454750565153,0.28009037958046884,14.39080602643414
60,91,Equal weight,3.0691715827142136,0.4974667664886608,1.0,,
60,91,Oracle,1.0,0.28395759457307596,1.7902126983646487,0.28395759457307596,53.32272967272869
60,92,Sample,4.144876330192594,0.5781083964787463,4.007824308198003,0.1496720153875412,769.5550208711302
60,92,Shrink 0.2,1.2844274834205178,0.32181648237658916,1.845819729755695,0.25944916680104785,49.10996109314051
60,92,Shrink 0.5,1.5173737189727678,0.3497838611399864,1.3487172785852535,0.2846499968110579,13.619978779225072
60,92,Equal weight,3.0691715827142136,0.4974667664886608,1.0,,
60,92,Oracle,1.0,0.28395759457307596,1.7902126983646487,0.28395759457307596,53.32272967272869
60,93,Sample,2.2620815864687303,0.4270784136078868,3.106458147233557,0.16954710100686843,646.502956393514
60,93,Shrink 0.2,1.474005006010778,0.3447489624559011,1.7067698797586683,0.24538914757011898,42.30232130427276
60,93,Shrink 0.5,1.7084197020317302,0.3711511189254676,1.2843986533449363,0.2641629492493386,11.846067197395719
60,93,Equal weight,3.0691715827142136,0.4974667664886608,1.0,,
60,93,Oracle,1.0,0.28395759457307596,1.7902126983646487,0.28395759457307596,53.32272967272869
60,94,Sample,3.2117298359187774,0.5088889159621615,3.7291820870333754,0.16757920639280255,556.4053470798301
60,94,Shrink 0.2,1.413553109741383,0.3376055315329725,1.8927067249844538,0.258328305851214,43.01102997179523
60,94,Shrink 0.5,1.633891060367273,0.36296524067937436,1.2824661093018457,0.2736478586264666,12.134415429040772
60,94,Equal weight,3.0691715827142136,0.4974667664886608,1.0,,
60,94,Oracle,1.0,0.28395759457307596,1.7902126983646487,0.28395759457307596,53.32272967272869
60,95,Sample,2.4761803543698835,0.44683236804785786,3.0830301914247613,0.16361915620872797,532.7610438220337
60,95,Shrink 0.2,1.4535655896187265,0.3423503728911444,1.7001352243693082,0.23946335595680174,40.797027302773316
60,95,Shrink 0.5,1.7265691135314234,0.3731173741523303,1.333779027580484,0.26459707626109075,11.540919070789451
60,95,Equal weight,3.0691715827142136,0.4974667664886608,1.0,,
60,95,Oracle,1.0,0.28395759457307596,1.7902126983646487,0.28395759457307596,53.32272967272869
60,96,Sample,3.541260519225799,0.5343581373998112,3.60978858255708,0.14978718732707283,452.1080250340536
60,96,Shrink 0.2,1.6719859493675124,0.36717220729908806,1.9914505592862815,0.24219465666792978,36.90469058419455
60,96,Shrink 0.5,1.791907243961837,0.3801117118784302,1.3830317284818765,0.25938151996614417,10.546014003472736
60,96,Equal weight,3.0691715827142136,0.4974667664886608,1.0,,
60,96,Oracle,1.0,0.28395759457307596,1.7902126983646487,0.28395759457307596,53.32272967272869
60,97,Sample,2.428781284071568,0.442535069009721,2.94920809029683,0.1921510940968256,563.4375833541231
60,97,Shrink 0.2,1.3104977441352579,0.3250660600380566,1.9670323588787983,0.2763828524141027,51.38436509586956
60,97,Shrink 0.5,1.4718913699835874,0.3445016989694606,1.3992691740837615,0.2948148228270116,14.503334526742734
60,97,Equal weight,3.0691715827142136,0.4974667664886608,1.0,,
60,97,Oracle,1.0,0.28395759457307596,1.7902126983646487,0.28395759457307596,53.32272967272869
60,98,Sample,2.0532213485242896,0.40688471378180124,2.636171918491753,0.12620942165766044,569.102678039461
60,98,Shrink 0.2,1.4291727643901335,0.33946566482589047,1.8950907863545714,0.2306174111403126,48.40327157956969
60,98,Shrink 0.5,1.548969018339776,0.35340676142831784,1.3968418792243167,0.26645750648252103,13.641965161507818
60,98,Equal weight,3.0691715827142136,0.4974667664886608,1.0,,
60,98,Oracle,1.0,0.28395759457307596,1.7902126983646487,0.28395759457307596,53.32272967272869
60,99,Sample,3.6220876813778706,0.5404219350798202,3.6291515100530383,0.16642830625663482,796.886683249424
60,99,Shrink 0.2,1.3427925361033493,0.329047009295381,1.7672175387478417,0.24871956644916654,43.37633141780773
60,99,Shrink 0.5,1.5822456610125775,0.3571827241957432,1.2893936612160872,0.2699193220274553,12.034734366596748
60,99,Equal weight,3.0691715827142136,0.4974667664886608,1.0,,
60,99,Oracle,1.0,0.28395759457307596,1.7902126983646487,0.28395759457307596,53.32272967272869
90,0,Sample,2.1170543296280115,0.41316116207694387,2.7459002346907013,0.22360003525598077,262.6186224191419
90,0,Shrink 0.2,1.331468375347943,0.3276565969928244,2.000368348648969,0.2850469310884192,46.3158062346633
90,0,Shrink 0.5,1.442849658974585,0.3410861061437929,1.4809469904855137,0.30019958766398597,14.020435282898298
90,0,Equal weight,3.0691715827142136,0.4974667664886608,1.0,,
90,0,Oracle,1.0,0.28395759457307596,1.7902126983646487,0.28395759457307596,53.32272967272869
90,1,Sample,1.9308637892312266,0.3945747659514854,2.5169513717822642,0.21639878033412804,168.38106361138622
90,1,Shrink 0.2,1.4329319758181502,0.3399118268227121,1.7874895813916782,0.26554369016193075,35.06403117457101
90,1,Shrink 0.5,1.6622229781193267,0.3660986516500959,1.3076659084600308,0.27208025941656205,11.0499745327794
90,1,Equal weight,3.0691715827142136,0.4974667664886608,1.0,,
90,1,Oracle,1.0,0.28395759457307596,1.7902126983646487,0.28395759457307596,53.32272967272869
90,2,Sample,1.9832147792191563,0.39988799247731976,2.6625585383734904,0.23367543955915346,246.51023165828173
90,2,Shrink 0.2,1.3804501155856943,0.3336290411423769,1.8065259804718092,0.2839558864454248,43.90324296174735
90,2,Shrink 0.5,1.5536287364496784,0.35393793385312167,1.3892585044695256,0.295426539611593,13.343607202255553
90,2,Equal weight,3.0691715827142136,0.4974667664886608,1.0,,
90,2,Oracle,1.0,0.28395759457307596,1.7902126983646487,0.28395759457307596,53.32272967272869
90,3,Sample,1.577781732702646,0.3566785154358722,2.354481492071317,0.23461050315401302,204.73779712391385
90,3,Shrink 0.2,1.2449015841309665,0.31682613427090145,1.779181998258395,0.28364157382143895,40.911981258090535
90,3,Shrink 0.5,1.4922996196480343,0.34688179089657095,1.318987827338372,0.2912513547883638,12.696491413437194
90,3,Equal weight,3.0691715827142136,0.4974667664886608,1.0,,
90,3,Oracle,1.0,0.28395759457307596,1.7902126983646487,0.28395759457307596,53.32272967272869
90,4,Sample,1.6595593881774577,0.36580521098100416,2.4839192003752326,0.19925018127233696,183.18739775486983
90,4,Shrink 0.2,1.2088744665688764,0.3122080457923877,1.8154508482101057,0.26124993773539895,39.763276407947195
90,4,Shrink 0.5,1.4475169286517235,0.341637326266658,1.3604358230722025,0.27836251268379086,12.530848061775377
90,4,Equal weight,3.0691715827142136,0.4974667664886608,1.0,,
90,4,Oracle,1.0,0.28395759457307596,1.7902126983646487,0.28395759457307596,53.32272967272869
90,5,Sample,1.460762586834656,0.343196861131024,2.1945087125074103,0.2109951617751526,156.42552239986583
90,5,Shrink 0.2,1.3560118302774289,0.3306627153721092,1.7635331667970369,0.26103787145245383,36.184376229678556
90,5,Shrink 0.5,1.5986352981181875,0.35902789069698376,1.3814286020620303,0.27545157989603,11.594906645099744
90,5,Equal weight,3.0691715827142136,0.4974667664886608,1.0,,
90,5,Oracle,1.0,0.28395759457307596,1.7902126983646487,0.28395759457307596,53.32272967272869
90,6,Sample,1.8445990844146893,0.38565989879025964,2.387214743659171,0.20670323775975075,201.9042521823116
90,6,Shrink 0.2,1.367751795689758,0.33209102251723244,1.6413506536161853,0.2690978776125687,39.06762411081392
90,6,Shrink 0.5,1.5923121649733172,0.3583171499674464,1.2656074849754657,0.2799245316170806,12.093401122164524
90,6,Equal weight,3.0691715827142136,0.4974667664886608,1.0,,
90,6,Oracle,1.0,0.28395759457307596,1.7902126983646487,0.28395759457307596,53.32272967272869
90,7,Sample,1.625278665514584,0.3620073646312822,2.3252900780608567,0.19535619650667418,160.35423049083127
90,7,Shrink 0.2,1.2738542137107918,0.3204891657127927,1.6701089544180794,0.2497604154603861,34.980219793024254
90,7,Shrink 0.5,1.5269412223845003,0.35088487519525335,1.2704672561742405,0.26336922269774854,11.112290974195535
90,7,Equal weight,3.0691715827142136,0.4974667664886608,1.0,,
90,7,Oracle,1.0,0.28395759457307596,1.7902126983646487,0.28395759457307596,53.32272967272869
90,8,Sample,1.9579959563339933,0.39733734348945654,2.744040489688877,0.2153898125356073,220.4949983879412
90,8,Shrink 0.2,1.3738977014815363,0.33283630119491364,1.9750349602658321,0.29216770590709334,40.98995257711789
90,8,Shrink 0.5,1.5824201711040757,0.35720242097002464,1.3999858252927728,0.30478720176066487,12.579785231958867
90,8,Equal weight,3.0691715827142136,0.4974667664886608,1.0,,
90,8,Oracle,1.0,0.28395759457307596,1.7902126983646487,0.28395759457307596,53.32272967272869
90,9,Sample,2.5975854840435457,0.4576552122441948,3.058605542756453,0.25999215935357406,242.5130939463478
90,9,Shrink 0.2,1.3279767602772994,0.32722669503194346,1.8315513780445003,0.3120101720793364,41.16616428177766
90,9,Shrink 0.5,1.509708021741144,0.34889919699312555,1.2700809820183117,0.30845494795179507,12.472544569152065
90,9,Equal weight,3.0691715827142136,0.4974667664886608,1.0,,
90,9,Oracle,1.0,0.28395759457307596,1.7902126983646487,0.28395759457307596,53.32272967272869
90,10,Sample,1.3774941466804287,0.3332716484469468,2.0606964335776947,0.21900231868620865,206.0619648101367
90,10,Shrink 0.2,1.339329519736037,0.3286224348444212,1.7062748110664365,0.2556024571866346,38.40977809749487
90,10,Shrink 0.5,1.5822271044464833,0.357180629671351,1.375713892456801,0.2663315980351145,11.834917914536573
90,10,Equal weight,3.0691715827142136,0.4974667664886608,1.0,,
90,10,Oracle,1.0,0.28395759457307596,1.7902126983646487,0.28395759457307596,53.32272967272869
90,11,Sample,1.531689634566723,0.35143003458825106,2.2420162868498754,0.2176739849507499,191.77602836003481
90,11,Shrink 0.2,1.394304822024891,0.33529907338476544,1.6679357580020422,0.25839696181721483,36.85323792326499
90,11,Shrink 0.5,1.6763628821905185,0.3676524857667729,1.256264074755709,0.265372645644147,11.433981799383082
90,11,Equal weight,3.0691715827142136,0.4974667664886608,1.0,,
90,11,Oracle,1.0,0.28395759457307596,1.7902126983646487,0.28395759457307596,53.32272967272869
90,12,Sample,2.2072796426523738,0.42187342374927,2.9943541658229154,0.19965093183837143,281.08161140502756
90,12,Shrink 0.2,1.3262056020493158,0.3270084067129235,1.893276503074072,0.2730455654008828,45.40993512700012
90,12,Shrink 0.5,1.506559720503637,0.34853521501140616,1.4167745985118945,0.28855638392910893,13.601001447791278
90,12,Equal weight,3.0691715827142136,0.4974667664886608,1.0,,
90,12,Oracle,1.0,0.28395759457307596,1.7902126983646487,0.28395759457307596,53.32272967272869
90,13,Sample,1.8029892931470046,0.38128530047825115,2.7753455049316846,0.1861326116147387,176.31854627878363
90,13,Shrink 0.2,1.3109748514952262,0.3251252273647899,1.8582809076613978,0.24901239496981145,35.062264127299464
90,13,Shrink 0.5,1.5304301022902056,0.3512855116719018,1.3280052146109216,0.2645443217571723,10.968072608767486
90,13,Equal weight,3.0691715827142136,0.4974667664886608,1.0,,
90,13,Oracle,1.0,0.28395759457307596,1.7902126983646487,0.28395759457307596,53.32272967272869
90,14,Sample,1.8623581632309512,0.38751194314196724,2.6507254406282676,0.20787883790263634,183.98014459203134
90,14,Shrink 0.2,1.3865194225973625,0.3343616559113584,1.905602586913606,0.26445000077495623,41.83397810368584
90,14,Shrink 0.5,1.5232829534486412,0.3504642954838888,1.4289071942814997,0.2805930148962458,13.260549116020474
90,14,Equal weight,3.0691715827142136,0.4974667664886608,1.0,,
90,14,Oracle,1.0,0.28395759457307596,1.7902126983646487,0.28395759457307596,53.32272967272869
90,15,Sample,1.6698913069830184,0.3669421409229285,2.649157790048551,0.1828229505439411,141.03299261917755
90,15,Shrink 0.2,1.3272448816534022,0.32713651151493117,1.8137539113933236,0.23996891218255145,31.4879959230808
90,15,Shrink 0.5,1.5922835123698078,0.3583139261129659,1.3008550027658128,0.2551223678970533,10.109487879685412
90,15,Equal weight,3.0691715827142136,0.4974667664886608,1.0,,
90,15,Oracle,1.0,0.28395759457307596,1.7902126983646487,0.28395759457307596,53.32272967272869
90,16,Sample,1.7385250759266617,0.3744070072048493,2.334835140098212,0.15733978231867987,235.26118744598824
90,16,Shrink 0.2,1.2917561613596398,0.32273328565499837,1.693287770843634,0.23378045504247197,40.32070824013382
90,16,Shrink 0.5,1.506106634035405,0.34848280140233506,1.3331780226733259,0.25818750400976637,12.245893297805354
90,16,Equal weight,3.0691715827142136,0.4974667664886608,1.0,,
90,16,Oracle,1.0,0.28395759457307596,1.7902126983646487,0.28395759457307596,53.32272967272869
90,17,Sample,1.788735786585798,0.3797751872146787,2.3955267953481454,0.20393815997576337,235.53365311496927
90,17,Shrink 0.2,1.2975073817293825,0.32345093226737837,1.8424051126775363,0.2642679841579805,44.048325930535
90,17,Shrink 0.5,1.429191740649416,0.33946791849572333,1.4015705892387453,0.28370955726932057,13.480111868321076
90,17,Equal weight,3.0691715827142136,0.4974667664886608,1.0,,
90,17,Oracle,1.0,0.28395759457307596,1.7902126983646487,0.28395759457307596,53.32272967272869
90,18,Sample,1.9171911146659937,0.39317526878639203,2.8525095877211353,0.230840169446615,166.43895116401353
90,18,Shrink 0.2,1.2977033628343355,0.32347535905619373,1.81256186306419,0.28377655844168825,36.81070521148012
90,18,Shrink 0.5,1.5387723992393223,0.3522416302673467,1.3583792366002876,0.28785503742663515,11.687772555936972
90,18,Equal weight,3.0691715827142136,0.4974667664886608,1.0,,
90,18,Oracle,1.0,0.28395759457307596,1.7902126983646487,0.28395759457307596,53.32272967272869
90,19,Sample,1.54621707298693,0.35309268527973986,2.0560658186917884,0.18749212400315496,128.68889105271984
90,19,Shrink 0.2,1.3968102916885234,0.3356001928350571,1.659478981469396,0.22956684080684378,33.00053429574896
90,19,Shrink 0.5,1.6178861854069375,0.36118314220876174,1.3255897469511182,0.24490999086772586,10.851895625730567
90,19,Equal weight,3.0691715827142136,0.4974667664886608,1.0,,
90,19,Oracle,1.0,0.28395759457307596,1.7902126983646487,0.28395759457307596,53.32272967272869
90,20,Sample,1.5653350911200172,0.35526886553847165,2.194842127892815,0.22430171262237827,173.52901523141256
90,20,Shrink 0.2,1.4196794307041194,0.3383363295833755,1.7747150695978455,0.26120680184785544,39.91818984251282
90,20,Shrink 0.5,1.5613388202932168,0.35481507838493576,1.382007256349827,0.2727964451877938,12.71079165387425
90,20,Equal weight,3.0691715827142136,0.4974667664886608,1.0,,
90,20,Oracle,1.0,0.28395759457307596,1.7902126983646487,0.28395759457307596,53.32272967272869
90,21,Sample,1.5864360623554816,0.3576553907757443,2.527714815920156,0.2214102651542646,273.58022839157906
90,21,Shrink 0.2,1.2822919742534153,0.3215488425332871,1.9555906564872445,0.2727306434862021,44.233981422690555
90,21,Shrink 0.5,1.454126608997403,0.3424164334342757,1.4132105901202388,0.28842994254225884,13.267849071399565
90,21,Equal weight,3.0691715827142136,0.4974667664886608,1.0,,
90,21,Oracle,1.0,0.28395759457307596,1.7902126983646487,0.28395759457307596,53.32272967272869
90,22,Sample,2.4941071280191647,0.4484469146215801,3.1818322722680383,0.21798490536724713,200.69893915044122
90,22,Shrink 0.2,1.4219373519270242,0.33860527525311374,2.1266957338229044,0.293448223432071,40.82784332328777
90,22,Shrink 0.5,1.5413282393975192,0.3525340386134445,1.4453751606896037,0.3034074151338281,12.708280446747132
90,22,Equal weight,3.0691715827142136,0.4974667664886608,1.0,,
90,22,Oracle,1.0,0.28395759457307596,1.7902126983646487,0.28395759457307596,53.32272967272869
90,23,Sample,2.0100556165838994,0.4025849409234109,2.636756633853893,0.24382248307999727,186.37413312839263
90,23,Shrink 0.2,1.3700318220135477,0.3323677031939993,1.8474858997759702,0.28871528925776535,40.48411026078431
90,23,Shrink 0.5,1.5214364242106218,0.35025181401314853,1.3419258000455305,0.29296961724216847,12.747694130851315
90,23,Equal weight,3.0691715827142136,0.4974667664886608,1.0,,
90,23,Oracle,1.0,0.28395759457307596,1.7902126983646487,0.28395759457307596,53.32272967272869
90,24,Sample,2.0142020809047785,0.40299996528426196,2.44728864849902,0.17531796600853955,336.6507452117446
90,24,Shrink 0.2,1.4133750453492133,0.3375842668855217,1.850943646308316,0.25129802956301356,48.41592811445589
90,24,Shrink 0.5,1.4985916283284615,0.34761230353363043,1.4594089893201918,0.2794099418937905,14.258735125137397
90,24,Equal weight,3.0691715827142136,0.4974667664886608,1.0,,
90,24,Oracle,1.0,0.28395759457307596,1.7902126983646487,0.28395759457307596,53.32272967272869
90,25,Sample,1.6047422713752821,0.3597130012246544,2.2164569799217793,0.22427988885873876,186.61665047649998
90,25,Shrink 0.2,1.5078815036834796,0.3486880755241485,1.8062911891050288,0.26398911451220053,37.992444817438795
90,25,Shrink 0.5,1.7060727551972683,0.37089609631371206,1.3524326959795503,0.2697752659139294,11.87336563555036
90,25,Equal weight,3.0691715827142136,0.4974667664886608,1.0,,
90,25,Oracle,1.0,0.28395759457307596,1.7902126983646487,0.28395759457307596,53.32272967272869
90,26,Sample,1.8514348514276517,0.3863738326066967,2.544595163540815,0.21038465346947513,323.26838591749714
90,26,Shrink 0.2,1.3591893884076673,0.3310499115480326,1.857176026632057,0.26853744685251973,45.94820968626446
90,26,Shrink 0.5,1.4887883457193491,0.34647345657761736,1.3837147615730188,0.2842828727656352,13.549838946248457
90,26,Equal weight,3.0691715827142136,0.4974667664886608,1.0,,
90,26,Oracle,1.0,0.28395759457307596,1.7902126983646487,0.28395759457307596,53.32272967272869
90,27,Sample,1.7218767774285164,0.37261001442004893,2.4687460505933796,0.20251682495631765,198.63366840477568
90,27,Shrink 0.2,1.2550581222662536,0.3181159230247678,1.7790942123832016,0.26245597535760234,38.32369292325354
90,27,Shrink 0.5,1.48580926694261,0.34612663475179334,1.2608426523123166,0.2768204606249702,11.870636749196239
90,27,Equal weight,3.0691715827142136,0.4974667664886608,1.0,,
90,27,Oracle,1.0,0.28395759457307596,1.7902126983646487,0.28395759457307596,53.32272967272869
90,28,Sample,1.5456304182086198,0.3530256949565227,2.379908797211363,0.19819299782815436,157.9964881571485
90,28,Shrink 0.2,1.2824096161748937,0.32156359219907094,1.8769524623617195,0.26446751042040284,39.128853354952845
90,28,Shrink 0.5,1.5153042822707472,0.3495452572538709,1.4245950531101441,0.28719886470440886,12.655185268630667
90,28,Equal weight,3.0691715827142136,0.4974667664886608,1.0,,
90,28,Oracle,1.0,0.28395759457307596,1.7902126983646487,0.28395759457307596,53.32272967272869
90,29,Sample,1.7685084176212498,0.37762179666763057,2.2821105842290446,0.2168019776759797,160.06187109033488
90,29,Shrink 0.2,1.5042370378727812,0.3482664407510234,1.68482088714225,0.26203421843791047,35.77462177352369
90,29,Shrink 0.5,1.704238061601637,0.37069661369069745,1.3196360171589874,0.2703112421765297,11.398704264589986
90,29,Equal weight,3.0691715827142136,0.4974667664886608,1.0,,
90,29,Oracle,1.0,0.28395759457307596,1.7902126983646487,0.28395759457307596,53.32272967272869
90,30,Sample,1.7853534883207525,0.3794159612298724,2.411040577076081,0.2159009468644413,132.97164494680817
90,30,Shrink 0.2,1.4405511163832625,0.3408143129510584,1.686278329721663,0.26014092924238114,31.400042750894247
90,30,Shrink 0.5,1.7111963095383922,0.37145260298122035,1.2937479963465046,0.2636861283611916,10.187240946428567
90,30,Equal weight,3.0691715827142136,0.4974667664886608,1.0,,
90,30,Oracle,1.0,0.28395759457307596,1.7902126983646487,0.28395759457307596,53.32272967272869
90,31,Sample,1.626331343053672,0.3621245800186493,2.199195168786931,0.19137912738824533,147.81851512802976
90,31,Shrink 0.2,1.3726854570454678,0.33268943145546087,1.5995507433891114,0.23547233479074975,33.19807844908813
90,31,Shrink 0.5,1.6593210917379166,0.36577894701920205,1.258154765944876,0.24394539120026898,10.63413171976799
90,31,Equal weight,3.0691715827142136,0.4974667664886608,1.0,,
90,31,Oracle,1.0,0.28395759457307596,1.7902126983646487,0.28395759457307596,53.32272967272869
90,32,Sample,1.9433408326106472,0.39584756388454,2.5165497950137947,0.21868159235920298,162.83892924091157
90,32,Shrink 0.2,1.303798785282038,0.32423416461620647,1.6904498496777203,0.27688241916123607,36.264789744507375
90,32,Shrink 0.5,1.5601937877204544,0.3546849498916445,1.2813114288729126,0.2858915011822524,11.538447465052528
90,32,Equal weight,3.0691715827142136,0.4974667664886608,1.0,,
90,32,Oracle,1.0,0.28395759457307596,1.7902126983646487,0.28395759457307596,53.32272967272869
90,33,Sample,2.0522804702480517,0.40679147667031834,2.7333426829125056,0.19693246921938973,236.1657016492452
90,33,Shrink 0.2,1.2349562000932064,0.3155580516981608,1.9321665507733896,0.28303660554171234,39.94990422428434
90,33,Shrink 0.5,1.474014219882813,0.3447500399515158,1.2894798249240305,0.29686118456914795,12.118640409614935
90,33,Equal weight,3.0691715827142136,0.4974667664886608,1.0,,
90,33,Oracle,1.0,0.28395759457307596,1.7902126983646487,0.28395759457307596,53.32272967272869
90,34,Sample,1.6310910269072507,0.3626540967368857,2.182647876333312,0.17972679677145634,167.5618935025631
90,34,Shrink 0.2,1.4459153206191355,0.34144827130190303,1.7278395321852122,0.23193351389110178,36.63977981251311
90,34,Shrink 0.5,1.6225164459373569,0.3616996115448553,1.3132070104497262,0.2542086592902639,11.61314062595368
90,34,Equal weight,3.0691715827142136,0.4974667664886608,1.0,,
90,34,Oracle,1.0,0.28395759457307596,1.7902126983646487,0.28395759457307596,53.32272967272869
90,35,Sample,1.8129635972690097,0.3823384987260425,2.467466480480494,0.2458254796044493,158.95527496912038
90,35,Shrink 0.2,1.4457021730016215,0.3414231033107898,1.7976802651735122,0.2875560323042356,36.382793681486504
90,35,Shrink 0.5,1.6262727226513733,0.36211805364874794,1.3445254039882553,0.28806100268073503,11.63189833695895
90,35,Equal weight,3.0691715827142136,0.4974667664886608,1.0,,
90,35,Oracle,1.0,0.28395759457307596,1.7902126983646487,0.28395759457307596,53.32272967272869
90,36,Sample,1.8397715035935627,0.3851549044812994,2.2697760878398006,0.21485938591297832,193.85903219483484
90,36,Shrink 0.2,1.449228732030734,0.34183927317390966,1.7651527260584343,0.26834628901379043,39.327052555559604
90,36,Shrink 0.5,1.587454798952438,0.357770207303751,1.3180726240833134,0.27968954943405583,12.260053755426945
90,36,Equal weight,3.0691715827142136,0.4974667664886608,1.0,,
90,36,Oracle,1.0,0.28395759457307596,1.7902126983646487,0.28395759457307596,53.32272967272869
90,37,Sample,1.886060743501964,0.38997011491597705,2.6932303088950063,0.21527623390374653,142.50624016257754
90,37,Shrink 0.2,1.5159575920428638,0.349620600776078,1.8495049698945518,0.26929965915347104,32.676961306124284
90,37,Shrink 0.5,1.7755832588575013,0.37837637257014073,1.2933088058612736,0.2733394780207476,10.517078697268364
90,37,Equal weight,3.0691715827142136,0.4974667664886608,1.0,,
90,37,Oracle,1.0,0.28395759457307596,1.7902126983646487,0.28395759457307596,53.32272967272869
90,38,Sample,1.578286935939421,0.35673561481613186,1.9437172182584963,0.2303677942048149,99.83157464358324
90,38,Shrink 0.2,1.5507651836246863,0.35361160511323314,1.4282184553904482,0.25742280231720593,25.235237281176666
90,38,Shrink 0.5,1.948908165108657,0.39641417547427904,1.136705965888141,0.25084308598571914,8.42422139464441
90,38,Equal weight,3.0691715827142136,0.4974667664886608,1.0,,
90,38,Oracle,1.0,0.28395759457307596,1.7902126983646487,0.28395759457307596,53.32272967272869
90,39,Sample,1.8242062144118516,0.3835221523767842,2.7784893902592707,0.21760971113976882,198.92009829789063
90,39,Shrink 0.2,1.269114497246321,0.31989237709228113,1.8669007518394274,0.2860026486090569,42.63071165787507
90,39,Shrink 0.5,1.4527969184052256,0.342259840452191,1.4201823130348399,0.2990713700792123,13.357078040874399
90,39,Equal weight,3.0691715827142136,0.4974667664886608,1.0,,
90,39,Oracle,1.0,0.28395759457307596,1.7902126983646487,0.28395759457307596,53.32272967272869
90,40,Sample,1.814334932780317,0.382483072850519,2.524766892343334,0.2096464323184389,218.0170238642616
90,40,Shrink 0.2,1.405193759382538,0.3366057998456951,1.8449172345294753,0.26580213603330116,43.58828835273222
90,40,Shrink 0.5,1.543598542160164,0.3527935759642716,1.4262656472390538,0.28104468465593774,13.484591732503246
90,40,Equal weight,3.0691715827142136,0.4974667664886608,1.0,,
90,40,Oracle,1.0,0.28395759457307596,1.7902126983646487,0.28395759457307596,53.32272967272869
90,41,Sample,1.4421317563890141,0.34100124038441054,2.24195959633673,0.19724008212998986,201.87358955206383
90,41,Shrink 0.2,1.216272815378914,0.31316194994556484,1.7842635244915455,0.25446238900109686,38.67033453666846
90,41,Shrink 0.5,1.472468932852295,0.34456928271870013,1.3103636050415983,0.27200195162654806,11.958953995944535
90,41,Equal weight,3.0691715827142136,0.4974667664886608,1.0,,
90,41,Oracle,1.0,0.28395759457307596,1.7902126983646487,0.28395759457307596,53.32272967272869
90,42,Sample,1.8893741226853404,0.39031250894375125,2.511466408109084,0.21783217828939758,201.95049406379127
90,42,Shrink 0.2,1.4716560511640209,0.3444741592422664,1.892284681928609,0.2664739447696865,40.42528928049632
90,42,Shrink 0.5,1.6074223211182124,0.3600132508596011,1.406225664999076,0.279128103596422,12.556863060776147
90,42,Equal weight,3.0691715827142136,0.4974667664886608,1.0,,
90,42,Oracle,1.0,0.28395759457307596,1.7902126983646487,0.28395759457307596,53.32272967272869
90,43,Sample,1.5855739872760461,0.3575582019559573,2.3308532904052783,0.2003760609510656,208.08426108548773
90,43,Shrink 0.2,1.324919718613702,0.32684983527054334,1.7230526250559572,0.25395472056305834,40.18396571094468
90,43,Shrink 0.5,1.525687235797356,0.3507407650961548,1.3273763914788757,0.2720944789380161,12.416083492333811
90,43,Equal weight,3.0691715827142136,0.4974667664886608,1.0,,
90,43,Oracle,1.0,0.28395759457307596,1.7902126983646487,0.28395759457307596,53.32272967272869
90,44,Sample,2.0816417835576835,0.4096910597338331,2.8203604600368792,0.2192864574861725,197.93127639912305
90,44,Shrink 0.2,1.3357687618052594,0.32818530428772924,1.92660163205818,0.28320339667321665,40.191841054099555
90,44,Shrink 0.5,1.493358105309699,0.3470047904309944,1.3434119954301216,0.2933900991783722,12.516979918394972
90,44,Equal weight,3.0691715827142136,0.4974667664886608,1.0,,
90,44,Oracle,1.0,0.28395759457307596,1.7902126983646487,0.28395759457307596,53.32272967272869
90,45,Sample,2.0008913555947494,0.40166615832114244,2.3597835003252463,0.21136737826216034,250.3056053837346
90,45,Shrink 0.2,1.435687594815867,0.34023850583402643,1.7935544737334006,0.26009944397146295,41.34309745190922
90,45,Shrink 0.5,1.5580968173837102,0.3544465135173529,1.353703918059592,0.27283474352432824,12.478930841109214
90,45,Equal weight,3.0691715827142136,0.4974667664886608,1.0,,
90,45,Oracle,1.0,0.28395759457307596,1.7902126983646487,0.28395759457307596,53.32272967272869
90,46,Sample,1.7834809303901156,0.3792169348844097,2.4763558119594204,0.20399958955917388,194.54402748089953
90,46,Shrink 0.2,1.325798506860942,0.32695821322623014,1.6824810445724325,0.2662925956350183,38.61796124048421
90,46,Shrink 0.5,1.5349799807865674,0.3518072997098203,1.282923320576077,0.2802044181954093,12.009355856547609
90,46,Equal weight,3.0691715827142136,0.4974667664886608,1.0,,
90,46,Oracle,1.0,0.28395759457307596,1.7902126983646487,0.28395759457307596,53.32272967272869
90,47,Sample,1.7804208272858109,0.3788914643115505,2.231086519831616,0.20041082810681984,168.65187908200582
90,47,Shrink 0.2,1.4246592632150905,0.3389292040386275,1.6625710506535483,0.25419528488273685,37.285681528394555
90,47,Shrink 0.5,1.6105829185366365,0.36036701544192373,1.3152825679892959,0.2697188918479562,11.82929698863064
90,47,Equal weight,3.0691715827142136,0.4974667664886608,1.0,,
90,47,Oracle,1.0,0.28395759457307596,1.7902126983646487,0.28395759457307596,53.32272967272869
90,48,Sample,1.6746698073237214,0.36746678002353594,2.3437278304289797,0.18033232834928953,177.50689624094278
90,48,Shrink 0.2,1.3740880575275807,0.3328593579362519,1.649157824017764,0.2420092377174375,33.57710936600447
90,48,Shrink 0.5,1.6694896580325225,0.3668980090718113,1.2395500140827316,0.2593786462908507,10.452769761106975
90,48,Equal weight,3.0691715827142136,0.4974667664886608,1.0,,
90,48,Oracle,1.0,0.28395759457307596,1.7902126983646487,0.28395759457307596,53.32272967272869
90,49,Sample,1.584655584200945,0.35745463374646047,2.387073212224484,0.2082753029083482,150.72310335813168
90,49,Shrink 0.2,1.2489763694537375,0.31734422494025893,1.6974909130258875,0.2593017818324286,35.71931036300385
90,49,Shrink 0.5,1.5073416830905286,0.34862565488542263,1.2335053097538544,0.26980269506248616,11.507217668312196
90,49,Equal weight,3.0691715827142136,0.4974667664886608,1.0,,
90,49,Oracle,1.0,0.28395759457307596,1.7902126983646487,0.28395759457307596,53.32272967272869
90,50,Sample,1.5722498536337006,0.35605268903324866,2.4508130967736075,0.19838159564617527,190.49137226882286
90,50,Shrink 0.2,1.2985201447803028,0.32357714166701496,1.737675726756094,0.25568624497826015,39.43634344058696
90,50,Shrink 0.5,1.501974317983145,0.3480044055962642,1.3102882324279372,0.2732815529259822,12.333201999835318
90,50,Equal weight,3.0691715827142136,0.4974667664886608,1.0,,
90,50,Oracle,1.0,0.28395759457307596,1.7902126983646487,0.28395759457307596,53.32272967272869
90,51,Sample,2.048439145742424,0.40641059550485625,2.5879543213272926,0.1905479317515578,211.9159875154473
90,51,Shrink 0.2,1.3674994719970495,0.3320603889262733,1.878770810835503,0.2566141519261856,38.57188902855828
90,51,Shrink 0.5,1.4991034074009255,0.3476716544311464,1.3604598102268037,0.27530737288053714,11.841412808323302
90,51,Equal weight,3.0691715827142136,0.4974667664886608,1.0,,
90,51,Oracle,1.0,0.28395759457307596,1.7902126983646487,0.28395759457307596,53.32272967272869
90,52,Sample,2.024519814569954,0.40403082883403907,2.631766592496387,0.21498864446887267,179.22144824396793
90,52,Shrink 0.2,1.4513561078569444,0.34209008034720334,1.8263490012157222,0.2708835194000462,39.12537950332884
90,52,Shrink 0.5,1.5818391426443388,0.35713683667352064,1.2892807330982774,0.28301556118362164,12.352799907626984
90,52,Equal weight,3.0691715827142136,0.4974667664886608,1.0,,
90,52,Oracle,1.0,0.28395759457307596,1.7902126983646487,0.28395759457307596,53.32272967272869
90,53,Sample,1.7590137333717772,0.3766067534448066,2.488920147999572,0.240268967056003,163.7420272264687
90,53,Shrink 0.2,1.3955582275826497,0.33544974750880713,1.8354519194909007,0.28096474358904283,38.289056853215754
90,53,Shrink 0.5,1.5797134229793817,0.35689679076833125,1.3730041163146245,0.28443664004689734,12.25669846591511
90,53,Equal weight,3.0691715827142136,0.4974667664886608,1.0,,
90,53,Oracle,1.0,0.28395759457307596,1.7902126983646487,0.28395759457307596,53.32272967272869
90,54,Sample,2.3025643757863246,0.430883019180295,2.9667665398324883,0.19964823021419092,158.02207708006122
90,54,Shrink 0.2,1.5212145288915866,0.35022627168001463,1.7155142608712308,0.2580970253879469,30.56930339412339
90,54,Shrink 0.5,1.769797551368307,0.37775940311509193,1.1789683897539347,0.25869178710292695,9.608087080630103
90,54,Equal weight,3.0691715827142136,0.4974667664886608,1.0,,
90,54,Oracle,1.0,0.28395759457307596,1.7902126983646487,0.28395759457307596,53.32272967272869
90,55,Sample,1.9930957016366557,0.4008829308278493,2.547432562600556,0.22916738290482172,275.6547370980872
90,55,Shrink 0.2,1.3718133564461563,0.3325837318034556,1.8767767841025313,0.2874371921107931,42.509658847060265
90,55,Shrink 0.5,1.5393989258763427,0.35231333232828804,1.3662590281167786,0.2983885286385149,12.704077412894849
90,55,Equal weight,3.0691715827142136,0.4974667664886608,1.0,,
90,55,Oracle,1.0,0.28395759457307596,1.7902126983646487,0.28395759457307596,53.32272967272869
90,56,Sample,1.9049692847231545,0.39192004596072016,2.6176369649725997,0.26181747878450734,266.7726105849944
90,56,Shrink 0.2,1.320836784098393,0.32634582881582336,1.7196030546613865,0.29980131929677356,44.06813520415804
90,56,Shrink 0.5,1.512816815309718,0.3492582391910389,1.3044884042039506,0.29913313654475776,13.256667597629448
90,56,Equal weight,3.0691715827142136,0.4974667664886608,1.0,,
90,56,Oracle,1.0,0.28395759457307596,1.7902126983646487,0.28395759457307596,53.32272967272869
90,57,Sample,1.7049454414492091,0.3707735384218474,2.343531005790595,0.19449866202098182,194.8726589850872
90,57,Shrink 0.2,1.310800771402955,0.3251036404867121,1.7180261145720344,0.2561542720853849,40.30401685638557
90,57,Shrink 0.5,1.5159421031527396,0.34961881469415484,1.312659862074448,0.27260035058980914,12.587929452478761
90,57,Equal weight,3.0691715827142136,0.4974667664886608,1.0,,
90,57,Oracle,1.0,0.28395759457307596,1.7902126983646487,0.28395759457307596,53.32272967272869
90,58,Sample,1.892823210465887,0.3906686078922816,2.566546251990638,0.21091914762313266,197.78160690986954
90,58,Shrink 0.2,1.333996057883974,0.32796746399241183,1.8058987062251657,0.2601290387191414,41.39194504103492
90,58,Shrink 0.5,1.445539983087254,0.3414039510475786,1.3954288149008511,0.275291366507322,12.93540773251067
90,58,Equal weight,3.0691715827142136,0.4974667664886608,1.0,,
90,58,Oracle,1.0,0.28395759457307596,1.7902126983646487,0.28395759457307596,53.32272967272869
90,59,Sample,2.04042307417277,0.4056146212022435,2.8259596604156534,0.1935504962684172,190.75011459181678
90,59,Shrink 0.2,1.326294661034637,0.32701938636341593,1.920590268969292,0.2739785616116651,43.47831535925546
90,59,Shrink 0.5,1.4085761199563158,0.33701066852814726,1.4229231890956915,0.29965566863343784,13.762358061425216
90,59,Equal weight,3.0691715827142136,0.4974667664886608,1.0,,
90,59,Oracle,1.0,0.28395759457307596,1.7902126983646487,0.28395759457307596,53.32272967272869
90,60,Sample,1.7393315691285065,0.3744938399170369,2.4401771192648596,0.2076914726730791,221.81641584170228
90,60,Shrink 0.2,1.365140217449306,0.3317738245861089,1.6133971637062596,0.262811830872567,39.4804899814017
90,60,Shrink 0.5,1.6276905138144315,0.3622758672553778,1.2509970950196254,0.2734768560757517,12.066496667224609
90,60,Equal weight,3.0691715827142136,0.4974667664886608,1.0,,
90,60,Oracle,1.0,0.28395759457307596,1.7902126983646487,0.28395759457307596,53.32272967272869
90,61,Sample,1.8513964118323598,0.38636982162817485,2.4921071923678717,0.19998135900025968,201.14142039772693
90,61,Shrink 0.2,1.427489759163495,0.3392657272116312,1.8787983904098264,0.2552188756999097,41.46162158167429
90,61,Shrink 0.5,1.5175166648220773,0.34980033663740534,1.4059266756192579,0.2759633301259696,12.923255507360938
90,61,Equal weight,3.0691715827142136,0.4974667664886608,1.0,,
90,61,Oracle,1.0,0.28395759457307596,1.7902126983646487,0.28395759457307596,53.32272967272869
90,62,Sample,1.6939113605933256,0.3695718031972838,2.50518890737836,0.21814076104347876,347.97433452202955
90,62,Shrink 0.2,1.2980883329816681,0.32352333578418924,1.965333084024102,0.27476532151666105,47.80935674962143
90,62,Shrink 0.5,1.4136640296497736,0.3376187770346064,1.4207873258606822,0.29452118246484127,14.01967577585008
90,62,Equal weight,3.0691715827142136,0.4974667664886608,1.0,,
90,62,Oracle,1.0,0.28395759457307596,1.7902126983646487,0.28395759457307596,53.32272967272869
90,63,Sample,1.7738465583503062,0.37819128206605407,2.4288378855135955,0.2189454589196063,215.9867363722738
90,63,Shrink 0.2,1.3547199245950363,0.33050516260327845,1.8502771722389746,0.2673047630496785,40.77338019252958
90,63,Shrink 0.5,1.5555264242561377,0.3541540275404226,1.3689462201264755,0.2781260410561467,12.545287242347705
90,63,Equal weight,3.0691715827142136,0.4974667664886608,1.0,,
90,63,Oracle,1.0,0.28395759457307596,1.7902126983646487,0.28395759457307596,53.32272967272869
90,64,Sample,1.7095013405031285,0.371268592344506,2.439541339803446,0.22984639947751276,183.4618412382467
90,64,Shrink 0.2,1.3351359889742243,0.3281075620356482,1.7768683942060464,0.28186030644274745,37.475253246348515
90,64,Shrink 0.5,1.607523758266328,0.3600246100838873,1.3464104547183124,0.28484978188177307,11.727127828930305
90,64,Equal weight,3.0691715827142136,0.4974667664886608,1.0,,
90,64,Oracle,1.0,0.28395759457307596,1.7902126983646487,0.28395759457307596,53.32272967272869
90,65,Sample,1.8024620493330905,0.3812295472312326,2.4517442321897387,0.20421043927198623,194.4856293958694
90,65,Shrink 0.2,1.3421683022454325,0.32897051715091574,1.8457015215529968,0.26039677820637813,38.953099550622674
90,65,Shrink 0.5,1.5650401979181405,0.3552353994427537,1.3522817558096434,0.2749111762751128,12.12492962018044
90,65,Equal weight,3.0691715827142136,0.4974667664886608,1.0,,
90,65,Oracle,1.0,0.28395759457307596,1.7902126983646487,0.28395759457307596,53.32272967272869
90,66,Sample,1.797903368614431,0.3807471503814053,2.4890838524067815,0.23636946243592288,180.43504047645672
90,66,Shrink 0.2,1.4170029477589319,0.33801725099354746,1.8228566119628649,0.2781038270421885,40.48721240415898
90,66,Shrink 0.5,1.5678299602254016,0.3555518708935741,1.343397772346659,0.28642674591868406,12.823199504217666
90,66,Equal weight,3.0691715827142136,0.4974667664886608,1.0,,
90,66,Oracle,1.0,0.28395759457307596,1.7902126983646487,0.28395759457307596,53.32272967272869
90,67,Sample,2.099937702831811,0.4114875446997457,2.506480599406143,0.18742394377761867,180.04661435835942
90,67,Shrink 0.2,1.4746428721688913,0.3448235483324647,1.8625534221650537,0.2526038566224461,37.493061474526186
90,67,Shrink 0.5,1.5988133737520323,0.3590478866081639,1.3927053517246595,0.26945896513150547,11.769541416852627
90,67,Equal weight,3.0691715827142136,0.4974667664886608,1.0,,
90,67,Oracle,1.0,0.28395759457307596,1.7902126983646487,0.28395759457307596,53.32272967272869
90,68,Sample,1.8473930129501561,0.38595185884322675,2.547667770394638,0.21248775390124477,206.24355253085363
90,68,Shrink 0.2,1.3030984687915028,0.32414707409487775,1.8116660828304783,0.27360850339285286,44.18550330118725
90,68,Shrink 0.5,1.4401258757064588,0.34076400623008307,1.3628646713928263,0.2895319743044418,13.819379822862803
90,68,Equal weight,3.0691715827142136,0.4974667664886608,1.0,,
90,68,Oracle,1.0,0.28395759457307596,1.7902126983646487,0.28395759457307596,53.32272967272869
90,69,Sample,1.692053509757905,0.3693690778163345,2.3462263421711427,0.20371298098661408,225.12327611339674
90,69,Shrink 0.2,1.2866895859482874,0.3220997454037313,1.7861264507672159,0.26850017321347186,42.16673415076949
90,69,Shrink 0.5,1.4628003547025998,0.34343615799265526,1.3863024669030528,0.28666388876401055,12.935974186661351
90,69,Equal weight,3.0691715827142136,0.4974667664886608,1.0,,
90,69,Oracle,1.0,0.28395759457307596,1.7902126983646487,0.28395759457307596,53.32272967272869
90,70,Sample,2.16324419094651,0.41764401449594246,2.6905608789879816,0.21504370397548872,208.25498878994583
90,70,Shrink 0.2,1.4635818755607302,0.3435278884465752,1.8727274480905693,0.27581317038435443,40.05772879170147
90,70,Shrink 0.5,1.6269608407402547,0.36219465630785475,1.3669624727184249,0.2872223068875764,12.371701745173487
90,70,Equal weight,3.0691715827142136,0.4974667664886608,1.0,,
90,70,Oracle,1.0,0.28395759457307596,1.7902126983646487,0.28395759457307596,53.32272967272869
90,71,Sample,1.756740469988278,0.3763633206878083,2.544841428136287,0.20304266970332202,215.58706562934032
90,71,Shrink 0.2,1.332456901977501,0.3277782060305378,1.7453117535455158,0.26161005388628394,42.18946953569264
90,71,Shrink 0.5,1.5176838176215606,0.34981960116901434,1.4269694432864881,0.27996794395287744,13.029082391761666
90,71,Equal weight,3.0691715827142136,0.4974667664886608,1.0,,
90,71,Oracle,1.0,0.28395759457307596,1.7902126983646487,0.28395759457307596,53.32272967272869
90,72,Sample,1.6011212975063944,0.3593069400818295,2.137798773076467,0.2070496731959646,189.81529713691577
90,72,Shrink 0.2,1.429552177241951,0.33951072204084676,1.6967790671165615,0.2511540448039098,38.51857102310826
90,72,Shrink 0.5,1.5967366967123549,0.3588146296211628,1.3889921903349847,0.26744739752755864,12.022280665351852
90,72,Equal weight,3.0691715827142136,0.4974667664886608,1.0,,
90,72,Oracle,1.0,0.28395759457307596,1.7902126983646487,0.28395759457307596,53.32272967272869
90,73,Sample,1.7113421975168894,0.37146843673276075,2.2878030713160404,0.22973114405187203,177.4459586399524
90,73,Shrink 0.2,1.3514524250380895,0.33010634310657544,1.6733414351445415,0.26499391358753366,34.05668830977466
90,73,Shrink 0.5,1.5820684250006494,0.3571627186378111,1.2381610462722537,0.26737891719866663,10.615210452333221
90,73,Equal weight,3.0691715827142136,0.4974667664886608,1.0,,
90,73,Oracle,1.0,0.28395759457307596,1.7902126983646487,0.28395759457307596,53.32272967272869
90,74,Sample,2.1064752576360237,0.41212757128063865,2.655564376136283,0.1987075895854835,148.6750895285501
90,74,Shrink 0.2,1.46940689846701,0.3442108262321494,1.7070902961814916,0.2486763722129849,33.136204096511
90,74,Shrink 0.5,1.677663150627272,0.3677950426871292,1.2653443221601937,0.2584006470286455,10.601044033503635
90,74,Equal weight,3.0691715827142136,0.4974667664886608,1.0,,
90,74,Oracle,1.0,0.28395759457307596,1.7902126983646487,0.28395759457307596,53.32272967272869
90,75,Sample,1.937848632074831,0.3952878029786976,2.685925661957715,0.24524503031192554,279.75186990018017
90,75,Shrink 0.2,1.4592398876225188,0.34301794025379845,1.943688094377685,0.3028000185145226,48.32316080599385
90,75,Shrink 0.5,1.570267904601786,0.3558282015536563,1.5033286758934346,0.3122453769176939,14.556941869126538
90,75,Equal weight,3.0691715827142136,0.4974667664886608,1.0,,
90,75,Oracle,1.0,0.28395759457307596,1.7902126983646487,0.28395759457307596,53.32272967272869
90,76,Sample,1.832695606640603,0.3844135238524912,2.6553741468859715,0.21670269635880343,157.45386864646824
90,76,Shrink 0.2,1.3944609374560213,0.3353178439912435,1.7307920960902483,0.2665330248224006,34.38991852071197
90,76,Shrink 0.5,1.632752301152457,0.36283873222774105,1.2685991326507597,0.27348214476550836,10.938218342304893
90,76,Equal weight,3.0691715827142136,0.4974667664886608,1.0,,
90,76,Oracle,1.0,0.28395759457307596,1.7902126983646487,0.28395759457307596,53.32272967272869
90,77,Sample,1.9754510422874187,0.39910449953260957,2.6556050240142435,0.19390787411416413,226.07815697985362
90,77,Shrink 0.2,1.3075672544863757,0.32470240589634847,1.8251204047000709,0.261147843893307,39.87394375805998
90,77,Shrink 0.5,1.5304273935105392,0.3512852007934531,1.3203103975390398,0.2768706461778096,12.164703800347782
90,77,Equal weight,3.0691715827142136,0.4974667664886608,1.0,,
90,77,Oracle,1.0,0.28395759457307596,1.7902126983646487,0.28395759457307596,53.32272967272869
90,78,Sample,1.4167108285460575,0.337982407585871,2.1027756650022766,0.2399396752415995,162.42521896568437
90,78,Shrink 0.2,1.2755247406928905,0.32069924092484103,1.6593510737859183,0.2743303573591333,34.36917860908305
90,78,Shrink 0.5,1.5666497890373818,0.3554180263188606,1.2532243987967515,0.27405901407198663,10.872970522928096
90,78,Equal weight,3.0691715827142136,0.4974667664886608,1.0,,
90,78,Oracle,1.0,0.28395759457307596,1.7902126983646487,0.28395759457307596,53.32272967272869
90,79,Sample,2.194385202778201,0.42063937319201844,2.7742674184462066,0.196421536305341,202.09277428047278
90,79,Shrink 0.2,1.3755839109666832,0.3330404865686144,1.8186092450093403,0.2579164396827594,39.1224838729057
90,79,Shrink 0.5,1.5280545532452465,0.35101277133559294,1.3625643758947001,0.27284250883063016,12.110312379400208
90,79,Equal weight,3.0691715827142136,0.4974667664886608,1.0,,
90,79,Oracle,1.0,0.28395759457307596,1.7902126983646487,0.28395759457307596,53.32272967272869
90,80,Sample,1.735203704355444,0.37404919260996317,2.2711187894684977,0.199400979999812,171.12016835358446
90,80,Shrink 0.2,1.2767510619624851,0.32085336800908654,1.6752958630883654,0.2527008048915776,38.03137378566311
90,80,Shrink 0.5,1.4908081664269655,0.3467084050401656,1.275585542366035,0.2665952488588118,12.06415934837008
90,80,Equal weight,3.0691715827142136,0.4974667664886608,1.0,,
90,80,Oracle,1.0,0.28395759457307596,1.7902126983646487,0.28395759457307596,53.32272967272869
90,81,Sample,1.595311993100908,0.3586545160024325,2.3821031760409204,0.2141629364678778,184.0566709771511
90,81,Shrink 0.2,1.3878993089132459,0.334527995570818,1.6981003632197285,0.25952928266264835,36.08829647899124
90,81,Shrink 0.5,1.6450080414231507,0.3641979536168808,1.2798089952995284,0.26811167864709384,11.244877439647679
90,81,Equal weight,3.0691715827142136,0.4974667664886608,1.0,,
90,81,Oracle,1.0,0.28395759457307596,1.7902126983646487,0.28395759457307596,53.32272967272869
90,82,Sample,1.3151426967707074,0.3256416355706708,1.9702246488148747,0.18957671000804563,235.231046747663
90,82,Shrink 0.2,1.2933151516149692,0.32292797655240146,1.5989203894257877,0.23333482522096594,36.159440882808745
90,82,Shrink 0.5,1.5933972970812043,0.3584392225206946,1.2268899055107787,0.24830992420698722,10.90495352040521
90,82,Equal weight,3.0691715827142136,0.4974667664886608,1.0,,
90,82,Oracle,1.0,0.28395759457307596,1.7902126983646487,0.28395759457307596,53.32272967272869
90,83,Sample,1.833910268997481,0.3845408923290601,2.4792375160457594,0.163001104268553,187.6488979625934
90,83,Shrink 0.2,1.3739528562139922,0.33284298193718753,1.6526257593397107,0.23014605197940188,33.7261290809586
90,83,Shrink 0.5,1.640250271008321,0.36367089693374127,1.258768631737957,0.24780514146339613,10.420317480995884
90,83,Equal weight,3.0691715827142136,0.4974667664886608,1.0,,
90,83,Oracle,1.0,0.28395759457307596,1.7902126983646487,0.28395759457307596,53.32272967272869
90,84,Sample,1.9185571148445686,0.39331531268976155,2.5455802035826425,0.18895364538193576,210.86971040619886
90,84,Shrink 0.2,1.4192438441193136,0.3382844213605537,1.847409322090726,0.2582342263321996,41.279354162098294
90,84,Shrink 0.5,1.5425508965910335,0.35267383454494855,1.3631765426140172,0.27967887218413373,12.763062490667677
90,84,Equal weight,3.0691715827142136,0.4974667664886608,1.0,,
90,84,Oracle,1.0,0.28395759457307596,1.7902126983646487,0.28395759457307596,53.32272967272869
90,85,Sample,1.7377476353944092,0.374323283439298,2.458945538803888,0.25115586157412484,154.36301313624494
90,85,Shrink 0.2,1.411411197161618,0.3373496530418954,1.7503080498630856,0.2891283265044005,36.19868896079739
90,85,Shrink 0.5,1.6293875141950787,0.36246466915681397,1.3218179278953512,0.2892893922604148,11.629346015151315
90,85,Equal weight,3.0691715827142136,0.4974667664886608,1.0,,
90,85,Oracle,1.0,0.28395759457307596,1.7902126983646487,0.28395759457307596,53.32272967272869
90,86,Sample,1.7268346038450126,0.373146059723087,2.1998354855177844,0.22811392529381475,154.6734585328041
90,86,Shrink 0.2,1.4253775636225727,0.3390146358020972,1.7186473788672676,0.2725266398175041,35.03638634028049
90,86,Shrink 0.5,1.684825398375337,0.3685792983613593,1.3158887261871195,0.2760147959961713,11.20414666853493
90,86,Equal weight,3.0691715827142136,0.4974667664886608,1.0,,
90,86,Oracle,1.0,0.28395759457307596,1.7902126983646487,0.28395759457307596,53.32272967272869
90,87,Sample,1.3216101128732807,0.3264413499634035,1.9104560626684854,0.22566072600932507,146.38059021404806
90,87,Shrink 0.2,1.3564001095641478,0.33071005282558275,1.5636522885614683,0.25312801784495126,30.329453929349903
90,87,Shrink 0.5,1.691240044958399,0.3692802789506916,1.1987292317120488,0.2544329322211556,9.639593890097725
90,87,Equal weight,3.0691715827142136,0.4974667664886608,1.0,,
90,87,Oracle,1.0,0.28395759457307596,1.7902126983646487,0.28395759457307596,53.32272967272869
90,88,Sample,1.9921795869321102,0.4007907884990205,2.5030327393290017,0.19000933656302663,226.98333034585684
90,88,Shrink 0.2,1.4148939399194715,0.33776561196679195,1.8457290918298763,0.2585375354466661,42.48873205417591
90,88,Shrink 0.5,1.5411492838100587,0.3525135725745839,1.3801228100201417,0.28170157473608715,13.028424981711067
90,88,Equal weight,3.0691715827142136,0.4974667664886608,1.0,,
90,88,Oracle,1.0,0.28395759457307596,1.7902126983646487,0.28395759457307596,53.32272967272869
90,89,Sample,1.7497893327681768,0.3756179783371459,2.1754429340388706,0.19830106686468515,129.26681106656758
90,89,Shrink 0.2,1.5420935333837027,0.3526215471311194,1.6762604439552442,0.2409008215344191,30.12154149320301
90,89,Shrink 0.5,1.7470663883199469,0.37532560454008584,1.2740638412523748,0.2529740363075246,9.774499115245801
90,89,Equal weight,3.0691715827142136,0.4974667664886608,1.0,,
90,89,Oracle,1.0,0.28395759457307596,1.7902126983646487,0.28395759457307596,53.32272967272869
90,90,Sample,1.9357717049156111,0.39507591747471915,2.5031056348309884,0.19681487225958064,189.7442300456158
90,90,Shrink 0.2,1.4356095029245013,0.3402292523481539,1.8093838173110859,0.2506920325932821,38.00685175118101
90,90,Shrink 0.5,1.597717697811657,0.35892483673874115,1.3570477927031228,0.2685066570671585,11.846743848800834
90,90,Equal weight,3.0691715827142136,0.4974667664886608,1.0,,
90,90,Oracle,1.0,0.28395759457307596,1.7902126983646487,0.28395759457307596,53.32272967272869
90,91,Sample,1.6884593193281299,0.3689765699713307,2.3449274358486827,0.23530841658686402,123.92128324357651
90,91,Shrink 0.2,1.4112433072354404,0.3373295882681265,1.5267776964266213,0.26632588512559713,30.386801056339213
90,91,Shrink 0.5,1.7438901453649707,0.37498427016313346,1.2615880415125034,0.2611084663797215,9.951776754827188
90,91,Equal weight,3.0691715827142136,0.4974667664886608,1.0,,
90,91,Oracle,1.0,0.28395759457307596,1.7902126983646487,0.28395759457307596,53.32272967272869
90,92,Sample,1.6707985381630748,0.3670418049391184,2.2397454976045204,0.21824183798190014,220.08563962481057
90,92,Shrink 0.2,1.265796766581027,0.31947397068156,1.7396145438043222,0.2707722431495945,43.21693585403428
90,92,Shrink 0.5,1.4564223695218492,0.3426866286485384,1.353698193381908,0.2832469826868401,13.337236448205545
90,92,Equal weight,3.0691715827142136,0.4974667664886608,1.0,,
90,92,Oracle,1.0,0.28395759457307596,1.7902126983646487,0.28395759457307596,53.32272967272869
90,93,Sample,1.7105810698867432,0.37138582136359277,2.473599153890725,0.21081288475312748,224.81073262633706
90,93,Shrink 0.2,1.2669849749153883,0.319623881237109,1.788046777870371,0.27294973388279087,42.58026372156342
90,93,Shrink 0.5,1.4542675191253407,0.34243302372782464,1.3500457755332484,0.2884848061990981,13.07797981493336
90,93,Equal weight,3.0691715827142136,0.4974667664886608,1.0,,
90,93,Oracle,1.0,0.28395759457307596,1.7902126983646487,0.28395759457307596,53.32272967272869
90,94,Sample,1.7083919028425947,0.37114809925117065,2.475702785215772,0.20357669644914275,213.69370945213674
90,94,Shrink 0.2,1.3132864099577917,0.32541173742763113,1.8358721752034275,0.26052750930705426,39.09147004135589
90,94,Shrink 0.5,1.5734123914163776,0.3561842992273577,1.3610482364588035,0.2735030547769082,12.00042275203104
90,94,Equal weight,3.0691715827142136,0.4974667664886608,1.0,,
90,94,Oracle,1.0,0.28395759457307596,1.7902126983646487,0.28395759457307596,53.32272967272869
90,95,Sample,1.712758710264581,0.3716221409239227,2.432258471699359,0.20502855450094434,174.89845402963593
90,95,Shrink 0.2,1.2146542952266854,0.3129535149403717,1.6742164962367636,0.26998336137604806,38.81062146137922
90,95,Shrink 0.5,1.441774775729817,0.3409590325968112,1.2671876355829097,0.28432386605981574,12.294466425441291
90,95,Equal weight,3.0691715827142136,0.4974667664886608,1.0,,
90,95,Oracle,1.0,0.28395759457307596,1.7902126983646487,0.28395759457307596,53.32272967272869
90,96,Sample,1.5590475540774735,0.3545546370665264,2.3682959466028013,0.1997446892901718,182.53158056389478
90,96,Shrink 0.2,1.3312947615510387,0.32763523427725805,1.723849593815846,0.2594525254165461,37.37672959269887
90,96,Shrink 0.5,1.5727404384348576,0.35610823377176704,1.2602461151356081,0.27548640962364307,11.70270113605019
90,96,Equal weight,3.0691715827142136,0.4974667664886608,1.0,,
90,96,Oracle,1.0,0.28395759457307596,1.7902126983646487,0.28395759457307596,53.32272967272869
90,97,Sample,2.0972239426889208,0.4112215750230692,2.6742715619509796,0.20984623831937826,261.2851567074625
90,97,Shrink 0.2,1.3591139265116927,0.331040721511326,1.9598240668996185,0.27538010990209594,46.31948656535345
90,97,Shrink 0.5,1.431922089336973,0.3397920259990258,1.391614733522297,0.29515304339999143,14.031619590911875
90,97,Equal weight,3.0691715827142136,0.4974667664886608,1.0,,
90,97,Oracle,1.0,0.28395759457307596,1.7902126983646487,0.28395759457307596,53.32272967272869
90,98,Sample,2.140631715312842,0.41545545563801617,2.9641367064908706,0.25624799007688454,164.95829678114185
90,98,Shrink 0.2,1.4496102903784773,0.3418842705719677,1.6892116481402226,0.3004316644999308,34.791286152643444
90,98,Shrink 0.5,1.7550809184032723,0.37618550787604493,1.197643963221733,0.2936102594830413,10.992368127262033
90,98,Equal weight,3.0691715827142136,0.4974667664886608,1.0,,
90,98,Oracle,1.0,0.28395759457307596,1.7902126983646487,0.28395759457307596,53.32272967272869
90,99,Sample,1.7676166264640385,0.37752657454706867,2.4265471744944804,0.22051138445285887,179.67742961917514
90,99,Shrink 0.2,1.3024949312138585,0.3240720001069191,1.712556156137295,0.26776062372558385,37.24664647675279
90,99,Shrink 0.5,1.531488779463436,0.3514069917901182,1.2785657166701208,0.2731542331059102,11.687756797001526
90,99,Equal weight,3.0691715827142136,0.4974667664886608,1.0,,
90,99,Oracle,1.0,0.28395759457307596,1.7902126983646487,0.28395759457307596,53.32272967272869
180,0,Sample,1.3290889776036727,0.3273636970634096,2.042568325563523,0.22847321939193307,85.87279873427627
180,0,Shrink 0.2,1.2258921140136962,0.3143978838487129,1.5835628986638008,0.2686811706418485,30.34702852661593
180,0,Shrink 0.5,1.4947534986856479,0.34716687316456196,1.2247789592947358,0.2759631760958466,10.905600963766894
180,0,Equal weight,3.0691715827142136,0.4974667664886608,1.0,,
180,0,Oracle,1.0,0.28395759457307596,1.7902126983646487,0.28395759457307596,53.32272967272869
180,1,Sample,1.260433589846508,0.3187964471723118,2.1412259492758143,0.24897854422400806,103.41405809338724
180,1,Shrink 0.2,1.2016902608768314,0.311278954622848,1.6919099353795737,0.2810541178406845,32.581479429158236
180,1,Shrink 0.5,1.4894025722163928,0.34654492114567087,1.2954944496998229,0.282518275591788,11.270772735964536
180,1,Equal weight,3.0691715827142136,0.4974667664886608,1.0,,
180,1,Oracle,1.0,0.28395759457307596,1.7902126983646487,0.28395759457307596,53.32272967272869
180,2,Sample,1.285713272775406,0.3219775209356639,2.295296671348176,0.26973656260365736,90.42243320712292
180,2,Shrink 0.2,1.1743881773839806,0.30772255084977795,1.8249219253625748,0.30217932974980355,31.117147808413524
180,2,Shrink 0.5,1.4526809143815815,0.34224617566851684,1.3055850313536788,0.30153445589628974,11.073935328525213
180,2,Equal weight,3.0691715827142136,0.4974667664886608,1.0,,
180,2,Oracle,1.0,0.28395759457307596,1.7902126983646487,0.28395759457307596,53.32272967272869
180,3,Sample,1.3065551385255567,0.3245767144239281,2.0519479923985395,0.24703098613678715,100.49798296231229
180,3,Shrink 0.2,1.1957127261491545,0.3105037962987549,1.7256333306024194,0.28645002240836503,34.22378996042543
180,3,Shrink 0.5,1.420696579647492,0.3384575107507875,1.3161010412308876,0.29362027390122253,12.081033320729444
180,3,Equal weight,3.0691715827142136,0.4974667664886608,1.0,,
180,3,Oracle,1.0,0.28395759457307596,1.7902126983646487,0.28395759457307596,53.32272967272869
180,4,Sample,1.186004326536083,0.3092406840287102,1.616210605894662,0.28171933698035023,96.83938087841472
180,4,Shrink 0.2,1.229754362337975,0.31489275928343097,1.407100747533814,0.2958475895626368,30.48221500677517
180,4,Shrink 0.5,1.551298129185447,0.3536723620700194,1.1886475774815914,0.28511408350413187,10.581054614224794
180,4,Equal weight,3.0691715827142136,0.4974667664886608,1.0,,
180,4,Oracle,1.0,0.28395759457307596,1.7902126983646487,0.28395759457307596,53.32272967272869
180,5,Sample,1.2688181176935887,0.3198550222689862,2.217232485350747,0.2593640364720085,99.65127362918264
180,5,Shrink 0.2,1.1491489510065287,0.30439789935632794,1.797008576382098,0.29469396329752584,34.970132161322034
180,5,Shrink 0.5,1.3714438259025403,0.33253893411860747,1.3481993980154152,0.29975805805955563,12.449461932825786
180,5,Equal weight,3.0691715827142136,0.4974667664886608,1.0,,
180,5,Oracle,1.0,0.28395759457307596,1.7902126983646487,0.28395759457307596,53.32272967272869
180,6,Sample,1.3207131880095515,0.3263305597030305,2.110634380093587,0.24765208245646847,93.5850003811088
180,6,Shrink 0.2,1.2310911684457184,0.31506386509130696,1.7485098487697641,0.279747604397701,30.78785818484227
180,6,Shrink 0.5,1.487999162475789,0.34638161434496045,1.3212224922581108,0.28164329843105107,10.815445698195166
180,6,Equal weight,3.0691715827142136,0.4974667664886608,1.0,,
180,6,Oracle,1.0,0.28395759457307596,1.7902126983646487,0.28395759457307596,53.32272967272869
180,7,Sample,1.1989478226086474,0.31092355899858365,2.0566465599178927,0.26685758778370955,128.43015361064315
180,7,Shrink 0.2,1.1419129606334317,0.3034380156936652,1.7386608216061095,0.3022220794224209,38.50694391567928
180,7,Shrink 0.5,1.3759614498850181,0.33308618611408447,1.3485601172208088,0.30860074177383967,13.03302678618137
180,7,Equal weight,3.0691715827142136,0.4974667664886608,1.0,,
180,7,Oracle,1.0,0.28395759457307596,1.7902126983646487,0.28395759457307596,53.32272967272869
180,8,Sample,1.2708333966079293,0.32010893625429365,1.9236792469923438,0.2159689854142344,88.57871575314837
180,8,Shrink 0.2,1.219621924904115,0.3135928124335719,1.6526588864757001,0.2548650813020409,30.109163206880478
180,8,Shrink 0.5,1.4819614823479514,0.34567816396504153,1.2781522655033661,0.2656135451700937,10.693785284922757
180,8,Equal weight,3.0691715827142136,0.4974667664886608,1.0,,
180,8,Oracle,1.0,0.28395759457307596,1.7902126983646487,0.28395759457307596,53.32272967272869
180,9,Sample,1.2843644787188593,0.3218085892878875,1.9516498443046664,0.2663282658722496,81.85521569878352
180,9,Shrink 0.2,1.310147021490755,0.3250225591401686,1.627240199544563,0.28429365400774187,29.527575434291325
180,9,Shrink 0.5,1.5930089914372572,0.3583955446338068,1.2703506509099292,0.2761367909156759,10.698206095631809
180,9,Equal weight,3.0691715827142136,0.4974667664886608,1.0,,
180,9,Oracle,1.0,0.28395759457307596,1.7902126983646487,0.28395759457307596,53.32272967272869
180,10,Sample,1.3418385447531254,0.3289301022653302,2.0727809771715213,0.2514924838272605,98.21494742812845
180,10,Shrink 0.2,1.2007168466930995,0.3111528552670995,1.5797002536672222,0.29166973164914833,32.72590231811189
180,10,Shrink 0.5,1.4969955076238128,0.3474271366749389,1.257177557966095,0.2927737474023847,11.501941068378976
180,10,Equal weight,3.0691715827142136,0.4974667664886608,1.0,,
180,10,Oracle,1.0,0.28395759457307596,1.7902126983646487,0.28395759457307596,53.32272967272869
180,11,Sample,1.220052974212034,0.31364822387728686,2.03881523309215,0.2511750781684937,88.5519157215157
180,11,Shrink 0.2,1.2010899598794675,0.31120119564646537,1.7227884889794156,0.27834168604433573,30.896009615662816
180,11,Shrink 0.5,1.4660179143010217,0.3438136597205859,1.334864066863258,0.28031382730383436,11.047046641742009
180,11,Equal weight,3.0691715827142136,0.4974667664886608,1.0,,
180,11,Oracle,1.0,0.28395759457307596,1.7902126983646487,0.28395759457307596,53.32272967272869
180,12,Sample,1.235144082619953,0.31558205481231444,2.0095439506885127,0.24096358802972956,109.99802199022571
180,12,Shrink 0.2,1.1441365289308736,0.303733303967826,1.7009453941994284,0.2777123404503206,34.01090086143236
180,12,Shrink 0.5,1.4132274331146084,0.33756663785303986,1.2939395643939808,0.28380039473526697,11.678209464295195
180,12,Equal weight,3.0691715827142136,0.4974667664886608,1.0,,
180,12,Oracle,1.0,0.28395759457307596,1.7902126983646487,0.28395759457307596,53.32272967272869
180,13,Sample,1.3366244089197923,0.32829039951890115,1.9447326470045105,0.27055686531446693,109.40183040665342
180,13,Shrink 0.2,1.2484039898948271,0.31727150052076325,1.71789474064726,0.29691341573947444,34.51433794924027
180,13,Shrink 0.5,1.4737928597155243,0.34472415255137606,1.3687253510975728,0.29515192105703075,11.907850207043538
180,13,Equal weight,3.0691715827142136,0.4974667664886608,1.0,,
180,13,Oracle,1.0,0.28395759457307596,1.7902126983646487,0.28395759457307596,53.32272967272869
180,14,Sample,1.2006814544070128,0.3111482694681861,1.947827229981909,0.24328990642466308,92.68690096822745
180,14,Shrink 0.2,1.215065294769171,0.3130064571121819,1.624751278477635,0.27240624186446966,30.58022558131126
180,14,Shrink 0.5,1.5025795560051305,0.3480745147457148,1.2664595404125107,0.27669318291769185,10.75558142201714
180,14,Equal weight,3.0691715827142136,0.4974667664886608,1.0,,
180,14,Oracle,1.0,0.28395759457307596,1.7902126983646487,0.28395759457307596,53.32272967272869
180,15,Sample,1.3031382913431877,0.3241520270072258,2.0676997429229473,0.2579704649078843,86.13055288236224
180,15,Shrink 0.2,1.1804490589448777,0.30851558921951294,1.6674302455975225,0.29138311317925686,31.916237547865187
180,15,Shrink 0.5,1.4313120883151336,0.3397196423253521,1.323460625559806,0.29296447004991966,11.622267544055246
180,15,Equal weight,3.0691715827142136,0.4974667664886608,1.0,,
180,15,Oracle,1.0,0.28395759457307596,1.7902126983646487,0.28395759457307596,53.32272967272869
180,16,Sample,1.2071501158975009,0.3119852979866965,1.7695935271646748,0.26932508967895574,92.00956252139461
180,16,Shrink 0.2,1.233191510822654,0.315332512937319,1.5241747264852243,0.2903111785956635,31.843637086623364
180,16,Shrink 0.5,1.5151649904711282,0.34952919120447706,1.2300450216825096,0.2863111744788181,11.33882152122681
180,16,Equal weight,3.0691715827142136,0.4974667664886608,1.0,,
180,16,Oracle,1.0,0.28395759457307596,1.7902126983646487,0.28395759457307596,53.32272967272869
180,17,Sample,1.2567818722126431,0.31833430500332116,1.9586998791014025,0.22661087709773303,65.04383497985407
180,17,Shrink 0.2,1.273437226779974,0.32043670651831546,1.6112461812460435,0.2579708432350001,25.00553715802988
180,17,Shrink 0.5,1.6081332401382518,0.36009285407636243,1.2301384406647542,0.25993199320102117,9.348269307300574
180,17,Equal weight,3.0691715827142136,0.4974667664886608,1.0,,
180,17,Oracle,1.0,0.28395759457307596,1.7902126983646487,0.28395759457307596,53.32272967272869
180,18,Sample,1.3743985158948029,0.33289695856010887,2.142215936803362,0.254967807655576,101.97563652619448
180,18,Shrink 0.2,1.240083107619597,0.3162123912278961,1.6831134572156854,0.2904737838376738,33.34071422862533
180,18,Shrink 0.5,1.4953524609767577,0.34723642277231365,1.2881536064293573,0.2925979447526354,11.641357898925575
180,18,Equal weight,3.0691715827142136,0.4974667664886608,1.0,,
180,18,Oracle,1.0,0.28395759457307596,1.7902126983646487,0.28395759457307596,53.32272967272869
180,19,Sample,1.247765015811156,0.31719029515160985,2.08947878813208,0.2484631780917671,91.25255128373891
180,19,Shrink 0.2,1.1920544380729425,0.31002843860014745,1.6540937695369085,0.28295974498875626,31.388528032730715
180,19,Shrink 0.5,1.453565319031354,0.34235034102615913,1.2387190609577714,0.28818705755271673,11.16378304734752
180,19,Equal weight,3.0691715827142136,0.4974667664886608,1.0,,
180,19,Oracle,1.0,0.28395759457307596,1.7902126983646487,0.28395759457307596,53.32272967272869
180,20,Sample,1.3006764600096146,0.3238456954118591,2.033804806659511,0.24710344846041205,91.69229694494054
180,20,Shrink 0.2,1.2511454439730116,0.3176196683713386,1.6768022845006805,0.27728652822501754,31.535184910796133
180,20,Shrink 0.5,1.5194216611424256,0.35001982660129727,1.3065579932131528,0.27913573974910005,11.212675003933049
180,20,Equal weight,3.0691715827142136,0.4974667664886608,1.0,,
180,20,Oracle,1.0,0.28395759457307596,1.7902126983646487,0.28395759457307596,53.32272967272869
180,21,Sample,1.2778608074791256,0.32099277977785734,1.885264925765574,0.25324277906005727,75.46724335270258
180,21,Shrink 0.2,1.2408354243524091,0.3163082943985269,1.5234453634139618,0.2775358627496824,27.564180371138864
180,21,Shrink 0.5,1.555636849016633,0.3541665977800017,1.200554877144846,0.27388759959704057,10.066796369033465
180,21,Equal weight,3.0691715827142136,0.4974667664886608,1.0,,
180,21,Oracle,1.0,0.28395759457307596,1.7902126983646487,0.28395759457307596,53.32272967272869
180,22,Sample,1.169472186738813,0.3070778118964588,1.9670671589472635,0.23050150053686355,86.18318346938531
180,22,Shrink 0.2,1.180785905245964,0.30855960421603185,1.617300593627856,0.26553841534546613,30.05640305156268
180,22,Shrink 0.5,1.4815946931539672,0.3456353832103141,1.2770366732211489,0.2719301722641114,10.761328703751829
180,22,Equal weight,3.0691715827142136,0.4974667664886608,1.0,,
180,22,Oracle,1.0,0.28395759457307596,1.7902126983646487,0.28395759457307596,53.32272967272869
180,23,Sample,1.183242391203975,0.30888039841043025,2.026066087733378,0.23428944134541957,109.99803537624129
180,23,Shrink 0.2,1.1338366549931171,0.30236306218524767,1.7875763381009533,0.27747652316209653,36.125566432534164
180,23,Shrink 0.5,1.366178672439733,0.33189998989989306,1.3658111673227689,0.2919257283365111,12.58027497766591
180,23,Equal weight,3.0691715827142136,0.4974667664886608,1.0,,
180,23,Oracle,1.0,0.28395759457307596,1.7902126983646487,0.28395759457307596,53.32272967272869
180,24,Sample,1.3745479596109316,0.332915056661101,2.2678925783986825,0.25618815567860753,115.50679899889634
180,24,Shrink 0.2,1.2047596327297312,0.31167623734096644,1.794045660478143,0.29677723623336555,36.88670637261323
180,24,Shrink 0.5,1.4071524709437706,0.3368403169973647,1.3085393428096146,0.3035328715701512,12.728476059909866
180,24,Equal weight,3.0691715827142136,0.4974667664886608,1.0,,
180,24,Oracle,1.0,0.28395759457307596,1.7902126983646487,0.28395759457307596,53.32272967272869
180,25,Sample,1.311330937847731,0.32516937954502695,1.953406436686894,0.25154906911522273,78.32695517727286
180,25,Shrink 0.2,1.2788268569649142,0.32111409045701833,1.6207643153093203,0.2804764800808855,29.19778635408439
180,25,Shrink 0.5,1.5480218702414699,0.3532986960884635,1.2827525903417576,0.28103160984853165,10.703198207721053
180,25,Equal weight,3.0691715827142136,0.4974667664886608,1.0,,
180,25,Oracle,1.0,0.28395759457307596,1.7902126983646487,0.28395759457307596,53.32272967272869
180,26,Sample,1.3135787593783315,0.3254479552085826,2.0040204692929136,0.23672271566383504,98.73905778080625
180,26,Shrink 0.2,1.2176552165891148,0.3133398674782675,1.5739270597131516,0.27685450881520773,31.546511544250606
180,26,Shrink 0.5,1.5158006192314117,0.3496024992309901,1.2470734498545535,0.28057376034395554,10.974676627906053
180,26,Equal weight,3.0691715827142136,0.4974667664886608,1.0,,
180,26,Oracle,1.0,0.28395759457307596,1.7902126983646487,0.28395759457307596,53.32272967272869
180,27,Sample,1.2386850208364484,0.31603408985532166,1.9712849625313869,0.2212056768417635,89.08381964759181
180,27,Shrink 0.2,1.207459131644195,0.31202522765223367,1.620844696452826,0.2576172009237055,28.915956678443383
180,27,Shrink 0.5,1.501970443140675,0.34800395669940093,1.2321443168099218,0.2646087101987978,10.155098173003598
180,27,Equal weight,3.0691715827142136,0.4974667664886608,1.0,,
180,27,Oracle,1.0,0.28395759457307596,1.7902126983646487,0.28395759457307596,53.32272967272869
180,28,Sample,1.2595996648954855,0.31869096906484706,2.116841864913499,0.2589748287383846,87.39297471447735
180,28,Shrink 0.2,1.1361114728404555,0.30266622589003916,1.7227134202697711,0.2935245872738763,32.07492892684375
180,28,Shrink 0.5,1.3877252235504172,0.33450701485075185,1.275341401777435,0.2967429889959373,11.638740926853906
180,28,Equal weight,3.0691715827142136,0.4974667664886608,1.0,,
180,28,Oracle,1.0,0.28395759457307596,1.7902126983646487,0.28395759457307596,53.32272967272869
180,29,Sample,1.2781236966888148,0.32102579636231987,2.1860562298128237,0.2474570162815068,97.73713280625623
180,29,Shrink 0.2,1.150696445572275,0.3046027882072511,1.6762442520386278,0.29280201686594004,33.66953999339681
180,29,Shrink 0.5,1.4285363508625362,0.33939007403560506,1.276136791100095,0.29841952770688507,11.937767702097016
180,29,Equal weight,3.0691715827142136,0.4974667664886608,1.0,,
180,29,Oracle,1.0,0.28395759457307596,1.7902126983646487,0.28395759457307596,53.32272967272869
180,30,Sample,1.2431822390305376,0.31660727292366975,2.0329875909107296,0.2691656223631829,86.3385455230705
180,30,Shrink 0.2,1.203513972112473,0.3115150669251335,1.6642553495767178,0.29054159452364986,30.098710460126174
180,30,Shrink 0.5,1.5050101760566514,0.3483559291387329,1.2517845724654628,0.2850990834423342,10.77430795956186
180,30,Equal weight,3.0691715827142136,0.4974667664886608,1.0,,
180,30,Oracle,1.0,0.28395759457307596,1.7902126983646487,0.28395759457307596,53.32272967272869
180,31,Sample,1.2707919718316267,0.3201037189893181,2.1572946851318346,0.249856298897988,81.82528630215458
180,31,Shrink 0.2,1.1983056460367134,0.3108402799079479,1.7403580552380271,0.2831966770830334,29.72246523724522
180,31,Shrink 0.5,1.4978853726822152,0.3475303825888554,1.2679936807752077,0.2859593230203166,10.789840041872843
180,31,Equal weight,3.0691715827142136,0.4974667664886608,1.0,,
180,31,Oracle,1.0,0.28395759457307596,1.7902126983646487,0.28395759457307596,53.32272967272869
180,32,Sample,1.3290414763993956,0.32735784707554155,1.998769805666309,0.23908339550469015,82.50942947353737
180,32,Shrink 0.2,1.2865319184187265,0.3220800101748406,1.5914435782314231,0.26524519329994234,29.45814709035366
180,32,Shrink 0.5,1.5398146680165936,0.35236090336669273,1.2845296628644398,0.2668033608406663,10.63839338413711
180,32,Equal weight,3.0691715827142136,0.4974667664886608,1.0,,
180,32,Oracle,1.0,0.28395759457307596,1.7902126983646487,0.28395759457307596,53.32272967272869
180,33,Sample,1.1623552671940882,0.3061420123139822,1.9144494203604927,0.2617922338365421,100.39845414548472
180,33,Shrink 0.2,1.1838117111163913,0.3089546987460549,1.623189873458761,0.28737608819863814,34.0359100884318
180,33,Shrink 0.5,1.449110192050931,0.34182529247911153,1.3007475371070036,0.28853543694228045,12.00124442851207
180,33,Equal weight,3.0691715827142136,0.4974667664886608,1.0,,
180,33,Oracle,1.0,0.28395759457307596,1.7902126983646487,0.28395759457307596,53.32272967272869
180,34,Sample,1.4064426669929035,0.33675535081522623,2.0228349078786967,0.24466665587531983,94.64898187555963
180,34,Shrink 0.2,1.3191072313731838,0.3261320941524578,1.700936048131969,0.27312208318114767,31.45187626777585
180,34,Shrink 0.5,1.532263284580863,0.35149583740092155,1.3037368220975816,0.2762467453484053,11.068437372004102
180,34,Equal weight,3.0691715827142136,0.4974667664886608,1.0,,
180,34,Oracle,1.0,0.28395759457307596,1.7902126983646487,0.28395759457307596,53.32272967272869
180,35,Sample,1.1432471966106033,0.303615235735459,2.028569428002611,0.24733273952608742,99.33027393856483
180,35,Shrink 0.2,1.143827774449274,0.30369231876018254,1.7282662482162114,0.2807016794510275,34.969773976443854
180,35,Shrink 0.5,1.413231202744469,0.3375670880638126,1.3962005819617995,0.2879330491432401,12.462327471852916
180,35,Equal weight,3.0691715827142136,0.4974667664886608,1.0,,
180,35,Oracle,1.0,0.28395759457307596,1.7902126983646487,0.28395759457307596,53.32272967272869
180,36,Sample,1.3657520263563996,0.3318481610685867,2.0495145191669355,0.24650032632624946,102.80498810290933
180,36,Shrink 0.2,1.2062733945011708,0.3118719840484042,1.6640822947962177,0.2813793258869233,33.88106752510227
180,36,Shrink 0.5,1.4281358460565776,0.3393424949578461,1.3256766772365287,0.2854631947842805,11.848052194403806
180,36,Equal weight,3.0691715827142136,0.4974667664886608,1.0,,
180,36,Oracle,1.0,0.28395759457307596,1.7902126983646487,0.28395759457307596,53.32272967272869
180,37,Sample,1.35221221031273,0.3301991228051205,2.3196088048154095,0.24993854332861704,111.53382985624833
180,37,Shrink 0.2,1.1584723225731257,0.30563023809993795,1.8603552593101003,0.2904897250002188,35.10531687559187
180,37,Shrink 0.5,1.4005501622831151,0.3360491665824369,1.3673732876998956,0.2963786975861885,12.093515081415449
180,37,Equal weight,3.0691715827142136,0.4974667664886608,1.0,,
180,37,Oracle,1.0,0.28395759457307596,1.7902126983646487,0.28395759457307596,53.32272967272869
180,38,Sample,1.251582382749331,0.3176751248474089,2.083578737245228,0.2515247605857873,78.47020884980749
180,38,Shrink 0.2,1.223062675661558,0.3140348489170942,1.6557577184782737,0.2776514000813532,29.3170251415816
180,38,Shrink 0.5,1.5193235084411454,0.35000852100153923,1.2946336924147004,0.27761268643936055,10.75293732573414
180,38,Equal weight,3.0691715827142136,0.4974667664886608,1.0,,
180,38,Oracle,1.0,0.28395759457307596,1.7902126983646487,0.28395759457307596,53.32272967272869
180,39,Sample,1.246177436502785,0.3169884442336949,2.079266078956895,0.2433232285828946,115.7221073937359
180,39,Shrink 0.2,1.1633753756408216,0.30627632132071253,1.723058082468805,0.2824444502185565,36.025176729619716
180,39,Shrink 0.5,1.4054368943132762,0.3366349193487722,1.3710719351367027,0.29083617554026975,12.356742767807784
180,39,Equal weight,3.0691715827142136,0.4974667664886608,1.0,,
180,39,Oracle,1.0,0.28395759457307596,1.7902126983646487,0.28395759457307596,53.32272967272869
180,40,Sample,1.164045413232242,0.3063645074355254,1.8676879809890594,0.26847656689456506,77.2736987865449
180,40,Shrink 0.2,1.1730209073406361,0.307543367183999,1.5680340921194564,0.2929141890579292,29.420560917151217
180,40,Shrink 0.5,1.48273383726843,0.3457682308988758,1.2401666052828166,0.289353551530767,10.86084980158545
180,40,Equal weight,3.0691715827142136,0.4974667664886608,1.0,,
180,40,Oracle,1.0,0.28395759457307596,1.7902126983646487,0.28395759457307596,53.32272967272869
180,41,Sample,1.2315901672598002,0.31512771112120996,2.129830934935574,0.25375309179573635,105.71924038102533
180,41,Shrink 0.2,1.1346446710046172,0.30247078082488327,1.6811397813184714,0.29358059599396447,35.9125473221542
180,41,Shrink 0.5,1.38974544128156,0.33475041002182804,1.2940821817265151,0.2995368031997625,12.638197473945244
180,41,Equal weight,3.0691715827142136,0.4974667664886608,1.0,,
180,41,Oracle,1.0,0.28395759457307596,1.7902126983646487,0.28395759457307596,53.32272967272869
180,42,Sample,1.427562581420514,0.33927438078716254,2.0571655284655326,0.2398442589613949,76.93006198210382
180,42,Shrink 0.2,1.3564027000666763,0.33071036862650793,1.6668011650441295,0.26665098084360717,28.79197643679559
180,42,Shrink 0.5,1.5788952618768697,0.35680435726576826,1.2702812058802264,0.2697409990700058,10.577040636610251
180,42,Equal weight,3.0691715827142136,0.4974667664886608,1.0,,
180,42,Oracle,1.0,0.28395759457307596,1.7902126983646487,0.28395759457307596,53.32272967272869
180,43,Sample,1.2258960225284345,0.31439838504607326,2.0483031308491655,0.24810064012883992,100.5303989935935
180,43,Shrink 0.2,1.1955642275899443,0.3104845145778743,1.6881010206854934,0.2813767337062286,34.241785217483276
180,43,Shrink 0.5,1.4361453187350541,0.34029273869501275,1.3316087584350655,0.28911502644334436,12.087834559798766
180,43,Equal weight,3.0691715827142136,0.4974667664886608,1.0,,
180,43,Oracle,1.0,0.28395759457307596,1.7902126983646487,0.28395759457307596,53.32272967272869
180,44,Sample,1.1631677245604317,0.3062489864430209,1.9951648808090212,0.25597925784263365,101.98660260291268
180,44,Shrink 0.2,1.1355429984234615,0.3025904940895472,1.7235082839828628,0.28933733280310664,34.23772931501394
180,44,Shrink 0.5,1.39766946064836,0.33570338972061453,1.3009725998754864,0.2951197786110657,12.032869239410221
180,44,Equal weight,3.0691715827142136,0.4974667664886608,1.0,,
180,44,Oracle,1.0,0.28395759457307596,1.7902126983646487,0.28395759457307596,53.32272967272869
180,45,Sample,1.2836259468523796,0.32171605322146524,2.0848142926292117,0.2321445412021796,79.03247229175966
180,45,Shrink 0.2,1.2077373049208218,0.3120611676187346,1.643292378571918,0.269931052038899,28.564261878082565
180,45,Shrink 0.5,1.5129131064620929,0.3492693541994318,1.258362349894592,0.27305908696187137,10.374715196998984
180,45,Equal weight,3.0691715827142136,0.4974667664886608,1.0,,
180,45,Oracle,1.0,0.28395759457307596,1.7902126983646487,0.28395759457307596,53.32272967272869
180,46,Sample,1.259920214123666,0.3187315175218425,2.047812015884015,0.24888993609136778,102.37022583521185
180,46,Shrink 0.2,1.169370384703945,0.30706444611195566,1.588426052581218,0.28159339792647914,32.47476029922582
180,46,Shrink 0.5,1.4608764288108809,0.34321023409390994,1.1916819120374247,0.28370063055430184,11.257307928637989
180,46,Equal weight,3.0691715827142136,0.4974667664886608,1.0,,
180,46,Oracle,1.0,0.28395759457307596,1.7902126983646487,0.28395759457307596,53.32272967272869
180,47,Sample,1.453528925178625,0.34234605517614614,2.2202611748691043,0.27138177188879553,111.97628225599372
180,47,Shrink 0.2,1.2315728544162112,0.31512549618961516,1.7705033334392821,0.3115971656472933,36.811856880697604
180,47,Shrink 0.5,1.404029150100798,0.33646628332203815,1.3482413190089886,0.31691547562367794,12.811668064166701
180,47,Equal weight,3.0691715827142136,0.4974667664886608,1.0,,
180,47,Oracle,1.0,0.28395759457307596,1.7902126983646487,0.28395759457307596,53.32272967272869
180,48,Sample,1.2393845718177288,0.31612331784653763,1.920333971128959,0.23837812564264796,110.83115781105302
180,48,Shrink 0.2,1.2027212645483436,0.3114124586332905,1.7060199867026462,0.2717082966101761,34.74481700395874
180,48,Shrink 0.5,1.4391496831335446,0.34064849282641746,1.3414505145441633,0.28034744841867343,11.96225959334273
180,48,Equal weight,3.0691715827142136,0.4974667664886608,1.0,,
180,48,Oracle,1.0,0.28395759457307596,1.7902126983646487,0.28395759457307596,53.32272967272869
180,49,Sample,1.237912861812389,0.31593557142159356,2.0122790704105835,0.23840988179885686,80.33738880835537
180,49,Shrink 0.2,1.2224065272799811,0.31395060094466,1.6218383564534566,0.2734800406514876,29.046157222709255
180,49,Shrink 0.5,1.5345048841223923,0.3517528509835105,1.2673760373182876,0.2780486553008435,10.541179802182814
180,49,Equal weight,3.0691715827142136,0.4974667664886608,1.0,,
180,49,Oracle,1.0,0.28395759457307596,1.7902126983646487,0.28395759457307596,53.32272967272869
180,50,Sample,1.2546637007639991,0.3180659326627934,2.0676996986259453,0.2709611148491277,85.20648334399671
180,50,Shrink 0.2,1.1524274187850478,0.30483180652530956,1.6187638884887185,0.3006495024023791,30.639890475747613
180,50,Shrink 0.5,1.4559584904580285,0.34263205045211065,1.2228576564252691,0.29677799958443896,11.067801127911679
180,50,Equal weight,3.0691715827142136,0.4974667664886608,1.0,,
180,50,Oracle,1.0,0.28395759457307596,1.7902126983646487,0.28395759457307596,53.32272967272869
180,51,Sample,1.3005198328224072,0.3238261961093701,2.1587740431359075,0.27979797635470355,119.40765585336787
180,51,Shrink 0.2,1.1443403703241293,0.3037603595948809,1.7236617490214576,0.31505121682822346,38.147841153785926
180,51,Shrink 0.5,1.369955162550491,0.3323584043274756,1.3338914678844316,0.3153647441297154,13.144520861219569
180,51,Equal weight,3.0691715827142136,0.4974667664886608,1.0,,
180,51,Oracle,1.0,0.28395759457307596,1.7902126983646487,0.28395759457307596,53.32272967272869
180,52,Sample,1.2742582290489788,0.32053998482232704,2.0872987687026052,0.26188036264453624,73.83785305857396
180,52,Shrink 0.2,1.253075670865561,0.31786458064409334,1.6305707007749561,0.28364637173970614,26.30624563258043
180,52,Shrink 0.5,1.6084978997776387,0.36013367901668886,1.1729960417024805,0.2760301452170011,9.556049345673754
180,52,Equal weight,3.0691715827142136,0.4974667664886608,1.0,,
180,52,Oracle,1.0,0.28395759457307596,1.7902126983646487,0.28395759457307596,53.32272967272869
180,53,Sample,1.347961902002759,0.3296797691710937,2.2381596621078996,0.24033560804310086,105.02961914007363
180,53,Shrink 0.2,1.1851020580838114,0.3091230321812474,1.8454150795738538,0.2819639163832108,35.78131468014959
180,53,Shrink 0.5,1.4067449760299093,0.3367915409558524,1.409063018671079,0.2909237655820942,12.605460170601624
180,53,Equal weight,3.0691715827142136,0.4974667664886608,1.0,,
180,53,Oracle,1.0,0.28395759457307596,1.7902126983646487,0.28395759457307596,53.32272967272869
180,54,Sample,1.4035241110783423,0.3364057632513974,2.3313145987202764,0.2386218853138247,129.612449272015
180,54,Shrink 0.2,1.190907994682842,0.30987931975895266,1.873319823951862,0.2860179869918795,36.48009653696885
180,54,Shrink 0.5,1.3975046670521267,0.33568359841758993,1.3303489959674484,0.2960338820394152,12.184009275280477
180,54,Equal weight,3.0691715827142136,0.4974667664886608,1.0,,
180,54,Oracle,1.0,0.28395759457307596,1.7902126983646487,0.28395759457307596,53.32272967272869
180,55,Sample,1.227795558971762,0.3146418722636839,1.9915381721747045,0.2625555533574644,117.76809772606317
180,55,Shrink 0.2,1.1697336293455296,0.30711213453280206,1.6905442514233864,0.29490743331005237,37.144471428973574
180,55,Shrink 0.5,1.4121820690295122,0.3374417657653135,1.3477421800080918,0.29908941038965986,12.768160872761396
180,55,Equal weight,3.0691715827142136,0.4974667664886608,1.0,,
180,55,Oracle,1.0,0.28395759457307596,1.7902126983646487,0.28395759457307596,53.32272967272869
180,56,Sample,1.2858366883130938,0.32199297386602094,2.0216802674470564,0.2612519331939412,92.17728751785883
180,56,Shrink 0.2,1.2299314158546295,0.31491542676301115,1.6039082881721023,0.29339486547022436,31.74494980539782
180,56,Shrink 0.5,1.5355941367696428,0.35187767292406624,1.296894269855529,0.2915546114723107,11.288093671174511
180,56,Equal weight,3.0691715827142136,0.4974667664886608,1.0,,
180,56,Oracle,1.0,0.28395759457307596,1.7902126983646487,0.28395759457307596,53.32272967272869
180,57,Sample,1.3839891449973225,0.3340564260931196,2.046505498877875,0.24687325402276755,94.46107579476764
180,57,Shrink 0.2,1.2794397610518415,0.3211910315070994,1.6888482621636427,0.27757681404522605,32.501967833403576
180,57,Shrink 0.5,1.498313997172327,0.3475801024742798,1.322589989472606,0.2809460172577495,11.539932235406445
180,57,Equal weight,3.0691715827142136,0.4974667664886608,1.0,,
180,57,Oracle,1.0,0.28395759457307596,1.7902126983646487,0.28395759457307596,53.32272967272869
180,58,Sample,1.3033477212189681,0.32417807351044525,2.138537677223682,0.29293592810040675,128.28467614180656
180,58,Shrink 0.2,1.1673722345917712,0.3068019872735664,1.8144777764607327,0.32250454057068484,39.023428114355525
180,58,Shrink 0.5,1.3743692163028838,0.33289341017261154,1.3737498674986806,0.32207193358103803,13.250535566955547
180,58,Equal weight,3.0691715827142136,0.4974667664886608,1.0,,
180,58,Oracle,1.0,0.28395759457307596,1.7902126983646487,0.28395759457307596,53.32272967272869
180,59,Sample,1.248696336284458,0.3173086470490313,2.070442369952585,0.27491718378109203,107.97896644064777
180,59,Shrink 0.2,1.153364251956319,0.30495568353877583,1.645093011974035,0.30507637839133045,34.02257125778528
180,59,Shrink 0.5,1.4493497070444037,0.34185354046893907,1.2326612702003081,0.30144597607003876,11.74271064319727
180,59,Equal weight,3.0691715827142136,0.4974667664886608,1.0,,
180,59,Oracle,1.0,0.28395759457307596,1.7902126983646487,0.28395759457307596,53.32272967272869
180,60,Sample,1.2985319392527648,0.3235786111910096,2.2578733187748554,0.27646721335200936,109.41253767855056
180,60,Shrink 0.2,1.1586260188976414,0.3056505116470087,1.8059484815438986,0.31071310060687246,34.79542885825232
180,60,Shrink 0.5,1.4144254496967217,0.33770968799138823,1.2967213473240817,0.30987246724109796,12.02692347826423
180,60,Equal weight,3.0691715827142136,0.4974667664886608,1.0,,
180,60,Oracle,1.0,0.28395759457307596,1.7902126983646487,0.28395759457307596,53.32272967272869
180,61,Sample,1.3444656412766993,0.32925194001132485,2.3000811152250304,0.23449124590075177,93.60090789072562
180,61,Shrink 0.2,1.1659678293447056,0.3066173829217423,1.7328950056453365,0.2785940776343009,32.11925648301128
180,61,Shrink 0.5,1.4327624638707614,0.3398917209067215,1.3100050623319275,0.28501843915145364,11.401423725385937
180,61,Equal weight,3.0691715827142136,0.4974667664886608,1.0,,
180,61,Oracle,1.0,0.28395759457307596,1.7902126983646487,0.28395759457307596,53.32272967272869
180,62,Sample,1.3703012091844446,0.33240037805342404,2.109526058584804,0.24557407282071667,101.12143830215429
180,62,Shrink 0.2,1.2666843911339536,0.3195859646652267,1.7342483328663314,0.2810346188522745,32.183256372937606
180,62,Shrink 0.5,1.5324998318231036,0.35152296790882226,1.2931922317721773,0.28528410956232525,11.171868535589667
180,62,Equal weight,3.0691715827142136,0.4974667664886608,1.0,,
180,62,Oracle,1.0,0.28395759457307596,1.7902126983646487,0.28395759457307596,53.32272967272869
180,63,Sample,1.3016613469480118,0.32396828202341044,2.191990249611399,0.23290578037927892,100.15389486471818
180,63,Shrink 0.2,1.2010360328380751,0.3111942093470636,1.7946571658172177,0.2710801697062673,33.39396961134026
180,63,Shrink 0.5,1.4244104026349085,0.3388996005382437,1.3895596797295782,0.28052345766949816,11.72687734278847
180,63,Equal weight,3.0691715827142136,0.4974667664886608,1.0,,
180,63,Oracle,1.0,0.28395759457307596,1.7902126983646487,0.28395759457307596,53.32272967272869
180,64,Sample,1.324656106362198,0.3268173178636486,2.384654472652063,0.2549906577712648,89.92142549837857
180,64,Shrink 0.2,1.1367262827809401,0.30274810915627465,1.8125455196263351,0.2971247735277874,32.32373577239484
180,64,Shrink 0.5,1.4021738577760527,0.33624390557831707,1.3164004787478074,0.30140030274797547,11.642709110401524
180,64,Equal weight,3.0691715827142136,0.4974667664886608,1.0,,
180,64,Oracle,1.0,0.28395759457307596,1.7902126983646487,0.28395759457307596,53.32272967272869
180,65,Sample,1.351141765246367,0.3300683999796342,2.1203725499265804,0.2613287974814591,86.25134775922825
180,65,Shrink 0.2,1.253179146205475,0.3178777045388859,1.699874366478913,0.29174777361284565,30.933245280439227
180,65,Shrink 0.5,1.5171541013474223,0.3497585471781707,1.2619250800162392,0.2904435913423677,11.158407862984065
180,65,Equal weight,3.0691715827142136,0.4974667664886608,1.0,,
180,65,Oracle,1.0,0.28395759457307596,1.7902126983646487,0.28395759457307596,53.32272967272869
180,66,Sample,1.2446619908882053,0.316795644690603,2.0133724513980495,0.2545182467583694,84.5824244855517
180,66,Shrink 0.2,1.2378637476552872,0.31592930399208424,1.681888594591591,0.28517938576652785,30.65344890428753
180,66,Shrink 0.5,1.5256003003112633,0.35073077213935205,1.2769819972753966,0.2870054177325049,11.101127713632586
180,66,Equal weight,3.0691715827142136,0.4974667664886608,1.0,,
180,66,Oracle,1.0,0.28395759457307596,1.7902126983646487,0.28395759457307596,53.32272967272869
180,67,Sample,1.2692239174797655,0.3199061670002143,2.0361084559996647,0.26072189561312825,95.6760224231898
180,67,Shrink 0.2,1.1979625947981232,0.31079578300672583,1.7330154546889145,0.29064643117085676,33.117493507565996
180,67,Shrink 0.5,1.4278004332979215,0.339302643536706,1.303488824952815,0.29382352935846673,11.769396868099717
180,67,Equal weight,3.0691715827142136,0.4974667664886608,1.0,,
180,67,Oracle,1.0,0.28395759457307596,1.7902126983646487,0.28395759457307596,53.32272967272869
180,68,Sample,1.2710500669312843,0.3201362235253345,1.866798201368133,0.28735463580113857,97.48947493957951
180,68,Shrink 0.2,1.175170555528881,0.3078250362624443,1.5789933902913496,0.3164904636777156,34.09576494484266
180,68,Shrink 0.5,1.4791974110880588,0.34535564376731276,1.2652253084239669,0.3093975232090143,12.13958992447292
180,68,Equal weight,3.0691715827142136,0.4974667664886608,1.0,,
180,68,Oracle,1.0,0.28395759457307596,1.7902126983646487,0.28395759457307596,53.32272967272869
180,69,Sample,1.28974050370271,0.3224813906751343,2.074877641352453,0.22658596240185228,93.67029894220414
180,69,Shrink 0.2,1.1874390488820892,0.3094276734061391,1.6430467415728542,0.26932748838359016,30.921446174684462
180,69,Shrink 0.5,1.4660716371283515,0.3438199592591119,1.2534375426777058,0.2767258733248519,10.870640690583803
180,69,Equal weight,3.0691715827142136,0.4974667664886608,1.0,,
180,69,Oracle,1.0,0.28395759457307596,1.7902126983646487,0.28395759457307596,53.32272967272869
180,70,Sample,1.248396968312871,0.3172706082811542,1.999202221130983,0.2386531606570281,100.99620728512505
180,70,Shrink 0.2,1.2138780955357062,0.31285350572692505,1.7599789070387668,0.27017478678598444,32.313779599306145
180,70,Shrink 0.5,1.4783560394737387,0.345257410169589,1.3785900417239074,0.2757467690480365,11.23141904501167
180,70,Equal weight,3.0691715827142136,0.4974667664886608,1.0,,
180,70,Oracle,1.0,0.28395759457307596,1.7902126983646487,0.28395759457307596,53.32272967272869
180,71,Sample,1.2559704168899581,0.31823152035102364,2.0069278344579082,0.2657523927565173,78.38193540709827
180,71,Shrink 0.2,1.2383603001843813,0.3159926630516883,1.6514030052066404,0.28795042440548807,28.606731562603485
180,71,Shrink 0.5,1.5374886347726435,0.352094665829204,1.266864513727466,0.2829698338314588,10.42298722476306
180,71,Equal weight,3.0691715827142136,0.4974667664886608,1.0,,
180,71,Oracle,1.0,0.28395759457307596,1.7902126983646487,0.28395759457307596,53.32272967272869
180,72,Sample,1.2159174410300684,0.31311619629018855,2.061067583972923,0.2307597162833412,105.60440924125429
180,72,Shrink 0.2,1.123062773967195,0.30092308437436516,1.765688792488904,0.27450056721572574,34.29735900641494
180,72,Shrink 0.5,1.3618985366155572,0.3313796731022866,1.3243829431651626,0.2866041745678347,11.934917024407618
180,72,Equal weight,3.0691715827142136,0.4974667664886608,1.0,,
180,72,Oracle,1.0,0.28395759457307596,1.7902126983646487,0.28395759457307596,53.32272967272869
180,73,Sample,1.2784769415673782,0.3210701554820478,2.080794184986334,0.25888116989045573,101.8666427004763
180,73,Shrink 0.2,1.2340376323915825,0.31544067289781497,1.7494337007937062,0.28761487383068934,34.62507169155405
180,73,Shrink 0.5,1.4620073901761028,0.34334305929791065,1.3136052241475713,0.2910309242099592,12.208674761836637
180,73,Equal weight,3.0691715827142136,0.4974667664886608,1.0,,
180,73,Oracle,1.0,0.28395759457307596,1.7902126983646487,0.28395759457307596,53.32272967272869
180,74,Sample,1.2279543757387004,0.3146622212495975,1.967998939810169,0.23765953760127617,105.84400909007809
180,74,Shrink 0.2,1.150848849278254,0.30462295905984543,1.6639803618829339,0.27882740113659155,35.91673504624433
180,74,Shrink 0.5,1.3788616668443032,0.33343703667838837,1.352408105936508,0.2906693848875527,12.635441604939652
180,74,Equal weight,3.0691715827142136,0.4974667664886608,1.0,,
180,74,Oracle,1.0,0.28395759457307596,1.7902126983646487,0.28395759457307596,53.32272967272869
180,75,Sample,1.324885293822299,0.32684558904704414,2.192997440339718,0.23895343392045307,95.01922445148855
180,75,Shrink 0.2,1.136942392118478,0.3027768863495794,1.6809770082108653,0.28463518326799647,33.9851334876834
180,75,Shrink 0.5,1.3694210012512857,0.3322936028249061,1.288398787865059,0.29401596665034724,12.190891716002161
180,75,Equal weight,3.0691715827142136,0.4974667664886608,1.0,,
180,75,Oracle,1.0,0.28395759457307596,1.7902126983646487,0.28395759457307596,53.32272967272869
180,76,Sample,1.2572013275387068,0.31838742316297813,1.914280688549458,0.2550728593966298,92.53551975488418
180,76,Shrink 0.2,1.205474881225984,0.3117687424668243,1.6363582127600758,0.2843434677090151,31.61077516955915
180,76,Shrink 0.5,1.4722457457485663,0.3445431679624303,1.2938932565113241,0.2870131212781988,11.214632106162343
180,76,Equal weight,3.0691715827142136,0.4974667664886608,1.0,,
180,76,Oracle,1.0,0.28395759457307596,1.7902126983646487,0.28395759457307596,53.32272967272869
180,77,Sample,1.2336936522474948,0.3153967062927404,1.8966973002072984,0.25719519056182993,91.9556542811054
180,77,Shrink 0.2,1.2121503689048996,0.3126307824541557,1.622671296249461,0.2883704077481997,31.93222222465045
180,77,Shrink 0.5,1.4864154845228945,0.346197238246233,1.2827887337109103,0.28939307559838723,11.380779058741043
180,77,Equal weight,3.0691715827142136,0.4974667664886608,1.0,,
180,77,Oracle,1.0,0.28395759457307596,1.7902126983646487,0.28395759457307596,53.32272967272869
180,78,Sample,1.256371477680488,0.3182823256869641,2.034053959589764,0.2658560831977442,102.78727457641315
180,78,Shrink 0.2,1.1881306732271872,0.3095177734239164,1.6830458080048412,0.29575330692253105,33.726382324973635
180,78,Shrink 0.5,1.4598461975011496,0.343089194325424,1.2951005035657406,0.29401705275144946,11.781402040093585
180,78,Equal weight,3.0691715827142136,0.4974667664886608,1.0,,
180,78,Oracle,1.0,0.28395759457307596,1.7902126983646487,0.28395759457307596,53.32272967272869
180,79,Sample,1.241297024540966,0.3163671234700454,2.1864388987623062,0.260756905334312,108.31282462954752
180,79,Shrink 0.2,1.1747231448571505,0.3077664331445054,1.9084901211112495,0.29762753273830833,36.57781303346383
180,79,Shrink 0.5,1.371563822072614,0.33255348175261545,1.4210245739016978,0.3064257058546753,12.83796648549947
180,79,Equal weight,3.0691715827142136,0.4974667664886608,1.0,,
180,79,Oracle,1.0,0.28395759457307596,1.7902126983646487,0.28395759457307596,53.32272967272869
180,80,Sample,1.188936156432751,0.3096226731347031,2.0657543932855953,0.2509425674953577,101.34115341599798
180,80,Shrink 0.2,1.175035304644215,0.30780732189483295,1.727192247583465,0.2813196396707048,33.15038474752807
180,80,Shrink 0.5,1.437255892998153,0.34042428782140144,1.2720254911649107,0.2862010260474194,11.580073095023836
180,80,Equal weight,3.0691715827142136,0.4974667664886608,1.0,,
180,80,Oracle,1.0,0.28395759457307596,1.7902126983646487,0.28395759457307596,53.32272967272869
180,81,Sample,1.2742893100676582,0.3205438940176056,2.098579794817213,0.25175853483705907,81.33010351670235
180,81,Shrink 0.2,1.1930507706895823,0.31015797418124824,1.7099308639169162,0.28651034606522496,30.3504031527349
180,81,Shrink 0.5,1.455578184412016,0.3425872986437844,1.2956671646467375,0.2895686785390502,11.107296106539607
180,81,Equal weight,3.0691715827142136,0.4974667664886608,1.0,,
180,81,Oracle,1.0,0.28395759457307596,1.7902126983646487,0.28395759457307596,53.32272967272869
180,82,Sample,1.320353247040234,0.3262860883737835,2.220056438821983,0.26320403038265344,101.32734240532714
180,82,Shrink 0.2,1.159811840607008,0.30580688407222706,1.7689354643232211,0.3017910750833626,35.42017589497501
180,82,Shrink 0.5,1.3983122820373752,0.3357805798283182,1.353001087917794,0.3052386606034167,12.586304949991465
180,82,Equal weight,3.0691715827142136,0.4974667664886608,1.0,,
180,82,Oracle,1.0,0.28395759457307596,1.7902126983646487,0.28395759457307596,53.32272967272869
180,83,Sample,1.3501169561016555,0.3299432016889266,2.2496523438526213,0.23772337359181697,119.18426258800073
180,83,Shrink 0.2,1.1862117646304606,0.30926772671820313,1.8469975634310076,0.28571152229027585,37.57667724406664
180,83,Shrink 0.5,1.3733464415334578,0.33276952121183,1.3940272964177203,0.3003063120575982,12.908275615289968
180,83,Equal weight,3.0691715827142136,0.4974667664886608,1.0,,
180,83,Oracle,1.0,0.28395759457307596,1.7902126983646487,0.28395759457307596,53.32272967272869
180,84,Sample,1.1672624250862924,0.30678755718614303,1.8820662307585065,0.2368809375860857,96.24189097523153
180,84,Shrink 0.2,1.2033455582108166,0.3114932702096152,1.6191106024370119,0.2669364341387075,32.204002338221336
180,84,Shrink 0.5,1.4761925594091778,0.34500468654096017,1.3069223708946114,0.27293325217622105,11.34233762830644
180,84,Equal weight,3.0691715827142136,0.4974667664886608,1.0,,
180,84,Oracle,1.0,0.28395759457307596,1.7902126983646487,0.28395759457307596,53.32272967272869
180,85,Sample,1.3246135614086259,0.32681206950552955,2.213448562501419,0.2559337505666182,105.18231883063113
180,85,Shrink 0.2,1.196246954654494,0.31057315303104893,1.816863308276656,0.29707417201818676,36.33287812245527
180,85,Shrink 0.5,1.3818885524302342,0.3338028175610647,1.3715536209964536,0.3075426964805497,12.846469863551945
180,85,Equal weight,3.0691715827142136,0.4974667664886608,1.0,,
180,85,Oracle,1.0,0.28395759457307596,1.7902126983646487,0.28395759457307596,53.32272967272869
180,86,Sample,1.250227749936521,0.3175031626744834,2.0141105701994104,0.23864419644801102,82.55496034191664
180,86,Shrink 0.2,1.230181970583459,0.31494750153169415,1.6027602232610738,0.2701077756669532,29.429107099800195
180,86,Shrink 0.5,1.5354282236909849,0.35185866312074066,1.2873296069895939,0.272670003726825,10.623170427235678
180,86,Equal weight,3.0691715827142136,0.4974667664886608,1.0,,
180,86,Oracle,1.0,0.28395759457307596,1.7902126983646487,0.28395759457307596,53.32272967272869
180,87,Sample,1.1363709591891153,0.3027007881982847,1.8827775993101137,0.25285041035295897,102.83841974291295
180,87,Shrink 0.2,1.1482557392416752,0.3042795749914605,1.6593913448104256,0.27951836092866256,33.45194155656409
180,87,Shrink 0.5,1.4183775292720129,0.3381811601932714,1.3062318408996785,0.2834141519649908,11.66089458313056
180,87,Equal weight,3.0691715827142136,0.4974667664886608,1.0,,
180,87,Oracle,1.0,0.28395759457307596,1.7902126983646487,0.28395759457307596,53.32272967272869
180,88,Sample,1.1809620702926065,0.3085826208312969,1.8944091496993605,0.23850935261931297,73.51567729167142
180,88,Shrink 0.2,1.2421360534701176,0.3164740262998554,1.5731863319724089,0.2696192696007422,26.207722668010742
180,88,Shrink 0.5,1.6180255206063858,0.3611986947371556,1.1988506388780233,0.26932272365255644,9.524337779966174
180,88,Equal weight,3.0691715827142136,0.4974667664886608,1.0,,
180,88,Oracle,1.0,0.28395759457307596,1.7902126983646487,0.28395759457307596,53.32272967272869
180,89,Sample,1.3322785071285128,0.3277562631441322,2.0553022554459237,0.23306089215030462,103.97150448999669
180,89,Shrink 0.2,1.2240372357403124,0.3141599385350038,1.6725608562978365,0.26997167726751803,33.06837045511663
180,89,Shrink 0.5,1.477916342118265,0.34520606257276654,1.242634206408145,0.2767912682681165,11.460336001715042
180,89,Equal weight,3.0691715827142136,0.4974667664886608,1.0,,
180,89,Oracle,1.0,0.28395759457307596,1.7902126983646487,0.28395759457307596,53.32272967272869
180,90,Sample,1.3109993513864475,0.32512826536947753,2.0730443003454284,0.23815837587383326,99.4139398709498
180,90,Shrink 0.2,1.2273740724301812,0.3145878613589288,1.74879346322904,0.2719024189837486,32.417350193511396
180,90,Shrink 0.5,1.4545645208919669,0.3424679891037052,1.3199882245304981,0.27842112958247445,11.326876791789417
180,90,Equal weight,3.0691715827142136,0.4974667664886608,1.0,,
180,90,Oracle,1.0,0.28395759457307596,1.7902126983646487,0.28395759457307596,53.32272967272869
180,91,Sample,1.2635533300053061,0.31919073507012047,2.0863290147605786,0.2518835198121258,71.99040727190354
180,91,Shrink 0.2,1.251484572578863,0.3176627115753674,1.6668000778956589,0.2792250786020429,27.5302074440702
180,91,Shrink 0.5,1.5444724581771405,0.3528934297548014,1.2291622884240239,0.27907853204996336,10.215545107710517
180,91,Equal weight,3.0691715827142136,0.4974667664886608,1.0,,
180,91,Oracle,1.0,0.28395759457307596,1.7902126983646487,0.28395759457307596,53.32272967272869
180,92,Sample,1.4342427383645515,0.3400672570372749,2.3127509773018176,0.24785182099394223,94.89861752885086
180,92,Shrink 0.2,1.2283891318389515,0.3147179192529018,1.8573174057300177,0.2910195940082756,32.354935823783734
180,92,Shrink 0.5,1.4663520130508527,0.3438528342658137,1.3112237563602638,0.29598123643263957,11.45781499152923
180,92,Equal weight,3.0691715827142136,0.4974667664886608,1.0,,
180,92,Oracle,1.0,0.28395759457307596,1.7902126983646487,0.28395759457307596,53.32272967272869
180,93,Sample,1.1839311856377581,0.3089702887605516,1.853242450483696,0.2733788282177531,80.1086088627256
180,93,Shrink 0.2,1.2397803804098126,0.316173792227092,1.6267470751661128,0.28773579039132247,29.347872404296464
180,93,Shrink 0.5,1.5208106795069485,0.350179779863744,1.2842205877790835,0.28202328117950876,10.691658325937556
180,93,Equal weight,3.0691715827142136,0.4974667664886608,1.0,,
180,93,Oracle,1.0,0.28395759457307596,1.7902126983646487,0.28395759457307596,53.32272967272869
180,94,Sample,1.3136091878952272,0.3254517246214117,2.0874170705758113,0.2594896051057897,102.77808290631468
180,94,Shrink 0.2,1.175095099755757,0.3078151536335588,1.637512819501267,0.29646411755011076,34.23112020525988
180,94,Shrink 0.5,1.4278450280009871,0.33930794224027083,1.2363536857138633,0.2994381386521863,12.001922543083262
180,94,Equal weight,3.0691715827142136,0.4974667664886608,1.0,,
180,94,Oracle,1.0,0.28395759457307596,1.7902126983646487,0.28395759457307596,53.32272967272869
180,95,Sample,1.2542390790647777,0.3180121058382446,2.1317887153117514,0.2317618435416304,92.60575662114927
180,95,Shrink 0.2,1.1695467606740457,0.3070876024823573,1.6730962859641112,0.27075231458369775,31.53876513052794
180,95,Shrink 0.5,1.4381634407587243,0.34053175043315015,1.2381862406092288,0.2782024972301287,11.179978761548991
180,95,Equal weight,3.0691715827142136,0.4974667664886608,1.0,,
180,95,Oracle,1.0,0.28395759457307596,1.7902126983646487,0.28395759457307596,53.32272967272869
180,96,Sample,1.4156466987486216,0.33785544988000005,2.1111495148388366,0.2607369013480122,87.32842063087621
180,96,Shrink 0.2,1.2929893275050741,0.32288729646445724,1.7069215830429805,0.29483872065662925,31.355390285754627
180,96,Shrink 0.5,1.5315221495118025,0.3514108202231412,1.262696345514415,0.2959897612749044,11.307014939218353
180,96,Equal weight,3.0691715827142136,0.4974667664886608,1.0,,
180,96,Oracle,1.0,0.28395759457307596,1.7902126983646487,0.28395759457307596,53.32272967272869
180,97,Sample,1.235055301218474,0.31557071268591963,2.0221334681456047,0.2655590368780674,80.70986824708542
180,97,Shrink 0.2,1.247256869983272,0.31712570152370456,1.6119909557752425,0.28604101001811294,29.41645975667406
180,97,Shrink 0.5,1.5715362672955857,0.35597188025808896,1.2105140260548999,0.27957341470976776,10.696782201665139
180,97,Equal weight,3.0691715827142136,0.4974667664886608,1.0,,
180,97,Oracle,1.0,0.28395759457307596,1.7902126983646487,0.28395759457307596,53.32272967272869
180,98,Sample,1.42780327060395,0.3393029806653884,2.3103556193969226,0.2541080562922586,109.64319589127759
180,98,Shrink 0.2,1.2302464392264079,0.31495575395796177,1.8682132579512647,0.2945814043463127,34.921744983885056
180,98,Shrink 0.5,1.4348082344381476,0.34013429162683184,1.374260975894245,0.2989563446283053,12.073567293206505
180,98,Equal weight,3.0691715827142136,0.4974667664886608,1.0,,
180,98,Oracle,1.0,0.28395759457307596,1.7902126983646487,0.28395759457307596,53.32272967272869
180,99,Sample,1.247809105936122,0.31719589910589435,1.9575749051236642,0.2669074900686197,86.46283257733135
180,99,Shrink 0.2,1.2151487951790725,0.3130172119739055,1.6301308811729482,0.29051270549785185,31.698655913760984
180,99,Shrink 0.5,1.4817144026592937,0.3456493462074832,1.2711441689894731,0.2879855249324963,11.504655690794616
180,99,Equal weight,3.0691715827142136,0.4974667664886608,1.0,,
180,99,Oracle,1.0,0.28395759457307596,1.7902126983646487,0.28395759457307596,53.32272967272869
